model,variant_label,grid_label,season,metric,comparison,value,units
MPI-ESM1-2-LR,r2i1p1f1,gn,ANN,cdd,G6solar - G6sulfur,-2.883453,days
MPI-ESM1-2-LR,r2i1p1f1,gn,ANN,cdd,G6solar - SSP5-8.5,-2.060827,days
MPI-ESM1-2-LR,r2i1p1f1,gn,ANN,cdd,G6sulfur - SSP5-8.5,0.822626,days
MPI-ESM1-2-LR,r2i1p1f1,gn,DJF,cdd,G6solar - G6sulfur,-1.735572,days
MPI-ESM1-2-LR,r2i1p1f1,gn,DJF,cdd,G6solar - SSP5-8.5,-1.008728,days
MPI-ESM1-2-LR,r2i1p1f1,gn,DJF,cdd,G6sulfur - SSP5-8.5,0.726843,days
MPI-ESM1-2-LR,r2i1p1f1,gn,JJA,cdd,G6solar - G6sulfur,-0.251697,days
MPI-ESM1-2-LR,r2i1p1f1,gn,JJA,cdd,G6solar - SSP5-8.5,-2.464128,days
MPI-ESM1-2-LR,r2i1p1f1,gn,JJA,cdd,G6sulfur - SSP5-8.5,-2.212431,days
MPI-ESM1-2-LR,r2i1p1f1,gn,MAM,cdd,G6solar - G6sulfur,-0.570690,days
MPI-ESM1-2-LR,r2i1p1f1,gn,MAM,cdd,G6solar - SSP5-8.5,-1.503520,days
MPI-ESM1-2-LR,r2i1p1f1,gn,MAM,cdd,G6sulfur - SSP5-8.5,-0.932831,days
MPI-ESM1-2-LR,r2i1p1f1,gn,SON,cdd,G6solar - G6sulfur,-1.070213,days
MPI-ESM1-2-LR,r2i1p1f1,gn,SON,cdd,G6solar - SSP5-8.5,1.302566,days
MPI-ESM1-2-LR,r2i1p1f1,gn,SON,cdd,G6sulfur - SSP5-8.5,2.372779,days
MPI-ESM1-2-LR,r2i1p1f1,gn,ANN,hwd_tx90_3d,G6solar - G6sulfur,-10.684315,days
MPI-ESM1-2-LR,r2i1p1f1,gn,ANN,hwd_tx90_3d,G6solar - SSP5-8.5,-68.727473,days
MPI-ESM1-2-LR,r2i1p1f1,gn,ANN,hwd_tx90_3d,G6sulfur - SSP5-8.5,-58.043159,days
MPI-ESM1-2-LR,r2i1p1f1,gn,DJF,hwd_tx90_3d,G6solar - G6sulfur,-5.516105,days
MPI-ESM1-2-LR,r2i1p1f1,gn,DJF,hwd_tx90_3d,G6solar - SSP5-8.5,-4.527128,days
MPI-ESM1-2-LR,r2i1p1f1,gn,DJF,hwd_tx90_3d,G6sulfur - SSP5-8.5,0.988977,days
MPI-ESM1-2-LR,r2i1p1f1,gn,JJA,hwd_tx90_3d,G6solar - G6sulfur,-6.765463,days
MPI-ESM1-2-LR,r2i1p1f1,gn,JJA,hwd_tx90_3d,G6solar - SSP5-8.5,-37.831157,days
MPI-ESM1-2-LR,r2i1p1f1,gn,JJA,hwd_tx90_3d,G6sulfur - SSP5-8.5,-31.065693,days
MPI-ESM1-2-LR,r2i1p1f1,gn,MAM,hwd_tx90_3d,G6solar - G6sulfur,-4.951283,days
MPI-ESM1-2-LR,r2i1p1f1,gn,MAM,hwd_tx90_3d,G6solar - SSP5-8.5,-15.440379,days
MPI-ESM1-2-LR,r2i1p1f1,gn,MAM,hwd_tx90_3d,G6sulfur - SSP5-8.5,-10.489097,days
MPI-ESM1-2-LR,r2i1p1f1,gn,SON,hwd_tx90_3d,G6solar - G6sulfur,-4.525369,days
MPI-ESM1-2-LR,r2i1p1f1,gn,SON,hwd_tx90_3d,G6solar - SSP5-8.5,-21.020611,days
MPI-ESM1-2-LR,r2i1p1f1,gn,SON,hwd_tx90_3d,G6sulfur - SSP5-8.5,-16.495242,days
MPI-ESM1-2-LR,r2i1p1f1,gn,ANN,hwf_tx90_3d,G6solar - G6sulfur,-46.689121,days
MPI-ESM1-2-LR,r2i1p1f1,gn,ANN,hwf_tx90_3d,G6solar - SSP5-8.5,-100.827737,days
MPI-ESM1-2-LR,r2i1p1f1,gn,ANN,hwf_tx90_3d,G6sulfur - SSP5-8.5,-54.138617,days
MPI-ESM1-2-LR,r2i1p1f1,gn,DJF,hwf_tx90_3d,G6solar - G6sulfur,-16.263677,days
MPI-ESM1-2-LR,r2i1p1f1,gn,DJF,hwf_tx90_3d,G6solar - SSP5-8.5,-13.831589,days
MPI-ESM1-2-LR,r2i1p1f1,gn,DJF,hwf_tx90_3d,G6sulfur - SSP5-8.5,2.432088,days
MPI-ESM1-2-LR,r2i1p1f1,gn,JJA,hwf_tx90_3d,G6solar - G6sulfur,-9.716280,days
MPI-ESM1-2-LR,r2i1p1f1,gn,JJA,hwf_tx90_3d,G6solar - SSP5-8.5,-32.487186,days
MPI-ESM1-2-LR,r2i1p1f1,gn,JJA,hwf_tx90_3d,G6sulfur - SSP5-8.5,-22.770905,days
MPI-ESM1-2-LR,r2i1p1f1,gn,MAM,hwf_tx90_3d,G6solar - G6sulfur,-11.353946,days
MPI-ESM1-2-LR,r2i1p1f1,gn,MAM,hwf_tx90_3d,G6solar - SSP5-8.5,-26.345669,days
MPI-ESM1-2-LR,r2i1p1f1,gn,MAM,hwf_tx90_3d,G6sulfur - SSP5-8.5,-14.991723,days
MPI-ESM1-2-LR,r2i1p1f1,gn,SON,hwf_tx90_3d,G6solar - G6sulfur,-9.018378,days
MPI-ESM1-2-LR,r2i1p1f1,gn,SON,hwf_tx90_3d,G6solar - SSP5-8.5,-27.621741,days
MPI-ESM1-2-LR,r2i1p1f1,gn,SON,hwf_tx90_3d,G6sulfur - SSP5-8.5,-18.603363,days
MPI-ESM1-2-LR,r2i1p1f1,gn,ANN,hwn_tx90_3d,G6solar - G6sulfur,-1.805366,events
MPI-ESM1-2-LR,r2i1p1f1,gn,ANN,hwn_tx90_3d,G6solar - SSP5-8.5,0.834345,events
MPI-ESM1-2-LR,r2i1p1f1,gn,ANN,hwn_tx90_3d,G6sulfur - SSP5-8.5,2.639711,events
MPI-ESM1-2-LR,r2i1p1f1,gn,DJF,hwn_tx90_3d,G6solar - G6sulfur,-1.422882,events
MPI-ESM1-2-LR,r2i1p1f1,gn,DJF,hwn_tx90_3d,G6solar - SSP5-8.5,-1.302603,events
MPI-ESM1-2-LR,r2i1p1f1,gn,DJF,hwn_tx90_3d,G6sulfur - SSP5-8.5,0.120279,events
MPI-ESM1-2-LR,r2i1p1f1,gn,JJA,hwn_tx90_3d,G6solar - G6sulfur,0.267194,events
MPI-ESM1-2-LR,r2i1p1f1,gn,JJA,hwn_tx90_3d,G6solar - SSP5-8.5,2.040202,events
MPI-ESM1-2-LR,r2i1p1f1,gn,JJA,hwn_tx90_3d,G6sulfur - SSP5-8.5,1.773008,events
MPI-ESM1-2-LR,r2i1p1f1,gn,MAM,hwn_tx90_3d,G6solar - G6sulfur,-0.610374,events
MPI-ESM1-2-LR,r2i1p1f1,gn,MAM,hwn_tx90_3d,G6solar - SSP5-8.5,-0.684974,events
MPI-ESM1-2-LR,r2i1p1f1,gn,MAM,hwn_tx90_3d,G6sulfur - SSP5-8.5,-0.074600,events
MPI-ESM1-2-LR,r2i1p1f1,gn,SON,hwn_tx90_3d,G6solar - G6sulfur,-0.315401,events
MPI-ESM1-2-LR,r2i1p1f1,gn,SON,hwn_tx90_3d,G6solar - SSP5-8.5,-0.089432,events
MPI-ESM1-2-LR,r2i1p1f1,gn,SON,hwn_tx90_3d,G6sulfur - SSP5-8.5,0.225968,events
MPI-ESM1-2-LR,r2i1p1f1,gn,ANN,r95ptot,G6solar - G6sulfur,29.347159,mm
MPI-ESM1-2-LR,r2i1p1f1,gn,ANN,r95ptot,G6solar - SSP5-8.5,-25.821348,mm
MPI-ESM1-2-LR,r2i1p1f1,gn,ANN,r95ptot,G6sulfur - SSP5-8.5,-55.168508,mm
MPI-ESM1-2-LR,r2i1p1f1,gn,DJF,r95ptot,G6solar - G6sulfur,18.121822,mm
MPI-ESM1-2-LR,r2i1p1f1,gn,DJF,r95ptot,G6solar - SSP5-8.5,-13.980657,mm
MPI-ESM1-2-LR,r2i1p1f1,gn,DJF,r95ptot,G6sulfur - SSP5-8.5,-32.102479,mm
MPI-ESM1-2-LR,r2i1p1f1,gn,JJA,r95ptot,G6solar - G6sulfur,0.004169,mm
MPI-ESM1-2-LR,r2i1p1f1,gn,JJA,r95ptot,G6solar - SSP5-8.5,-3.009148,mm
MPI-ESM1-2-LR,r2i1p1f1,gn,JJA,r95ptot,G6sulfur - SSP5-8.5,-3.013317,mm
MPI-ESM1-2-LR,r2i1p1f1,gn,MAM,r95ptot,G6solar - G6sulfur,6.156403,mm
MPI-ESM1-2-LR,r2i1p1f1,gn,MAM,r95ptot,G6solar - SSP5-8.5,-3.070790,mm
MPI-ESM1-2-LR,r2i1p1f1,gn,MAM,r95ptot,G6sulfur - SSP5-8.5,-9.227193,mm
MPI-ESM1-2-LR,r2i1p1f1,gn,SON,r95ptot,G6solar - G6sulfur,3.698531,mm
MPI-ESM1-2-LR,r2i1p1f1,gn,SON,r95ptot,G6solar - SSP5-8.5,-8.196695,mm
MPI-ESM1-2-LR,r2i1p1f1,gn,SON,r95ptot,G6sulfur - SSP5-8.5,-11.895226,mm
MPI-ESM1-2-LR,r2i1p1f1,gn,ANN,rx1day,G6solar - G6sulfur,3.209164,mm
MPI-ESM1-2-LR,r2i1p1f1,gn,ANN,rx1day,G6solar - SSP5-8.5,-2.099807,mm
MPI-ESM1-2-LR,r2i1p1f1,gn,ANN,rx1day,G6sulfur - SSP5-8.5,-5.308971,mm
MPI-ESM1-2-LR,r2i1p1f1,gn,DJF,rx1day,G6solar - G6sulfur,4.540052,mm
MPI-ESM1-2-LR,r2i1p1f1,gn,DJF,rx1day,G6solar - SSP5-8.5,-2.395833,mm
MPI-ESM1-2-LR,r2i1p1f1,gn,DJF,rx1day,G6sulfur - SSP5-8.5,-6.935885,mm
MPI-ESM1-2-LR,r2i1p1f1,gn,JJA,rx1day,G6solar - G6sulfur,0.060720,mm
MPI-ESM1-2-LR,r2i1p1f1,gn,JJA,rx1day,G6solar - SSP5-8.5,-0.273888,mm
MPI-ESM1-2-LR,r2i1p1f1,gn,JJA,rx1day,G6sulfur - SSP5-8.5,-0.334608,mm
MPI-ESM1-2-LR,r2i1p1f1,gn,MAM,rx1day,G6solar - G6sulfur,1.615745,mm
MPI-ESM1-2-LR,r2i1p1f1,gn,MAM,rx1day,G6solar - SSP5-8.5,-1.080724,mm
MPI-ESM1-2-LR,r2i1p1f1,gn,MAM,rx1day,G6sulfur - SSP5-8.5,-2.696470,mm
MPI-ESM1-2-LR,r2i1p1f1,gn,SON,rx1day,G6solar - G6sulfur,2.045003,mm
MPI-ESM1-2-LR,r2i1p1f1,gn,SON,rx1day,G6solar - SSP5-8.5,-1.724244,mm
MPI-ESM1-2-LR,r2i1p1f1,gn,SON,rx1day,G6sulfur - SSP5-8.5,-3.769247,mm
MPI-ESM1-2-LR,r2i1p1f1,gn,ANN,rx5day,G6solar - G6sulfur,0.319948,mm
MPI-ESM1-2-LR,r2i1p1f1,gn,ANN,rx5day,G6solar - SSP5-8.5,-3.766021,mm
MPI-ESM1-2-LR,r2i1p1f1,gn,ANN,rx5day,G6sulfur - SSP5-8.5,-4.085969,mm
MPI-ESM1-2-LR,r2i1p1f1,gn,DJF,rx5day,G6solar - G6sulfur,2.713236,mm
MPI-ESM1-2-LR,r2i1p1f1,gn,DJF,rx5day,G6solar - SSP5-8.5,-5.470537,mm
MPI-ESM1-2-LR,r2i1p1f1,gn,DJF,rx5day,G6sulfur - SSP5-8.5,-8.183773,mm
MPI-ESM1-2-LR,r2i1p1f1,gn,JJA,rx5day,G6solar - G6sulfur,-0.986930,mm
MPI-ESM1-2-LR,r2i1p1f1,gn,JJA,rx5day,G6solar - SSP5-8.5,0.082360,mm
MPI-ESM1-2-LR,r2i1p1f1,gn,JJA,rx5day,G6sulfur - SSP5-8.5,1.069290,mm
MPI-ESM1-2-LR,r2i1p1f1,gn,MAM,rx5day,G6solar - G6sulfur,0.344725,mm
MPI-ESM1-2-LR,r2i1p1f1,gn,MAM,rx5day,G6solar - SSP5-8.5,-2.663338,mm
MPI-ESM1-2-LR,r2i1p1f1,gn,MAM,rx5day,G6sulfur - SSP5-8.5,-3.008062,mm
MPI-ESM1-2-LR,r2i1p1f1,gn,SON,rx5day,G6solar - G6sulfur,2.113206,mm
MPI-ESM1-2-LR,r2i1p1f1,gn,SON,rx5day,G6solar - SSP5-8.5,-2.218588,mm
MPI-ESM1-2-LR,r2i1p1f1,gn,SON,rx5day,G6sulfur - SSP5-8.5,-4.331794,mm
MPI-ESM1-2-LR,r2i1p1f1,gn,ANN,txx,G6solar - G6sulfur,-0.335221,degC
MPI-ESM1-2-LR,r2i1p1f1,gn,ANN,txx,G6solar - SSP5-8.5,-1.986366,degC
MPI-ESM1-2-LR,r2i1p1f1,gn,ANN,txx,G6sulfur - SSP5-8.5,-1.651145,degC
MPI-ESM1-2-LR,r2i1p1f1,gn,DJF,txx,G6solar - G6sulfur,-0.985874,degC
MPI-ESM1-2-LR,r2i1p1f1,gn,DJF,txx,G6solar - SSP5-8.5,-1.589002,degC
MPI-ESM1-2-LR,r2i1p1f1,gn,DJF,txx,G6sulfur - SSP5-8.5,-0.603128,degC
MPI-ESM1-2-LR,r2i1p1f1,gn,JJA,txx,G6solar - G6sulfur,-0.338474,degC
MPI-ESM1-2-LR,r2i1p1f1,gn,JJA,txx,G6solar - SSP5-8.5,-2.024854,degC
MPI-ESM1-2-LR,r2i1p1f1,gn,JJA,txx,G6sulfur - SSP5-8.5,-1.686380,degC
MPI-ESM1-2-LR,r2i1p1f1,gn,MAM,txx,G6solar - G6sulfur,-0.516072,degC
MPI-ESM1-2-LR,r2i1p1f1,gn,MAM,txx,G6solar - SSP5-8.5,-1.785690,degC
MPI-ESM1-2-LR,r2i1p1f1,gn,MAM,txx,G6sulfur - SSP5-8.5,-1.269618,degC
MPI-ESM1-2-LR,r2i1p1f1,gn,SON,txx,G6solar - G6sulfur,-0.285679,degC
MPI-ESM1-2-LR,r2i1p1f1,gn,SON,txx,G6solar - SSP5-8.5,-1.633957,degC
MPI-ESM1-2-LR,r2i1p1f1,gn,SON,txx,G6sulfur - SSP5-8.5,-1.348277,degC
