model,season,comparison,target_variant_label,reference_variant_label,grid_label,value_degC
CNRM-ESM2-1,ANN,G6solar - G6sulfur,r1i1p1f2,r1i1p1f2,gr,-0.067339
IPSL-CM6A-LR,ANN,G6solar - G6sulfur,r1i1p1f1,r1i1p1f1,gr,-0.390087
MPI-ESM1-2-LR,ANN,G6solar - G6sulfur,r2i1p1f1,r2i1p1f1,gn,-0.814917
UKESM1-0-LL,ANN,G6solar - G6sulfur,r1i1p1f2,r1i1p1f2,gn,-0.151747
CNRM-ESM2-1,ANN,G6solar - SSP5-8.5,r1i1p1f2,r1i1p1f2,gr,-1.484391
IPSL-CM6A-LR,ANN,G6solar - SSP5-8.5,r1i1p1f1,r1i1p1f1,gr,-2.103788
MPI-ESM1-2-LR,ANN,G6solar - SSP5-8.5,r2i1p1f1,r2i1p1f1,gn,-1.714862
UKESM1-0-LL,ANN,G6solar - SSP5-8.5,r1i1p1f2,r1i1p1f2,gn,-2.353044
CNRM-ESM2-1,ANN,G6sulfur - SSP5-8.5,r1i1p1f2,r1i1p1f2,gr,-1.417052
IPSL-CM6A-LR,ANN,G6sulfur - SSP5-8.5,r1i1p1f1,r1i1p1f1,gr,-1.713701
MPI-ESM1-2-LR,ANN,G6sulfur - SSP5-8.5,r2i1p1f1,r2i1p1f1,gn,-0.899944
UKESM1-0-LL,ANN,G6sulfur - SSP5-8.5,r1i1p1f2,r1i1p1f2,gn,-2.201297
CNRM-ESM2-1,DJF,G6solar - G6sulfur,r1i1p1f2,r1i1p1f2,gr,-0.032985
IPSL-CM6A-LR,DJF,G6solar - G6sulfur,r1i1p1f1,r1i1p1f1,gr,-0.527614
MPI-ESM1-2-LR,DJF,G6solar - G6sulfur,r2i1p1f1,r2i1p1f1,gn,-1.583117
UKESM1-0-LL,DJF,G6solar - G6sulfur,r1i1p1f2,r1i1p1f2,gn,-0.271181
CNRM-ESM2-1,DJF,G6solar - SSP5-8.5,r1i1p1f2,r1i1p1f2,gr,-1.222696
IPSL-CM6A-LR,DJF,G6solar - SSP5-8.5,r1i1p1f1,r1i1p1f1,gr,-1.925474
MPI-ESM1-2-LR,DJF,G6solar - SSP5-8.5,r2i1p1f1,r2i1p1f1,gn,-1.211400
UKESM1-0-LL,DJF,G6solar - SSP5-8.5,r1i1p1f2,r1i1p1f2,gn,-2.020075
CNRM-ESM2-1,DJF,G6sulfur - SSP5-8.5,r1i1p1f2,r1i1p1f2,gr,-1.189712
IPSL-CM6A-LR,DJF,G6sulfur - SSP5-8.5,r1i1p1f1,r1i1p1f1,gr,-1.397860
MPI-ESM1-2-LR,DJF,G6sulfur - SSP5-8.5,r2i1p1f1,r2i1p1f1,gn,0.371717
UKESM1-0-LL,DJF,G6sulfur - SSP5-8.5,r1i1p1f2,r1i1p1f2,gn,-1.748894
CNRM-ESM2-1,JJA,G6solar - G6sulfur,r1i1p1f2,r1i1p1f2,gr,-0.295749
IPSL-CM6A-LR,JJA,G6solar - G6sulfur,r1i1p1f1,r1i1p1f1,gr,-0.336441
MPI-ESM1-2-LR,JJA,G6solar - G6sulfur,r2i1p1f1,r2i1p1f1,gn,-0.399741
UKESM1-0-LL,JJA,G6solar - G6sulfur,r1i1p1f2,r1i1p1f2,gn,-0.179878
CNRM-ESM2-1,JJA,G6solar - SSP5-8.5,r1i1p1f2,r1i1p1f2,gr,-1.710993
IPSL-CM6A-LR,JJA,G6solar - SSP5-8.5,r1i1p1f1,r1i1p1f1,gr,-2.238124
MPI-ESM1-2-LR,JJA,G6solar - SSP5-8.5,r2i1p1f1,r2i1p1f1,gn,-1.940171
UKESM1-0-LL,JJA,G6solar - SSP5-8.5,r1i1p1f2,r1i1p1f2,gn,-2.668577
CNRM-ESM2-1,JJA,G6sulfur - SSP5-8.5,r1i1p1f2,r1i1p1f2,gr,-1.415244
IPSL-CM6A-LR,JJA,G6sulfur - SSP5-8.5,r1i1p1f1,r1i1p1f1,gr,-1.901683
MPI-ESM1-2-LR,JJA,G6sulfur - SSP5-8.5,r2i1p1f1,r2i1p1f1,gn,-1.540430
UKESM1-0-LL,JJA,G6sulfur - SSP5-8.5,r1i1p1f2,r1i1p1f2,gn,-2.488699
CNRM-ESM2-1,MAM,G6solar - G6sulfur,r1i1p1f2,r1i1p1f2,gr,0.102561
IPSL-CM6A-LR,MAM,G6solar - G6sulfur,r1i1p1f1,r1i1p1f1,gr,-0.365252
MPI-ESM1-2-LR,MAM,G6solar - G6sulfur,r2i1p1f1,r2i1p1f1,gn,-0.776741
UKESM1-0-LL,MAM,G6solar - G6sulfur,r1i1p1f2,r1i1p1f2,gn,0.036257
CNRM-ESM2-1,MAM,G6solar - SSP5-8.5,r1i1p1f2,r1i1p1f2,gr,-1.511191
IPSL-CM6A-LR,MAM,G6solar - SSP5-8.5,r1i1p1f1,r1i1p1f1,gr,-2.236032
MPI-ESM1-2-LR,MAM,G6solar - SSP5-8.5,r2i1p1f1,r2i1p1f1,gn,-1.827838
UKESM1-0-LL,MAM,G6solar - SSP5-8.5,r1i1p1f2,r1i1p1f2,gn,-2.145505
CNRM-ESM2-1,MAM,G6sulfur - SSP5-8.5,r1i1p1f2,r1i1p1f2,gr,-1.613752
IPSL-CM6A-LR,MAM,G6sulfur - SSP5-8.5,r1i1p1f1,r1i1p1f1,gr,-1.870780
MPI-ESM1-2-LR,MAM,G6sulfur - SSP5-8.5,r2i1p1f1,r2i1p1f1,gn,-1.051097
UKESM1-0-LL,MAM,G6sulfur - SSP5-8.5,r1i1p1f2,r1i1p1f2,gn,-2.181762
CNRM-ESM2-1,SON,G6solar - G6sulfur,r1i1p1f2,r1i1p1f2,gr,-0.063630
IPSL-CM6A-LR,SON,G6solar - G6sulfur,r1i1p1f1,r1i1p1f1,gr,-0.369786
MPI-ESM1-2-LR,SON,G6solar - G6sulfur,r2i1p1f1,r2i1p1f1,gn,-0.494150
UKESM1-0-LL,SON,G6solar - G6sulfur,r1i1p1f2,r1i1p1f2,gn,-0.265467
CNRM-ESM2-1,SON,G6solar - SSP5-8.5,r1i1p1f2,r1i1p1f2,gr,-1.462928
IPSL-CM6A-LR,SON,G6solar - SSP5-8.5,r1i1p1f1,r1i1p1f1,gr,-2.072457
MPI-ESM1-2-LR,SON,G6solar - SSP5-8.5,r2i1p1f1,r2i1p1f1,gn,-1.810182
UKESM1-0-LL,SON,G6solar - SSP5-8.5,r1i1p1f2,r1i1p1f2,gn,-2.683261
CNRM-ESM2-1,SON,G6sulfur - SSP5-8.5,r1i1p1f2,r1i1p1f2,gr,-1.399297
IPSL-CM6A-LR,SON,G6sulfur - SSP5-8.5,r1i1p1f1,r1i1p1f1,gr,-1.702671
MPI-ESM1-2-LR,SON,G6sulfur - SSP5-8.5,r2i1p1f1,r2i1p1f1,gn,-1.316032
UKESM1-0-LL,SON,G6sulfur - SSP5-8.5,r1i1p1f2,r1i1p1f2,gn,-2.417794
