model,variant_label,grid_label,scenario,season,metric,units,period,calendar,represented_area_km2,contributing_cells,equivalent_cells,domain,value
MPI-ESM1-2-LR,r2i1p1f1,gn,G6solar,ANN,cdd,days,2071-2100,proleptic_gregorian,1862387.5452311,77,51.5740791,southeast_land,31.1798948
MPI-ESM1-2-LR,r2i1p1f1,gn,G6solar,ANN,hwd_tx90_3d,days,2071-2100,proleptic_gregorian,1862387.5452311,77,51.5740791,southeast_land,15.7395097
MPI-ESM1-2-LR,r2i1p1f1,gn,G6solar,ANN,hwf_tx90_3d,days,2071-2100,proleptic_gregorian,1862387.5452311,77,51.5740791,southeast_land,86.6196810
MPI-ESM1-2-LR,r2i1p1f1,gn,G6solar,ANN,hwn_tx90_3d,events,2071-2100,proleptic_gregorian,1862387.5452311,77,51.5740791,southeast_land,14.4026297
MPI-ESM1-2-LR,r2i1p1f1,gn,G6solar,ANN,r95ptot,mm,2071-2100,proleptic_gregorian,1862387.5452311,77,51.5740791,southeast_land,235.3511988
MPI-ESM1-2-LR,r2i1p1f1,gn,G6solar,ANN,rx1day,mm,2071-2100,proleptic_gregorian,1862387.5452311,77,51.5740791,southeast_land,49.0462389
MPI-ESM1-2-LR,r2i1p1f1,gn,G6solar,ANN,rx5day,mm,2071-2100,proleptic_gregorian,1862387.5452311,77,51.5740791,southeast_land,94.9238690
MPI-ESM1-2-LR,r2i1p1f1,gn,G6solar,ANN,txx,degC,2071-2100,proleptic_gregorian,1862387.5452311,77,51.5740791,southeast_land,36.9660913
MPI-ESM1-2-LR,r2i1p1f1,gn,G6solar,DJF,cdd,days,2071-2100,proleptic_gregorian,1862387.5452311,77,51.5740791,southeast_land,15.5409514
MPI-ESM1-2-LR,r2i1p1f1,gn,G6solar,DJF,hwd_tx90_3d,days,2071-2100,proleptic_gregorian,1862387.5452311,77,51.5740791,southeast_land,5.9295035
MPI-ESM1-2-LR,r2i1p1f1,gn,G6solar,DJF,hwf_tx90_3d,days,2071-2100,proleptic_gregorian,1862387.5452311,77,51.5740791,southeast_land,14.1233571
MPI-ESM1-2-LR,r2i1p1f1,gn,G6solar,DJF,hwn_tx90_3d,events,2071-2100,proleptic_gregorian,1862387.5452311,77,51.5740791,southeast_land,2.8859674
MPI-ESM1-2-LR,r2i1p1f1,gn,G6solar,DJF,r95ptot,mm,2071-2100,proleptic_gregorian,1862387.5452311,77,51.5740791,southeast_land,82.4768319
MPI-ESM1-2-LR,r2i1p1f1,gn,G6solar,DJF,rx1day,mm,2071-2100,proleptic_gregorian,1862387.5452311,77,51.5740791,southeast_land,38.4796221
MPI-ESM1-2-LR,r2i1p1f1,gn,G6solar,DJF,rx5day,mm,2071-2100,proleptic_gregorian,1862387.5452311,77,51.5740791,southeast_land,67.9636011
MPI-ESM1-2-LR,r2i1p1f1,gn,G6solar,DJF,txx,degC,2071-2100,proleptic_gregorian,1862387.5452311,77,51.5740791,southeast_land,24.2144181
MPI-ESM1-2-LR,r2i1p1f1,gn,G6solar,JJA,cdd,days,2071-2100,proleptic_gregorian,1862387.5452311,77,51.5740791,southeast_land,17.5996217
MPI-ESM1-2-LR,r2i1p1f1,gn,G6solar,JJA,hwd_tx90_3d,days,2071-2100,proleptic_gregorian,1862387.5452311,77,51.5740791,southeast_land,13.0242279
MPI-ESM1-2-LR,r2i1p1f1,gn,G6solar,JJA,hwf_tx90_3d,days,2071-2100,proleptic_gregorian,1862387.5452311,77,51.5740791,southeast_land,34.4711330
MPI-ESM1-2-LR,r2i1p1f1,gn,G6solar,JJA,hwn_tx90_3d,events,2071-2100,proleptic_gregorian,1862387.5452311,77,51.5740791,southeast_land,4.8469238
MPI-ESM1-2-LR,r2i1p1f1,gn,G6solar,JJA,r95ptot,mm,2071-2100,proleptic_gregorian,1862387.5452311,77,51.5740791,southeast_land,20.5821410
MPI-ESM1-2-LR,r2i1p1f1,gn,G6solar,JJA,rx1day,mm,2071-2100,proleptic_gregorian,1862387.5452311,77,51.5740791,southeast_land,25.0548378
MPI-ESM1-2-LR,r2i1p1f1,gn,G6solar,JJA,rx5day,mm,2071-2100,proleptic_gregorian,1862387.5452311,77,51.5740791,southeast_land,63.8753027
MPI-ESM1-2-LR,r2i1p1f1,gn,G6solar,JJA,txx,degC,2071-2100,proleptic_gregorian,1862387.5452311,77,51.5740791,southeast_land,36.8443886
MPI-ESM1-2-LR,r2i1p1f1,gn,G6solar,MAM,cdd,days,2071-2100,proleptic_gregorian,1862387.5452311,77,51.5740791,southeast_land,14.2628029
MPI-ESM1-2-LR,r2i1p1f1,gn,G6solar,MAM,hwd_tx90_3d,days,2071-2100,proleptic_gregorian,1862387.5452311,77,51.5740791,southeast_land,7.8468338
MPI-ESM1-2-LR,r2i1p1f1,gn,G6solar,MAM,hwf_tx90_3d,days,2071-2100,proleptic_gregorian,1862387.5452311,77,51.5740791,southeast_land,20.1690143
MPI-ESM1-2-LR,r2i1p1f1,gn,G6solar,MAM,hwn_tx90_3d,events,2071-2100,proleptic_gregorian,1862387.5452311,77,51.5740791,southeast_land,3.6971971
MPI-ESM1-2-LR,r2i1p1f1,gn,G6solar,MAM,r95ptot,mm,2071-2100,proleptic_gregorian,1862387.5452311,77,51.5740791,southeast_land,91.8213109
MPI-ESM1-2-LR,r2i1p1f1,gn,G6solar,MAM,rx1day,mm,2071-2100,proleptic_gregorian,1862387.5452311,77,51.5740791,southeast_land,40.3270837
MPI-ESM1-2-LR,r2i1p1f1,gn,G6solar,MAM,rx5day,mm,2071-2100,proleptic_gregorian,1862387.5452311,77,51.5740791,southeast_land,73.9860562
MPI-ESM1-2-LR,r2i1p1f1,gn,G6solar,MAM,txx,degC,2071-2100,proleptic_gregorian,1862387.5452311,77,51.5740791,southeast_land,31.9657930
MPI-ESM1-2-LR,r2i1p1f1,gn,G6solar,SON,cdd,days,2071-2100,proleptic_gregorian,1862387.5452311,77,51.5740791,southeast_land,24.5710585
MPI-ESM1-2-LR,r2i1p1f1,gn,G6solar,SON,hwd_tx90_3d,days,2071-2100,proleptic_gregorian,1862387.5452311,77,51.5740791,southeast_land,7.5889617
MPI-ESM1-2-LR,r2i1p1f1,gn,G6solar,SON,hwf_tx90_3d,days,2071-2100,proleptic_gregorian,1862387.5452311,77,51.5740791,southeast_land,17.3089146
MPI-ESM1-2-LR,r2i1p1f1,gn,G6solar,SON,hwn_tx90_3d,events,2071-2100,proleptic_gregorian,1862387.5452311,77,51.5740791,southeast_land,3.1991659
MPI-ESM1-2-LR,r2i1p1f1,gn,G6solar,SON,r95ptot,mm,2071-2100,proleptic_gregorian,1862387.5452311,77,51.5740791,southeast_land,39.9457644
MPI-ESM1-2-LR,r2i1p1f1,gn,G6solar,SON,rx1day,mm,2071-2100,proleptic_gregorian,1862387.5452311,77,51.5740791,southeast_land,30.7358775
MPI-ESM1-2-LR,r2i1p1f1,gn,G6solar,SON,rx5day,mm,2071-2100,proleptic_gregorian,1862387.5452311,77,51.5740791,southeast_land,59.3810624
MPI-ESM1-2-LR,r2i1p1f1,gn,G6solar,SON,txx,degC,2071-2100,proleptic_gregorian,1862387.5452311,77,51.5740791,southeast_land,34.7499764
MPI-ESM1-2-LR,r2i1p1f1,gn,G6sulfur,ANN,cdd,days,2071-2100,proleptic_gregorian,1862387.5452311,77,51.5740791,southeast_land,34.7531375
MPI-ESM1-2-LR,r2i1p1f1,gn,G6sulfur,ANN,hwd_tx90_3d,days,2071-2100,proleptic_gregorian,1862387.5452311,77,51.5740791,southeast_land,19.7546851
MPI-ESM1-2-LR,r2i1p1f1,gn,G6sulfur,ANN,hwf_tx90_3d,days,2071-2100,proleptic_gregorian,1862387.5452311,77,51.5740791,southeast_land,122.5897922
MPI-ESM1-2-LR,r2i1p1f1,gn,G6sulfur,ANN,hwn_tx90_3d,events,2071-2100,proleptic_gregorian,1862387.5452311,77,51.5740791,southeast_land,18.2206004
MPI-ESM1-2-LR,r2i1p1f1,gn,G6sulfur,ANN,r95ptot,mm,2071-2100,proleptic_gregorian,1862387.5452311,77,51.5740791,southeast_land,208.4893418
MPI-ESM1-2-LR,r2i1p1f1,gn,G6sulfur,ANN,rx1day,mm,2071-2100,proleptic_gregorian,1862387.5452311,77,51.5740791,southeast_land,45.6013282
MPI-ESM1-2-LR,r2i1p1f1,gn,G6sulfur,ANN,rx5day,mm,2071-2100,proleptic_gregorian,1862387.5452311,77,51.5740791,southeast_land,93.5934639
MPI-ESM1-2-LR,r2i1p1f1,gn,G6sulfur,ANN,txx,degC,2071-2100,proleptic_gregorian,1862387.5452311,77,51.5740791,southeast_land,37.3662687
MPI-ESM1-2-LR,r2i1p1f1,gn,G6sulfur,DJF,cdd,days,2071-2100,proleptic_gregorian,1862387.5452311,77,51.5740791,southeast_land,17.4607523
MPI-ESM1-2-LR,r2i1p1f1,gn,G6sulfur,DJF,hwd_tx90_3d,days,2071-2100,proleptic_gregorian,1862387.5452311,77,51.5740791,southeast_land,9.4070768
MPI-ESM1-2-LR,r2i1p1f1,gn,G6sulfur,DJF,hwf_tx90_3d,days,2071-2100,proleptic_gregorian,1862387.5452311,77,51.5740791,southeast_land,27.4865642
MPI-ESM1-2-LR,r2i1p1f1,gn,G6sulfur,DJF,hwn_tx90_3d,events,2071-2100,proleptic_gregorian,1862387.5452311,77,51.5740791,southeast_land,4.6993709
MPI-ESM1-2-LR,r2i1p1f1,gn,G6sulfur,DJF,r95ptot,mm,2071-2100,proleptic_gregorian,1862387.5452311,77,51.5740791,southeast_land,73.8975544
MPI-ESM1-2-LR,r2i1p1f1,gn,G6sulfur,DJF,rx1day,mm,2071-2100,proleptic_gregorian,1862387.5452311,77,51.5740791,southeast_land,35.3142074
MPI-ESM1-2-LR,r2i1p1f1,gn,G6sulfur,DJF,rx5day,mm,2071-2100,proleptic_gregorian,1862387.5452311,77,51.5740791,southeast_land,67.0497178
MPI-ESM1-2-LR,r2i1p1f1,gn,G6sulfur,DJF,txx,degC,2071-2100,proleptic_gregorian,1862387.5452311,77,51.5740791,southeast_land,25.7272132
MPI-ESM1-2-LR,r2i1p1f1,gn,G6sulfur,JJA,cdd,days,2071-2100,proleptic_gregorian,1862387.5452311,77,51.5740791,southeast_land,18.4731364
MPI-ESM1-2-LR,r2i1p1f1,gn,G6sulfur,JJA,hwd_tx90_3d,days,2071-2100,proleptic_gregorian,1862387.5452311,77,51.5740791,southeast_land,15.8680485
MPI-ESM1-2-LR,r2i1p1f1,gn,G6sulfur,JJA,hwf_tx90_3d,days,2071-2100,proleptic_gregorian,1862387.5452311,77,51.5740791,southeast_land,41.4900670
MPI-ESM1-2-LR,r2i1p1f1,gn,G6sulfur,JJA,hwn_tx90_3d,events,2071-2100,proleptic_gregorian,1862387.5452311,77,51.5740791,southeast_land,5.1209676
MPI-ESM1-2-LR,r2i1p1f1,gn,G6sulfur,JJA,r95ptot,mm,2071-2100,proleptic_gregorian,1862387.5452311,77,51.5740791,southeast_land,21.8617231
MPI-ESM1-2-LR,r2i1p1f1,gn,G6sulfur,JJA,rx1day,mm,2071-2100,proleptic_gregorian,1862387.5452311,77,51.5740791,southeast_land,25.2083840
MPI-ESM1-2-LR,r2i1p1f1,gn,G6sulfur,JJA,rx5day,mm,2071-2100,proleptic_gregorian,1862387.5452311,77,51.5740791,southeast_land,66.0014704
MPI-ESM1-2-LR,r2i1p1f1,gn,G6sulfur,JJA,txx,degC,2071-2100,proleptic_gregorian,1862387.5452311,77,51.5740791,southeast_land,37.2599153
MPI-ESM1-2-LR,r2i1p1f1,gn,G6sulfur,MAM,cdd,days,2071-2100,proleptic_gregorian,1862387.5452311,77,51.5740791,southeast_land,14.7298958
MPI-ESM1-2-LR,r2i1p1f1,gn,G6sulfur,MAM,hwd_tx90_3d,days,2071-2100,proleptic_gregorian,1862387.5452311,77,51.5740791,southeast_land,10.1532491
MPI-ESM1-2-LR,r2i1p1f1,gn,G6sulfur,MAM,hwf_tx90_3d,days,2071-2100,proleptic_gregorian,1862387.5452311,77,51.5740791,southeast_land,28.4058200
MPI-ESM1-2-LR,r2i1p1f1,gn,G6sulfur,MAM,hwn_tx90_3d,events,2071-2100,proleptic_gregorian,1862387.5452311,77,51.5740791,southeast_land,4.7629348
MPI-ESM1-2-LR,r2i1p1f1,gn,G6sulfur,MAM,r95ptot,mm,2071-2100,proleptic_gregorian,1862387.5452311,77,51.5740791,southeast_land,83.2001138
MPI-ESM1-2-LR,r2i1p1f1,gn,G6sulfur,MAM,rx1day,mm,2071-2100,proleptic_gregorian,1862387.5452311,77,51.5740791,southeast_land,38.1396038
MPI-ESM1-2-LR,r2i1p1f1,gn,G6sulfur,MAM,rx5day,mm,2071-2100,proleptic_gregorian,1862387.5452311,77,51.5740791,southeast_land,73.2430638
MPI-ESM1-2-LR,r2i1p1f1,gn,G6sulfur,MAM,txx,degC,2071-2100,proleptic_gregorian,1862387.5452311,77,51.5740791,southeast_land,32.6403119
MPI-ESM1-2-LR,r2i1p1f1,gn,G6sulfur,SON,cdd,days,2071-2100,proleptic_gregorian,1862387.5452311,77,51.5740791,southeast_land,26.8267381
MPI-ESM1-2-LR,r2i1p1f1,gn,G6sulfur,SON,hwd_tx90_3d,days,2071-2100,proleptic_gregorian,1862387.5452311,77,51.5740791,southeast_land,9.6625430
MPI-ESM1-2-LR,r2i1p1f1,gn,G6sulfur,SON,hwf_tx90_3d,days,2071-2100,proleptic_gregorian,1862387.5452311,77,51.5740791,southeast_land,24.2095725
MPI-ESM1-2-LR,r2i1p1f1,gn,G6sulfur,SON,hwn_tx90_3d,events,2071-2100,proleptic_gregorian,1862387.5452311,77,51.5740791,southeast_land,3.9305920
MPI-ESM1-2-LR,r2i1p1f1,gn,G6sulfur,SON,r95ptot,mm,2071-2100,proleptic_gregorian,1862387.5452311,77,51.5740791,southeast_land,30.5549719
MPI-ESM1-2-LR,r2i1p1f1,gn,G6sulfur,SON,rx1day,mm,2071-2100,proleptic_gregorian,1862387.5452311,77,51.5740791,southeast_land,28.2016430
MPI-ESM1-2-LR,r2i1p1f1,gn,G6sulfur,SON,rx5day,mm,2071-2100,proleptic_gregorian,1862387.5452311,77,51.5740791,southeast_land,55.0043873
MPI-ESM1-2-LR,r2i1p1f1,gn,G6sulfur,SON,txx,degC,2071-2100,proleptic_gregorian,1862387.5452311,77,51.5740791,southeast_land,35.0425345
MPI-ESM1-2-LR,r2i1p1f1,gn,ssp585,ANN,cdd,days,2071-2100,proleptic_gregorian,1862387.5452311,77,51.5740791,southeast_land,32.9450701
MPI-ESM1-2-LR,r2i1p1f1,gn,ssp585,ANN,hwd_tx90_3d,days,2071-2100,proleptic_gregorian,1862387.5452311,77,51.5740791,southeast_land,43.7157957
MPI-ESM1-2-LR,r2i1p1f1,gn,ssp585,ANN,hwf_tx90_3d,days,2071-2100,proleptic_gregorian,1862387.5452311,77,51.5740791,southeast_land,170.8876759
MPI-ESM1-2-LR,r2i1p1f1,gn,ssp585,ANN,hwn_tx90_3d,events,2071-2100,proleptic_gregorian,1862387.5452311,77,51.5740791,southeast_land,18.6036232
MPI-ESM1-2-LR,r2i1p1f1,gn,ssp585,ANN,r95ptot,mm,2071-2100,proleptic_gregorian,1862387.5452311,77,51.5740791,southeast_land,256.1487137
MPI-ESM1-2-LR,r2i1p1f1,gn,ssp585,ANN,rx1day,mm,2071-2100,proleptic_gregorian,1862387.5452311,77,51.5740791,southeast_land,50.4379973
MPI-ESM1-2-LR,r2i1p1f1,gn,ssp585,ANN,rx5day,mm,2071-2100,proleptic_gregorian,1862387.5452311,77,51.5740791,southeast_land,97.3623986
MPI-ESM1-2-LR,r2i1p1f1,gn,ssp585,ANN,txx,degC,2071-2100,proleptic_gregorian,1862387.5452311,77,51.5740791,southeast_land,39.2409244
MPI-ESM1-2-LR,r2i1p1f1,gn,ssp585,DJF,cdd,days,2071-2100,proleptic_gregorian,1862387.5452311,77,51.5740791,southeast_land,16.7620908
MPI-ESM1-2-LR,r2i1p1f1,gn,ssp585,DJF,hwd_tx90_3d,days,2071-2100,proleptic_gregorian,1862387.5452311,77,51.5740791,southeast_land,7.7651282
MPI-ESM1-2-LR,r2i1p1f1,gn,ssp585,DJF,hwf_tx90_3d,days,2071-2100,proleptic_gregorian,1862387.5452311,77,51.5740791,southeast_land,20.7075993
MPI-ESM1-2-LR,r2i1p1f1,gn,ssp585,DJF,hwn_tx90_3d,events,2071-2100,proleptic_gregorian,1862387.5452311,77,51.5740791,southeast_land,3.9245058
MPI-ESM1-2-LR,r2i1p1f1,gn,ssp585,DJF,r95ptot,mm,2071-2100,proleptic_gregorian,1862387.5452311,77,51.5740791,southeast_land,96.5007637
MPI-ESM1-2-LR,r2i1p1f1,gn,ssp585,DJF,rx1day,mm,2071-2100,proleptic_gregorian,1862387.5452311,77,51.5740791,southeast_land,40.6369653
MPI-ESM1-2-LR,r2i1p1f1,gn,ssp585,DJF,rx5day,mm,2071-2100,proleptic_gregorian,1862387.5452311,77,51.5740791,southeast_land,72.5863066
MPI-ESM1-2-LR,r2i1p1f1,gn,ssp585,DJF,txx,degC,2071-2100,proleptic_gregorian,1862387.5452311,77,51.5740791,southeast_land,25.8648854
MPI-ESM1-2-LR,r2i1p1f1,gn,ssp585,JJA,cdd,days,2071-2100,proleptic_gregorian,1862387.5452311,77,51.5740791,southeast_land,20.1993830
MPI-ESM1-2-LR,r2i1p1f1,gn,ssp585,JJA,hwd_tx90_3d,days,2071-2100,proleptic_gregorian,1862387.5452311,77,51.5740791,southeast_land,36.4554245
MPI-ESM1-2-LR,r2i1p1f1,gn,ssp585,JJA,hwf_tx90_3d,days,2071-2100,proleptic_gregorian,1862387.5452311,77,51.5740791,southeast_land,68.2675041
MPI-ESM1-2-LR,r2i1p1f1,gn,ssp585,JJA,hwn_tx90_3d,events,2071-2100,proleptic_gregorian,1862387.5452311,77,51.5740791,southeast_land,4.5996727
MPI-ESM1-2-LR,r2i1p1f1,gn,ssp585,JJA,r95ptot,mm,2071-2100,proleptic_gregorian,1862387.5452311,77,51.5740791,southeast_land,21.7384610
MPI-ESM1-2-LR,r2i1p1f1,gn,ssp585,JJA,rx1day,mm,2071-2100,proleptic_gregorian,1862387.5452311,77,51.5740791,southeast_land,24.7206104
MPI-ESM1-2-LR,r2i1p1f1,gn,ssp585,JJA,rx5day,mm,2071-2100,proleptic_gregorian,1862387.5452311,77,51.5740791,southeast_land,63.1409257
MPI-ESM1-2-LR,r2i1p1f1,gn,ssp585,JJA,txx,degC,2071-2100,proleptic_gregorian,1862387.5452311,77,51.5740791,southeast_land,39.1785855
MPI-ESM1-2-LR,r2i1p1f1,gn,ssp585,MAM,cdd,days,2071-2100,proleptic_gregorian,1862387.5452311,77,51.5740791,southeast_land,15.4918126
MPI-ESM1-2-LR,r2i1p1f1,gn,ssp585,MAM,hwd_tx90_3d,days,2071-2100,proleptic_gregorian,1862387.5452311,77,51.5740791,southeast_land,14.9306491
MPI-ESM1-2-LR,r2i1p1f1,gn,ssp585,MAM,hwf_tx90_3d,days,2071-2100,proleptic_gregorian,1862387.5452311,77,51.5740791,southeast_land,41.7945983
MPI-ESM1-2-LR,r2i1p1f1,gn,ssp585,MAM,hwn_tx90_3d,events,2071-2100,proleptic_gregorian,1862387.5452311,77,51.5740791,southeast_land,5.7414979
MPI-ESM1-2-LR,r2i1p1f1,gn,ssp585,MAM,r95ptot,mm,2071-2100,proleptic_gregorian,1862387.5452311,77,51.5740791,southeast_land,94.0417045
MPI-ESM1-2-LR,r2i1p1f1,gn,ssp585,MAM,rx1day,mm,2071-2100,proleptic_gregorian,1862387.5452311,77,51.5740791,southeast_land,40.6225510
MPI-ESM1-2-LR,r2i1p1f1,gn,ssp585,MAM,rx5day,mm,2071-2100,proleptic_gregorian,1862387.5452311,77,51.5740791,southeast_land,76.4591820
MPI-ESM1-2-LR,r2i1p1f1,gn,ssp585,MAM,txx,degC,2071-2100,proleptic_gregorian,1862387.5452311,77,51.5740791,southeast_land,33.8967898
MPI-ESM1-2-LR,r2i1p1f1,gn,ssp585,SON,cdd,days,2071-2100,proleptic_gregorian,1862387.5452311,77,51.5740791,southeast_land,23.6429751
MPI-ESM1-2-LR,r2i1p1f1,gn,ssp585,SON,hwd_tx90_3d,days,2071-2100,proleptic_gregorian,1862387.5452311,77,51.5740791,southeast_land,15.4442436
MPI-ESM1-2-LR,r2i1p1f1,gn,ssp585,SON,hwf_tx90_3d,days,2071-2100,proleptic_gregorian,1862387.5452311,77,51.5740791,southeast_land,38.5078641
MPI-ESM1-2-LR,r2i1p1f1,gn,ssp585,SON,hwn_tx90_3d,events,2071-2100,proleptic_gregorian,1862387.5452311,77,51.5740791,southeast_land,4.9891797
MPI-ESM1-2-LR,r2i1p1f1,gn,ssp585,SON,r95ptot,mm,2071-2100,proleptic_gregorian,1862387.5452311,77,51.5740791,southeast_land,45.5417147
MPI-ESM1-2-LR,r2i1p1f1,gn,ssp585,SON,rx1day,mm,2071-2100,proleptic_gregorian,1862387.5452311,77,51.5740791,southeast_land,33.1760318
MPI-ESM1-2-LR,r2i1p1f1,gn,ssp585,SON,rx5day,mm,2071-2100,proleptic_gregorian,1862387.5452311,77,51.5740791,southeast_land,60.6401289
MPI-ESM1-2-LR,r2i1p1f1,gn,ssp585,SON,txx,degC,2071-2100,proleptic_gregorian,1862387.5452311,77,51.5740791,southeast_land,36.4569841
