domain,season,metric,comparison,units,omitted_model,full_mean,leave_one_out_mean,full_sign,leave_one_out_sign,sign_changed,model_count
appalachian_interior,ANN,pr_mean,G6solar - G6sulfur,mm/day,CNRM-ESM2-1,0.0160062,0.0025027,1,1,False,3
appalachian_interior,ANN,pr_mean,G6solar - G6sulfur,mm/day,IPSL-CM6A-LR,0.0160062,0.0245204,1,1,False,3
appalachian_interior,ANN,pr_mean,G6solar - G6sulfur,mm/day,MPI-ESM1-2-LR,0.0160062,0.0445559,1,1,False,3
appalachian_interior,ANN,pr_mean,G6solar - G6sulfur,mm/day,UKESM1-0-LL,0.0160062,-0.0075544,1,-1,True,3
appalachian_interior,ANN,pr_mean,G6solar - SSP5-8.5,mm/day,CNRM-ESM2-1,-0.2029214,-0.2697180,-1,-1,False,3
appalachian_interior,ANN,pr_mean,G6solar - SSP5-8.5,mm/day,IPSL-CM6A-LR,-0.2029214,-0.1187011,-1,-1,False,3
appalachian_interior,ANN,pr_mean,G6solar - SSP5-8.5,mm/day,MPI-ESM1-2-LR,-0.2029214,-0.2531175,-1,-1,False,3
appalachian_interior,ANN,pr_mean,G6solar - SSP5-8.5,mm/day,UKESM1-0-LL,-0.2029214,-0.1701490,-1,-1,False,3
appalachian_interior,ANN,pr_mean,G6sulfur - SSP5-8.5,mm/day,CNRM-ESM2-1,-0.2189276,-0.2722207,-1,-1,False,3
appalachian_interior,ANN,pr_mean,G6sulfur - SSP5-8.5,mm/day,IPSL-CM6A-LR,-0.2189276,-0.1432216,-1,-1,False,3
appalachian_interior,ANN,pr_mean,G6sulfur - SSP5-8.5,mm/day,MPI-ESM1-2-LR,-0.2189276,-0.2976735,-1,-1,False,3
appalachian_interior,ANN,pr_mean,G6sulfur - SSP5-8.5,mm/day,UKESM1-0-LL,-0.2189276,-0.1625946,-1,-1,False,3
appalachian_interior,ANN,tasmax_mean,G6solar - G6sulfur,degC,CNRM-ESM2-1,-0.4496684,-0.6245767,-1,-1,False,3
appalachian_interior,ANN,tasmax_mean,G6solar - G6sulfur,degC,IPSL-CM6A-LR,-0.4496684,-0.4100188,-1,-1,False,3
appalachian_interior,ANN,tasmax_mean,G6solar - G6sulfur,degC,MPI-ESM1-2-LR,-0.4496684,-0.2777920,-1,-1,False,3
appalachian_interior,ANN,tasmax_mean,G6solar - G6sulfur,degC,UKESM1-0-LL,-0.4496684,-0.4862862,-1,-1,False,3
appalachian_interior,ANN,tasmax_mean,G6solar - SSP5-8.5,degC,CNRM-ESM2-1,-2.2271278,-2.4374468,-1,-1,False,3
appalachian_interior,ANN,tasmax_mean,G6solar - SSP5-8.5,degC,IPSL-CM6A-LR,-2.2271278,-2.1196879,-1,-1,False,3
appalachian_interior,ANN,tasmax_mean,G6solar - SSP5-8.5,degC,MPI-ESM1-2-LR,-2.2271278,-2.3793311,-1,-1,False,3
appalachian_interior,ANN,tasmax_mean,G6solar - SSP5-8.5,degC,UKESM1-0-LL,-2.2271278,-1.9720455,-1,-1,False,3
appalachian_interior,ANN,tasmax_mean,G6sulfur - SSP5-8.5,degC,CNRM-ESM2-1,-1.7774594,-1.8128701,-1,-1,False,3
appalachian_interior,ANN,tasmax_mean,G6sulfur - SSP5-8.5,degC,IPSL-CM6A-LR,-1.7774594,-1.7096691,-1,-1,False,3
appalachian_interior,ANN,tasmax_mean,G6sulfur - SSP5-8.5,degC,MPI-ESM1-2-LR,-1.7774594,-2.1015391,-1,-1,False,3
appalachian_interior,ANN,tasmax_mean,G6sulfur - SSP5-8.5,degC,UKESM1-0-LL,-1.7774594,-1.4857593,-1,-1,False,3
appalachian_interior,DJF,pr_mean,G6solar - G6sulfur,mm/day,CNRM-ESM2-1,-0.2920940,-0.3745451,-1,-1,False,3
appalachian_interior,DJF,pr_mean,G6solar - G6sulfur,mm/day,IPSL-CM6A-LR,-0.2920940,-0.1987890,-1,-1,False,3
appalachian_interior,DJF,pr_mean,G6solar - G6sulfur,mm/day,MPI-ESM1-2-LR,-0.2920940,-0.1982014,-1,-1,False,3
appalachian_interior,DJF,pr_mean,G6solar - G6sulfur,mm/day,UKESM1-0-LL,-0.2920940,-0.3968406,-1,-1,False,3
appalachian_interior,DJF,pr_mean,G6solar - SSP5-8.5,mm/day,CNRM-ESM2-1,-0.3233720,-0.4559719,-1,-1,False,3
appalachian_interior,DJF,pr_mean,G6solar - SSP5-8.5,mm/day,IPSL-CM6A-LR,-0.3233720,-0.0795528,-1,-1,False,3
appalachian_interior,DJF,pr_mean,G6solar - SSP5-8.5,mm/day,MPI-ESM1-2-LR,-0.3233720,-0.4089260,-1,-1,False,3
appalachian_interior,DJF,pr_mean,G6solar - SSP5-8.5,mm/day,UKESM1-0-LL,-0.3233720,-0.3490374,-1,-1,False,3
appalachian_interior,DJF,pr_mean,G6sulfur - SSP5-8.5,mm/day,CNRM-ESM2-1,-0.0312780,-0.0814267,-1,-1,False,3
appalachian_interior,DJF,pr_mean,G6sulfur - SSP5-8.5,mm/day,IPSL-CM6A-LR,-0.0312780,0.1192362,-1,1,True,3
appalachian_interior,DJF,pr_mean,G6sulfur - SSP5-8.5,mm/day,MPI-ESM1-2-LR,-0.0312780,-0.2107246,-1,-1,False,3
appalachian_interior,DJF,pr_mean,G6sulfur - SSP5-8.5,mm/day,UKESM1-0-LL,-0.0312780,0.0478032,-1,1,True,3
appalachian_interior,DJF,tasmax_mean,G6solar - G6sulfur,degC,CNRM-ESM2-1,-0.7794177,-1.1291465,-1,-1,False,3
appalachian_interior,DJF,tasmax_mean,G6solar - G6sulfur,degC,IPSL-CM6A-LR,-0.7794177,-0.8187129,-1,-1,False,3
appalachian_interior,DJF,tasmax_mean,G6solar - G6sulfur,degC,MPI-ESM1-2-LR,-0.7794177,-0.3594123,-1,-1,False,3
appalachian_interior,DJF,tasmax_mean,G6solar - G6sulfur,degC,UKESM1-0-LL,-0.7794177,-0.8103990,-1,-1,False,3
appalachian_interior,DJF,tasmax_mean,G6solar - SSP5-8.5,degC,CNRM-ESM2-1,-1.8861879,-2.0459681,-1,-1,False,3
appalachian_interior,DJF,tasmax_mean,G6solar - SSP5-8.5,degC,IPSL-CM6A-LR,-1.8861879,-1.6525233,-1,-1,False,3
appalachian_interior,DJF,tasmax_mean,G6solar - SSP5-8.5,degC,MPI-ESM1-2-LR,-1.8861879,-2.1708484,-1,-1,False,3
appalachian_interior,DJF,tasmax_mean,G6solar - SSP5-8.5,degC,UKESM1-0-LL,-1.8861879,-1.6754116,-1,-1,False,3
appalachian_interior,DJF,tasmax_mean,G6sulfur - SSP5-8.5,degC,CNRM-ESM2-1,-1.1067702,-0.9168216,-1,-1,False,3
appalachian_interior,DJF,tasmax_mean,G6sulfur - SSP5-8.5,degC,IPSL-CM6A-LR,-1.1067702,-0.8338104,-1,-1,False,3
appalachian_interior,DJF,tasmax_mean,G6sulfur - SSP5-8.5,degC,MPI-ESM1-2-LR,-1.1067702,-1.8114360,-1,-1,False,3
appalachian_interior,DJF,tasmax_mean,G6sulfur - SSP5-8.5,degC,UKESM1-0-LL,-1.1067702,-0.8650126,-1,-1,False,3
appalachian_interior,JJA,pr_mean,G6solar - G6sulfur,mm/day,CNRM-ESM2-1,0.0777324,0.1489138,1,1,False,3
appalachian_interior,JJA,pr_mean,G6solar - G6sulfur,mm/day,IPSL-CM6A-LR,0.0777324,-0.0564445,1,-1,True,3
appalachian_interior,JJA,pr_mean,G6solar - G6sulfur,mm/day,MPI-ESM1-2-LR,0.0777324,0.1162622,1,1,False,3
appalachian_interior,JJA,pr_mean,G6solar - G6sulfur,mm/day,UKESM1-0-LL,0.0777324,0.1021983,1,1,False,3
appalachian_interior,JJA,pr_mean,G6solar - SSP5-8.5,mm/day,CNRM-ESM2-1,-0.1139848,-0.0222392,-1,-1,False,3
appalachian_interior,JJA,pr_mean,G6solar - SSP5-8.5,mm/day,IPSL-CM6A-LR,-0.1139848,-0.1196677,-1,-1,False,3
appalachian_interior,JJA,pr_mean,G6solar - SSP5-8.5,mm/day,MPI-ESM1-2-LR,-0.1139848,-0.1567354,-1,-1,False,3
appalachian_interior,JJA,pr_mean,G6solar - SSP5-8.5,mm/day,UKESM1-0-LL,-0.1139848,-0.1572971,-1,-1,False,3
appalachian_interior,JJA,pr_mean,G6sulfur - SSP5-8.5,mm/day,CNRM-ESM2-1,-0.1917173,-0.1711530,-1,-1,False,3
appalachian_interior,JJA,pr_mean,G6sulfur - SSP5-8.5,mm/day,IPSL-CM6A-LR,-0.1917173,-0.0632232,-1,-1,False,3
appalachian_interior,JJA,pr_mean,G6sulfur - SSP5-8.5,mm/day,MPI-ESM1-2-LR,-0.1917173,-0.2729976,-1,-1,False,3
appalachian_interior,JJA,pr_mean,G6sulfur - SSP5-8.5,mm/day,UKESM1-0-LL,-0.1917173,-0.2594953,-1,-1,False,3
appalachian_interior,JJA,tasmax_mean,G6solar - G6sulfur,degC,CNRM-ESM2-1,-0.3732534,-0.4060014,-1,-1,False,3
appalachian_interior,JJA,tasmax_mean,G6solar - G6sulfur,degC,IPSL-CM6A-LR,-0.3732534,-0.3121024,-1,-1,False,3
appalachian_interior,JJA,tasmax_mean,G6solar - G6sulfur,degC,MPI-ESM1-2-LR,-0.3732534,-0.3924358,-1,-1,False,3
appalachian_interior,JJA,tasmax_mean,G6solar - G6sulfur,degC,UKESM1-0-LL,-0.3732534,-0.3824742,-1,-1,False,3
appalachian_interior,JJA,tasmax_mean,G6solar - SSP5-8.5,degC,CNRM-ESM2-1,-2.4307622,-2.6915776,-1,-1,False,3
appalachian_interior,JJA,tasmax_mean,G6solar - SSP5-8.5,degC,IPSL-CM6A-LR,-2.4307622,-2.3623748,-1,-1,False,3
appalachian_interior,JJA,tasmax_mean,G6solar - SSP5-8.5,degC,MPI-ESM1-2-LR,-2.4307622,-2.6185155,-1,-1,False,3
appalachian_interior,JJA,tasmax_mean,G6solar - SSP5-8.5,degC,UKESM1-0-LL,-2.4307622,-2.0505811,-1,-1,False,3
appalachian_interior,JJA,tasmax_mean,G6sulfur - SSP5-8.5,degC,CNRM-ESM2-1,-2.0575088,-2.2855762,-1,-1,False,3
appalachian_interior,JJA,tasmax_mean,G6sulfur - SSP5-8.5,degC,IPSL-CM6A-LR,-2.0575088,-2.0502724,-1,-1,False,3
appalachian_interior,JJA,tasmax_mean,G6sulfur - SSP5-8.5,degC,MPI-ESM1-2-LR,-2.0575088,-2.2260797,-1,-1,False,3
appalachian_interior,JJA,tasmax_mean,G6sulfur - SSP5-8.5,degC,UKESM1-0-LL,-2.0575088,-1.6681069,-1,-1,False,3
appalachian_interior,MAM,pr_mean,G6solar - G6sulfur,mm/day,CNRM-ESM2-1,0.1499830,0.1001447,1,1,False,3
appalachian_interior,MAM,pr_mean,G6solar - G6sulfur,mm/day,IPSL-CM6A-LR,0.1499830,0.1307330,1,1,False,3
appalachian_interior,MAM,pr_mean,G6solar - G6sulfur,mm/day,MPI-ESM1-2-LR,0.1499830,0.1812147,1,1,False,3
appalachian_interior,MAM,pr_mean,G6solar - G6sulfur,mm/day,UKESM1-0-LL,0.1499830,0.1878396,1,1,False,3
appalachian_interior,MAM,pr_mean,G6solar - SSP5-8.5,mm/day,CNRM-ESM2-1,-0.1980885,-0.3612136,-1,-1,False,3
appalachian_interior,MAM,pr_mean,G6solar - SSP5-8.5,mm/day,IPSL-CM6A-LR,-0.1980885,-0.1289269,-1,-1,False,3
appalachian_interior,MAM,pr_mean,G6solar - SSP5-8.5,mm/day,MPI-ESM1-2-LR,-0.1980885,-0.2673789,-1,-1,False,3
appalachian_interior,MAM,pr_mean,G6solar - SSP5-8.5,mm/day,UKESM1-0-LL,-0.1980885,-0.0348344,-1,-1,False,3
appalachian_interior,MAM,pr_mean,G6sulfur - SSP5-8.5,mm/day,CNRM-ESM2-1,-0.3480715,-0.4613583,-1,-1,False,3
appalachian_interior,MAM,pr_mean,G6sulfur - SSP5-8.5,mm/day,IPSL-CM6A-LR,-0.3480715,-0.2596600,-1,-1,False,3
appalachian_interior,MAM,pr_mean,G6sulfur - SSP5-8.5,mm/day,MPI-ESM1-2-LR,-0.3480715,-0.4485937,-1,-1,False,3
appalachian_interior,MAM,pr_mean,G6sulfur - SSP5-8.5,mm/day,UKESM1-0-LL,-0.3480715,-0.2226741,-1,-1,False,3
appalachian_interior,MAM,tasmax_mean,G6solar - G6sulfur,degC,CNRM-ESM2-1,-0.2060818,-0.4024751,-1,-1,False,3
appalachian_interior,MAM,tasmax_mean,G6solar - G6sulfur,degC,IPSL-CM6A-LR,-0.2060818,-0.0619460,-1,-1,False,3
appalachian_interior,MAM,tasmax_mean,G6solar - G6sulfur,degC,MPI-ESM1-2-LR,-0.2060818,-0.0853612,-1,-1,False,3
appalachian_interior,MAM,tasmax_mean,G6solar - G6sulfur,degC,UKESM1-0-LL,-0.2060818,-0.2745451,-1,-1,False,3
appalachian_interior,MAM,tasmax_mean,G6solar - SSP5-8.5,degC,CNRM-ESM2-1,-2.1525639,-2.3550939,-1,-1,False,3
appalachian_interior,MAM,tasmax_mean,G6solar - SSP5-8.5,degC,IPSL-CM6A-LR,-2.1525639,-1.9601249,-1,-1,False,3
appalachian_interior,MAM,tasmax_mean,G6solar - SSP5-8.5,degC,MPI-ESM1-2-LR,-2.1525639,-2.2522364,-1,-1,False,3
appalachian_interior,MAM,tasmax_mean,G6solar - SSP5-8.5,degC,UKESM1-0-LL,-2.1525639,-2.0428006,-1,-1,False,3
appalachian_interior,MAM,tasmax_mean,G6sulfur - SSP5-8.5,degC,CNRM-ESM2-1,-1.9464821,-1.9526188,-1,-1,False,3
appalachian_interior,MAM,tasmax_mean,G6sulfur - SSP5-8.5,degC,IPSL-CM6A-LR,-1.9464821,-1.8981789,-1,-1,False,3
appalachian_interior,MAM,tasmax_mean,G6sulfur - SSP5-8.5,degC,MPI-ESM1-2-LR,-1.9464821,-2.1668751,-1,-1,False,3
appalachian_interior,MAM,tasmax_mean,G6sulfur - SSP5-8.5,degC,UKESM1-0-LL,-1.9464821,-1.7682556,-1,-1,False,3
appalachian_interior,SON,pr_mean,G6solar - G6sulfur,mm/day,CNRM-ESM2-1,0.0820499,0.0807387,1,1,False,3
appalachian_interior,SON,pr_mean,G6solar - G6sulfur,mm/day,IPSL-CM6A-LR,0.0820499,0.1956737,1,1,False,3
appalachian_interior,SON,pr_mean,G6solar - G6sulfur,mm/day,MPI-ESM1-2-LR,0.0820499,0.0168056,1,1,False,3
appalachian_interior,SON,pr_mean,G6solar - G6sulfur,mm/day,UKESM1-0-LL,0.0820499,0.0349816,1,1,False,3
appalachian_interior,SON,pr_mean,G6solar - SSP5-8.5,mm/day,CNRM-ESM2-1,-0.2043075,-0.2899276,-1,-1,False,3
appalachian_interior,SON,pr_mean,G6solar - SSP5-8.5,mm/day,IPSL-CM6A-LR,-0.2043075,-0.1489670,-1,-1,False,3
appalachian_interior,SON,pr_mean,G6solar - SSP5-8.5,mm/day,MPI-ESM1-2-LR,-0.2043075,-0.2185894,-1,-1,False,3
appalachian_interior,SON,pr_mean,G6solar - SSP5-8.5,mm/day,UKESM1-0-LL,-0.2043075,-0.1597460,-1,-1,False,3
appalachian_interior,SON,pr_mean,G6sulfur - SSP5-8.5,mm/day,CNRM-ESM2-1,-0.2863574,-0.3706664,-1,-1,False,3
appalachian_interior,SON,pr_mean,G6sulfur - SSP5-8.5,mm/day,IPSL-CM6A-LR,-0.2863574,-0.3446407,-1,-1,False,3
appalachian_interior,SON,pr_mean,G6sulfur - SSP5-8.5,mm/day,MPI-ESM1-2-LR,-0.2863574,-0.2353950,-1,-1,False,3
appalachian_interior,SON,pr_mean,G6sulfur - SSP5-8.5,mm/day,UKESM1-0-LL,-0.2863574,-0.1947276,-1,-1,False,3
appalachian_interior,SON,tasmax_mean,G6solar - G6sulfur,degC,CNRM-ESM2-1,-0.4772328,-0.6039208,-1,-1,False,3
appalachian_interior,SON,tasmax_mean,G6solar - G6sulfur,degC,IPSL-CM6A-LR,-0.4772328,-0.4887921,-1,-1,False,3
appalachian_interior,SON,tasmax_mean,G6solar - G6sulfur,degC,MPI-ESM1-2-LR,-0.4772328,-0.3281239,-1,-1,False,3
appalachian_interior,SON,tasmax_mean,G6solar - G6sulfur,degC,UKESM1-0-LL,-0.4772328,-0.4880946,-1,-1,False,3
appalachian_interior,SON,tasmax_mean,G6solar - SSP5-8.5,degC,CNRM-ESM2-1,-2.4764652,-2.7239862,-1,-1,False,3
appalachian_interior,SON,tasmax_mean,G6solar - SSP5-8.5,degC,IPSL-CM6A-LR,-2.4764652,-2.5157688,-1,-1,False,3
appalachian_interior,SON,tasmax_mean,G6solar - SSP5-8.5,degC,MPI-ESM1-2-LR,-2.4764652,-2.5498605,-1,-1,False,3
appalachian_interior,SON,tasmax_mean,G6solar - SSP5-8.5,degC,UKESM1-0-LL,-2.4764652,-2.1162454,-1,-1,False,3
appalachian_interior,SON,tasmax_mean,G6sulfur - SSP5-8.5,degC,CNRM-ESM2-1,-1.9992324,-2.1200654,-1,-1,False,3
appalachian_interior,SON,tasmax_mean,G6sulfur - SSP5-8.5,degC,IPSL-CM6A-LR,-1.9992324,-2.0269767,-1,-1,False,3
appalachian_interior,SON,tasmax_mean,G6sulfur - SSP5-8.5,degC,MPI-ESM1-2-LR,-1.9992324,-2.2217366,-1,-1,False,3
appalachian_interior,SON,tasmax_mean,G6sulfur - SSP5-8.5,degC,UKESM1-0-LL,-1.9992324,-1.6281508,-1,-1,False,3
atlantic_southeast,ANN,pr_mean,G6solar - G6sulfur,mm/day,CNRM-ESM2-1,0.0050554,0.0201418,1,1,False,3
atlantic_southeast,ANN,pr_mean,G6solar - G6sulfur,mm/day,IPSL-CM6A-LR,0.0050554,-0.0235171,1,-1,True,3
atlantic_southeast,ANN,pr_mean,G6solar - G6sulfur,mm/day,MPI-ESM1-2-LR,0.0050554,-0.0163896,1,-1,True,3
atlantic_southeast,ANN,pr_mean,G6solar - G6sulfur,mm/day,UKESM1-0-LL,0.0050554,0.0399864,1,1,False,3
atlantic_southeast,ANN,pr_mean,G6solar - SSP5-8.5,mm/day,CNRM-ESM2-1,-0.1429346,-0.2176875,-1,-1,False,3
atlantic_southeast,ANN,pr_mean,G6solar - SSP5-8.5,mm/day,IPSL-CM6A-LR,-0.1429346,-0.1054004,-1,-1,False,3
atlantic_southeast,ANN,pr_mean,G6solar - SSP5-8.5,mm/day,MPI-ESM1-2-LR,-0.1429346,-0.1482570,-1,-1,False,3
atlantic_southeast,ANN,pr_mean,G6solar - SSP5-8.5,mm/day,UKESM1-0-LL,-0.1429346,-0.1003935,-1,-1,False,3
atlantic_southeast,ANN,pr_mean,G6sulfur - SSP5-8.5,mm/day,CNRM-ESM2-1,-0.1479900,-0.2378293,-1,-1,False,3
atlantic_southeast,ANN,pr_mean,G6sulfur - SSP5-8.5,mm/day,IPSL-CM6A-LR,-0.1479900,-0.0818832,-1,-1,False,3
atlantic_southeast,ANN,pr_mean,G6sulfur - SSP5-8.5,mm/day,MPI-ESM1-2-LR,-0.1479900,-0.1318674,-1,-1,False,3
atlantic_southeast,ANN,pr_mean,G6sulfur - SSP5-8.5,mm/day,UKESM1-0-LL,-0.1479900,-0.1403799,-1,-1,False,3
atlantic_southeast,ANN,tasmax_mean,G6solar - G6sulfur,degC,CNRM-ESM2-1,-0.4208414,-0.5836536,-1,-1,False,3
atlantic_southeast,ANN,tasmax_mean,G6solar - G6sulfur,degC,IPSL-CM6A-LR,-0.4208414,-0.3662846,-1,-1,False,3
atlantic_southeast,ANN,tasmax_mean,G6solar - G6sulfur,degC,MPI-ESM1-2-LR,-0.4208414,-0.2443619,-1,-1,False,3
atlantic_southeast,ANN,tasmax_mean,G6solar - G6sulfur,degC,UKESM1-0-LL,-0.4208414,-0.4890657,-1,-1,False,3
atlantic_southeast,ANN,tasmax_mean,G6solar - SSP5-8.5,degC,CNRM-ESM2-1,-1.9959326,-2.1350254,-1,-1,False,3
atlantic_southeast,ANN,tasmax_mean,G6solar - SSP5-8.5,degC,IPSL-CM6A-LR,-1.9959326,-1.9134152,-1,-1,False,3
atlantic_southeast,ANN,tasmax_mean,G6solar - SSP5-8.5,degC,MPI-ESM1-2-LR,-1.9959326,-2.1023154,-1,-1,False,3
atlantic_southeast,ANN,tasmax_mean,G6solar - SSP5-8.5,degC,UKESM1-0-LL,-1.9959326,-1.8329745,-1,-1,False,3
atlantic_southeast,ANN,tasmax_mean,G6sulfur - SSP5-8.5,degC,CNRM-ESM2-1,-1.5750912,-1.5513718,-1,-1,False,3
atlantic_southeast,ANN,tasmax_mean,G6sulfur - SSP5-8.5,degC,IPSL-CM6A-LR,-1.5750912,-1.5471306,-1,-1,False,3
atlantic_southeast,ANN,tasmax_mean,G6sulfur - SSP5-8.5,degC,MPI-ESM1-2-LR,-1.5750912,-1.8579535,-1,-1,False,3
atlantic_southeast,ANN,tasmax_mean,G6sulfur - SSP5-8.5,degC,UKESM1-0-LL,-1.5750912,-1.3439088,-1,-1,False,3
atlantic_southeast,DJF,pr_mean,G6solar - G6sulfur,mm/day,CNRM-ESM2-1,0.0088730,0.0342612,1,1,False,3
atlantic_southeast,DJF,pr_mean,G6solar - G6sulfur,mm/day,IPSL-CM6A-LR,0.0088730,0.0170793,1,1,False,3
atlantic_southeast,DJF,pr_mean,G6solar - G6sulfur,mm/day,MPI-ESM1-2-LR,0.0088730,-0.0196952,1,-1,True,3
atlantic_southeast,DJF,pr_mean,G6solar - G6sulfur,mm/day,UKESM1-0-LL,0.0088730,0.0038469,1,1,False,3
atlantic_southeast,DJF,pr_mean,G6solar - SSP5-8.5,mm/day,CNRM-ESM2-1,-0.1415350,-0.1929169,-1,-1,False,3
atlantic_southeast,DJF,pr_mean,G6solar - SSP5-8.5,mm/day,IPSL-CM6A-LR,-0.1415350,-0.0732686,-1,-1,False,3
atlantic_southeast,DJF,pr_mean,G6solar - SSP5-8.5,mm/day,MPI-ESM1-2-LR,-0.1415350,-0.0965109,-1,-1,False,3
atlantic_southeast,DJF,pr_mean,G6solar - SSP5-8.5,mm/day,UKESM1-0-LL,-0.1415350,-0.2034438,-1,-1,False,3
atlantic_southeast,DJF,pr_mean,G6sulfur - SSP5-8.5,mm/day,CNRM-ESM2-1,-0.1504081,-0.2271781,-1,-1,False,3
atlantic_southeast,DJF,pr_mean,G6sulfur - SSP5-8.5,mm/day,IPSL-CM6A-LR,-0.1504081,-0.0903478,-1,-1,False,3
atlantic_southeast,DJF,pr_mean,G6sulfur - SSP5-8.5,mm/day,MPI-ESM1-2-LR,-0.1504081,-0.0768157,-1,-1,False,3
atlantic_southeast,DJF,pr_mean,G6sulfur - SSP5-8.5,mm/day,UKESM1-0-LL,-0.1504081,-0.2072907,-1,-1,False,3
atlantic_southeast,DJF,tasmax_mean,G6solar - G6sulfur,degC,CNRM-ESM2-1,-0.8587142,-1.1943193,-1,-1,False,3
atlantic_southeast,DJF,tasmax_mean,G6solar - G6sulfur,degC,IPSL-CM6A-LR,-0.8587142,-0.8450340,-1,-1,False,3
atlantic_southeast,DJF,tasmax_mean,G6solar - G6sulfur,degC,MPI-ESM1-2-LR,-0.8587142,-0.4172932,-1,-1,False,3
atlantic_southeast,DJF,tasmax_mean,G6solar - G6sulfur,degC,UKESM1-0-LL,-0.8587142,-0.9782103,-1,-1,False,3
atlantic_southeast,DJF,tasmax_mean,G6solar - SSP5-8.5,degC,CNRM-ESM2-1,-1.6181686,-1.7914459,-1,-1,False,3
atlantic_southeast,DJF,tasmax_mean,G6solar - SSP5-8.5,degC,IPSL-CM6A-LR,-1.6181686,-1.3981652,-1,-1,False,3
atlantic_southeast,DJF,tasmax_mean,G6solar - SSP5-8.5,degC,MPI-ESM1-2-LR,-1.6181686,-1.7701572,-1,-1,False,3
atlantic_southeast,DJF,tasmax_mean,G6solar - SSP5-8.5,degC,UKESM1-0-LL,-1.6181686,-1.5129063,-1,-1,False,3
atlantic_southeast,DJF,tasmax_mean,G6sulfur - SSP5-8.5,degC,CNRM-ESM2-1,-0.7594544,-0.5971266,-1,-1,False,3
atlantic_southeast,DJF,tasmax_mean,G6sulfur - SSP5-8.5,degC,IPSL-CM6A-LR,-0.7594544,-0.5531311,-1,-1,False,3
atlantic_southeast,DJF,tasmax_mean,G6sulfur - SSP5-8.5,degC,MPI-ESM1-2-LR,-0.7594544,-1.3528640,-1,-1,False,3
atlantic_southeast,DJF,tasmax_mean,G6sulfur - SSP5-8.5,degC,UKESM1-0-LL,-0.7594544,-0.5346960,-1,-1,False,3
atlantic_southeast,JJA,pr_mean,G6solar - G6sulfur,mm/day,CNRM-ESM2-1,0.0388296,0.0351899,1,1,False,3
atlantic_southeast,JJA,pr_mean,G6solar - G6sulfur,mm/day,IPSL-CM6A-LR,0.0388296,-0.0285057,1,-1,True,3
atlantic_southeast,JJA,pr_mean,G6solar - G6sulfur,mm/day,MPI-ESM1-2-LR,0.0388296,0.1295861,1,1,False,3
atlantic_southeast,JJA,pr_mean,G6solar - G6sulfur,mm/day,UKESM1-0-LL,0.0388296,0.0190483,1,1,False,3
atlantic_southeast,JJA,pr_mean,G6solar - SSP5-8.5,mm/day,CNRM-ESM2-1,-0.0092434,-0.0510771,-1,-1,False,3
atlantic_southeast,JJA,pr_mean,G6solar - SSP5-8.5,mm/day,IPSL-CM6A-LR,-0.0092434,0.0172297,-1,1,True,3
atlantic_southeast,JJA,pr_mean,G6solar - SSP5-8.5,mm/day,MPI-ESM1-2-LR,-0.0092434,0.0295549,-1,1,True,3
atlantic_southeast,JJA,pr_mean,G6solar - SSP5-8.5,mm/day,UKESM1-0-LL,-0.0092434,-0.0326811,-1,-1,False,3
atlantic_southeast,JJA,pr_mean,G6sulfur - SSP5-8.5,mm/day,CNRM-ESM2-1,-0.0480730,-0.0862670,-1,-1,False,3
atlantic_southeast,JJA,pr_mean,G6sulfur - SSP5-8.5,mm/day,IPSL-CM6A-LR,-0.0480730,0.0457354,-1,1,True,3
atlantic_southeast,JJA,pr_mean,G6sulfur - SSP5-8.5,mm/day,MPI-ESM1-2-LR,-0.0480730,-0.1000311,-1,-1,False,3
atlantic_southeast,JJA,pr_mean,G6sulfur - SSP5-8.5,mm/day,UKESM1-0-LL,-0.0480730,-0.0517294,-1,-1,False,3
atlantic_southeast,JJA,tasmax_mean,G6solar - G6sulfur,degC,CNRM-ESM2-1,-0.2569032,-0.3025781,-1,-1,False,3
atlantic_southeast,JJA,tasmax_mean,G6solar - G6sulfur,degC,IPSL-CM6A-LR,-0.2569032,-0.1921530,-1,-1,False,3
atlantic_southeast,JJA,tasmax_mean,G6solar - G6sulfur,degC,MPI-ESM1-2-LR,-0.2569032,-0.2749852,-1,-1,False,3
atlantic_southeast,JJA,tasmax_mean,G6solar - G6sulfur,degC,UKESM1-0-LL,-0.2569032,-0.2578965,-1,-1,False,3
atlantic_southeast,JJA,tasmax_mean,G6solar - SSP5-8.5,degC,CNRM-ESM2-1,-2.2169448,-2.3146491,-1,-1,False,3
atlantic_southeast,JJA,tasmax_mean,G6solar - SSP5-8.5,degC,IPSL-CM6A-LR,-2.2169448,-2.1948057,-1,-1,False,3
atlantic_southeast,JJA,tasmax_mean,G6solar - SSP5-8.5,degC,MPI-ESM1-2-LR,-2.2169448,-2.3790864,-1,-1,False,3
atlantic_southeast,JJA,tasmax_mean,G6solar - SSP5-8.5,degC,UKESM1-0-LL,-2.2169448,-1.9792382,-1,-1,False,3
atlantic_southeast,JJA,tasmax_mean,G6sulfur - SSP5-8.5,degC,CNRM-ESM2-1,-1.9600416,-2.0120709,-1,-1,False,3
atlantic_southeast,JJA,tasmax_mean,G6sulfur - SSP5-8.5,degC,IPSL-CM6A-LR,-1.9600416,-2.0026527,-1,-1,False,3
atlantic_southeast,JJA,tasmax_mean,G6sulfur - SSP5-8.5,degC,MPI-ESM1-2-LR,-1.9600416,-2.1041012,-1,-1,False,3
atlantic_southeast,JJA,tasmax_mean,G6sulfur - SSP5-8.5,degC,UKESM1-0-LL,-1.9600416,-1.7213417,-1,-1,False,3
atlantic_southeast,MAM,pr_mean,G6solar - G6sulfur,mm/day,CNRM-ESM2-1,-0.0702493,-0.0915674,-1,-1,False,3
atlantic_southeast,MAM,pr_mean,G6solar - G6sulfur,mm/day,IPSL-CM6A-LR,-0.0702493,-0.1314749,-1,-1,False,3
atlantic_southeast,MAM,pr_mean,G6solar - G6sulfur,mm/day,MPI-ESM1-2-LR,-0.0702493,-0.1539003,-1,-1,False,3
atlantic_southeast,MAM,pr_mean,G6solar - G6sulfur,mm/day,UKESM1-0-LL,-0.0702493,0.0959455,-1,1,True,3
atlantic_southeast,MAM,pr_mean,G6solar - SSP5-8.5,mm/day,CNRM-ESM2-1,-0.1313559,-0.2793684,-1,-1,False,3
atlantic_southeast,MAM,pr_mean,G6solar - SSP5-8.5,mm/day,IPSL-CM6A-LR,-0.1313559,-0.1332159,-1,-1,False,3
atlantic_southeast,MAM,pr_mean,G6solar - SSP5-8.5,mm/day,MPI-ESM1-2-LR,-0.1313559,-0.1646194,-1,-1,False,3
atlantic_southeast,MAM,pr_mean,G6solar - SSP5-8.5,mm/day,UKESM1-0-LL,-0.1313559,0.0517799,-1,1,True,3
atlantic_southeast,MAM,pr_mean,G6sulfur - SSP5-8.5,mm/day,CNRM-ESM2-1,-0.0611067,-0.1878010,-1,-1,False,3
atlantic_southeast,MAM,pr_mean,G6sulfur - SSP5-8.5,mm/day,IPSL-CM6A-LR,-0.0611067,-0.0017409,-1,-1,False,3
atlantic_southeast,MAM,pr_mean,G6sulfur - SSP5-8.5,mm/day,MPI-ESM1-2-LR,-0.0611067,-0.0107191,-1,-1,False,3
atlantic_southeast,MAM,pr_mean,G6sulfur - SSP5-8.5,mm/day,UKESM1-0-LL,-0.0611067,-0.0441656,-1,-1,False,3
atlantic_southeast,MAM,tasmax_mean,G6solar - G6sulfur,degC,CNRM-ESM2-1,-0.2449082,-0.4088094,-1,-1,False,3
atlantic_southeast,MAM,tasmax_mean,G6solar - G6sulfur,degC,IPSL-CM6A-LR,-0.2449082,-0.1315166,-1,-1,False,3
atlantic_southeast,MAM,tasmax_mean,G6solar - G6sulfur,degC,MPI-ESM1-2-LR,-0.2449082,-0.1187747,-1,-1,False,3
atlantic_southeast,MAM,tasmax_mean,G6solar - G6sulfur,degC,UKESM1-0-LL,-0.2449082,-0.3205320,-1,-1,False,3
atlantic_southeast,MAM,tasmax_mean,G6solar - SSP5-8.5,degC,CNRM-ESM2-1,-1.9879135,-2.1223659,-1,-1,False,3
atlantic_southeast,MAM,tasmax_mean,G6solar - SSP5-8.5,degC,IPSL-CM6A-LR,-1.9879135,-1.8545770,-1,-1,False,3
atlantic_southeast,MAM,tasmax_mean,G6solar - SSP5-8.5,degC,MPI-ESM1-2-LR,-1.9879135,-2.0721602,-1,-1,False,3
atlantic_southeast,MAM,tasmax_mean,G6solar - SSP5-8.5,degC,UKESM1-0-LL,-1.9879135,-1.9025510,-1,-1,False,3
atlantic_southeast,MAM,tasmax_mean,G6sulfur - SSP5-8.5,degC,CNRM-ESM2-1,-1.7430054,-1.7135565,-1,-1,False,3
atlantic_southeast,MAM,tasmax_mean,G6sulfur - SSP5-8.5,degC,IPSL-CM6A-LR,-1.7430054,-1.7230605,-1,-1,False,3
atlantic_southeast,MAM,tasmax_mean,G6sulfur - SSP5-8.5,degC,MPI-ESM1-2-LR,-1.7430054,-1.9533855,-1,-1,False,3
atlantic_southeast,MAM,tasmax_mean,G6sulfur - SSP5-8.5,degC,UKESM1-0-LL,-1.7430054,-1.5820190,-1,-1,False,3
atlantic_southeast,SON,pr_mean,G6solar - G6sulfur,mm/day,CNRM-ESM2-1,0.0321428,0.0971780,1,1,False,3
atlantic_southeast,SON,pr_mean,G6solar - G6sulfur,mm/day,IPSL-CM6A-LR,0.0321428,0.0417760,1,1,False,3
atlantic_southeast,SON,pr_mean,G6solar - G6sulfur,mm/day,MPI-ESM1-2-LR,0.0321428,-0.0403363,1,-1,True,3
atlantic_southeast,SON,pr_mean,G6solar - G6sulfur,mm/day,UKESM1-0-LL,0.0321428,0.0299534,1,1,False,3
atlantic_southeast,SON,pr_mean,G6solar - SSP5-8.5,mm/day,CNRM-ESM2-1,-0.2967312,-0.3553047,-1,-1,False,3
atlantic_southeast,SON,pr_mean,G6solar - SSP5-8.5,mm/day,IPSL-CM6A-LR,-0.2967312,-0.2330407,-1,-1,False,3
atlantic_southeast,SON,pr_mean,G6solar - SSP5-8.5,mm/day,MPI-ESM1-2-LR,-0.2967312,-0.3635459,-1,-1,False,3
atlantic_southeast,SON,pr_mean,G6solar - SSP5-8.5,mm/day,UKESM1-0-LL,-0.2967312,-0.2350334,-1,-1,False,3
atlantic_southeast,SON,pr_mean,G6sulfur - SSP5-8.5,mm/day,CNRM-ESM2-1,-0.3288740,-0.4524827,-1,-1,False,3
atlantic_southeast,SON,pr_mean,G6sulfur - SSP5-8.5,mm/day,IPSL-CM6A-LR,-0.3288740,-0.2748167,-1,-1,False,3
atlantic_southeast,SON,pr_mean,G6sulfur - SSP5-8.5,mm/day,MPI-ESM1-2-LR,-0.3288740,-0.3232096,-1,-1,False,3
atlantic_southeast,SON,pr_mean,G6sulfur - SSP5-8.5,mm/day,UKESM1-0-LL,-0.3288740,-0.2649868,-1,-1,False,3
atlantic_southeast,SON,tasmax_mean,G6solar - G6sulfur,degC,CNRM-ESM2-1,-0.3767812,-0.4935129,-1,-1,False,3
atlantic_southeast,SON,tasmax_mean,G6solar - G6sulfur,degC,IPSL-CM6A-LR,-0.3767812,-0.3487499,-1,-1,False,3
atlantic_southeast,SON,tasmax_mean,G6solar - G6sulfur,degC,MPI-ESM1-2-LR,-0.3767812,-0.2362717,-1,-1,False,3
atlantic_southeast,SON,tasmax_mean,G6solar - G6sulfur,degC,UKESM1-0-LL,-0.3767812,-0.4285904,-1,-1,False,3
atlantic_southeast,SON,tasmax_mean,G6solar - SSP5-8.5,degC,CNRM-ESM2-1,-2.1949340,-2.3821058,-1,-1,False,3
atlantic_southeast,SON,tasmax_mean,G6solar - SSP5-8.5,degC,IPSL-CM6A-LR,-2.1949340,-2.2149412,-1,-1,False,3
atlantic_southeast,SON,tasmax_mean,G6solar - SSP5-8.5,degC,MPI-ESM1-2-LR,-2.1949340,-2.2513466,-1,-1,False,3
atlantic_southeast,SON,tasmax_mean,G6solar - SSP5-8.5,degC,UKESM1-0-LL,-2.1949340,-1.9313424,-1,-1,False,3
atlantic_southeast,SON,tasmax_mean,G6sulfur - SSP5-8.5,degC,CNRM-ESM2-1,-1.8181528,-1.8885928,-1,-1,False,3
atlantic_southeast,SON,tasmax_mean,G6sulfur - SSP5-8.5,degC,IPSL-CM6A-LR,-1.8181528,-1.8661913,-1,-1,False,3
atlantic_southeast,SON,tasmax_mean,G6sulfur - SSP5-8.5,degC,MPI-ESM1-2-LR,-1.8181528,-2.0150749,-1,-1,False,3
atlantic_southeast,SON,tasmax_mean,G6sulfur - SSP5-8.5,degC,UKESM1-0-LL,-1.8181528,-1.5027520,-1,-1,False,3
gulf_coast,ANN,pr_mean,G6solar - G6sulfur,mm/day,CNRM-ESM2-1,0.0105678,0.0011387,1,1,False,3
gulf_coast,ANN,pr_mean,G6solar - G6sulfur,mm/day,IPSL-CM6A-LR,0.0105678,0.0429703,1,1,False,3
gulf_coast,ANN,pr_mean,G6solar - G6sulfur,mm/day,MPI-ESM1-2-LR,0.0105678,-0.0121099,1,-1,True,3
gulf_coast,ANN,pr_mean,G6solar - G6sulfur,mm/day,UKESM1-0-LL,0.0105678,0.0102720,1,1,False,3
gulf_coast,ANN,pr_mean,G6solar - SSP5-8.5,mm/day,CNRM-ESM2-1,-0.0315312,-0.0464823,-1,-1,False,3
gulf_coast,ANN,pr_mean,G6solar - SSP5-8.5,mm/day,IPSL-CM6A-LR,-0.0315312,-0.0403715,-1,-1,False,3
gulf_coast,ANN,pr_mean,G6solar - SSP5-8.5,mm/day,MPI-ESM1-2-LR,-0.0315312,-0.0488760,-1,-1,False,3
gulf_coast,ANN,pr_mean,G6solar - SSP5-8.5,mm/day,UKESM1-0-LL,-0.0315312,0.0096048,-1,1,True,3
gulf_coast,ANN,pr_mean,G6sulfur - SSP5-8.5,mm/day,CNRM-ESM2-1,-0.0420990,-0.0476210,-1,-1,False,3
gulf_coast,ANN,pr_mean,G6sulfur - SSP5-8.5,mm/day,IPSL-CM6A-LR,-0.0420990,-0.0833418,-1,-1,False,3
gulf_coast,ANN,pr_mean,G6sulfur - SSP5-8.5,mm/day,MPI-ESM1-2-LR,-0.0420990,-0.0367660,-1,-1,False,3
gulf_coast,ANN,pr_mean,G6sulfur - SSP5-8.5,mm/day,UKESM1-0-LL,-0.0420990,-0.0006672,-1,-1,False,3
gulf_coast,ANN,tasmax_mean,G6solar - G6sulfur,degC,CNRM-ESM2-1,-0.3972113,-0.5044838,-1,-1,False,3
gulf_coast,ANN,tasmax_mean,G6solar - G6sulfur,degC,IPSL-CM6A-LR,-0.3972113,-0.4088774,-1,-1,False,3
gulf_coast,ANN,tasmax_mean,G6solar - G6sulfur,degC,MPI-ESM1-2-LR,-0.3972113,-0.1858289,-1,-1,False,3
gulf_coast,ANN,tasmax_mean,G6solar - G6sulfur,degC,UKESM1-0-LL,-0.3972113,-0.4896552,-1,-1,False,3
gulf_coast,ANN,tasmax_mean,G6solar - SSP5-8.5,degC,CNRM-ESM2-1,-2.0683550,-2.2120519,-1,-1,False,3
gulf_coast,ANN,tasmax_mean,G6solar - SSP5-8.5,degC,IPSL-CM6A-LR,-2.0683550,-2.0378052,-1,-1,False,3
gulf_coast,ANN,tasmax_mean,G6solar - SSP5-8.5,degC,MPI-ESM1-2-LR,-2.0683550,-2.1398961,-1,-1,False,3
gulf_coast,ANN,tasmax_mean,G6solar - SSP5-8.5,degC,UKESM1-0-LL,-2.0683550,-1.8836668,-1,-1,False,3
gulf_coast,ANN,tasmax_mean,G6sulfur - SSP5-8.5,degC,CNRM-ESM2-1,-1.6711437,-1.7075680,-1,-1,False,3
gulf_coast,ANN,tasmax_mean,G6sulfur - SSP5-8.5,degC,IPSL-CM6A-LR,-1.6711437,-1.6289278,-1,-1,False,3
gulf_coast,ANN,tasmax_mean,G6sulfur - SSP5-8.5,degC,MPI-ESM1-2-LR,-1.6711437,-1.9540672,-1,-1,False,3
gulf_coast,ANN,tasmax_mean,G6sulfur - SSP5-8.5,degC,UKESM1-0-LL,-1.6711437,-1.3940116,-1,-1,False,3
gulf_coast,DJF,pr_mean,G6solar - G6sulfur,mm/day,CNRM-ESM2-1,0.0447624,0.0438231,1,1,False,3
gulf_coast,DJF,pr_mean,G6solar - G6sulfur,mm/day,IPSL-CM6A-LR,0.0447624,0.1260803,1,1,False,3
gulf_coast,DJF,pr_mean,G6solar - G6sulfur,mm/day,MPI-ESM1-2-LR,0.0447624,-0.0425771,1,-1,True,3
gulf_coast,DJF,pr_mean,G6solar - G6sulfur,mm/day,UKESM1-0-LL,0.0447624,0.0517235,1,1,False,3
gulf_coast,DJF,pr_mean,G6solar - SSP5-8.5,mm/day,CNRM-ESM2-1,-0.0582050,-0.1427257,-1,-1,False,3
gulf_coast,DJF,pr_mean,G6solar - SSP5-8.5,mm/day,IPSL-CM6A-LR,-0.0582050,-0.0045962,-1,-1,False,3
gulf_coast,DJF,pr_mean,G6solar - SSP5-8.5,mm/day,MPI-ESM1-2-LR,-0.0582050,-0.0926999,-1,-1,False,3
gulf_coast,DJF,pr_mean,G6solar - SSP5-8.5,mm/day,UKESM1-0-LL,-0.0582050,0.0072018,-1,1,True,3
gulf_coast,DJF,pr_mean,G6sulfur - SSP5-8.5,mm/day,CNRM-ESM2-1,-0.1029674,-0.1865488,-1,-1,False,3
gulf_coast,DJF,pr_mean,G6sulfur - SSP5-8.5,mm/day,IPSL-CM6A-LR,-0.1029674,-0.1306765,-1,-1,False,3
gulf_coast,DJF,pr_mean,G6sulfur - SSP5-8.5,mm/day,MPI-ESM1-2-LR,-0.1029674,-0.0501228,-1,-1,False,3
gulf_coast,DJF,pr_mean,G6sulfur - SSP5-8.5,mm/day,UKESM1-0-LL,-0.1029674,-0.0445217,-1,-1,False,3
gulf_coast,DJF,tasmax_mean,G6solar - G6sulfur,degC,CNRM-ESM2-1,-0.6916696,-0.9050584,-1,-1,False,3
gulf_coast,DJF,tasmax_mean,G6solar - G6sulfur,degC,IPSL-CM6A-LR,-0.6916696,-0.7635816,-1,-1,False,3
gulf_coast,DJF,tasmax_mean,G6solar - G6sulfur,degC,MPI-ESM1-2-LR,-0.6916696,-0.2382030,-1,-1,False,3
gulf_coast,DJF,tasmax_mean,G6solar - G6sulfur,degC,UKESM1-0-LL,-0.6916696,-0.8598356,-1,-1,False,3
gulf_coast,DJF,tasmax_mean,G6solar - SSP5-8.5,degC,CNRM-ESM2-1,-1.7184391,-1.7867357,-1,-1,False,3
gulf_coast,DJF,tasmax_mean,G6solar - SSP5-8.5,degC,IPSL-CM6A-LR,-1.7184391,-1.6367379,-1,-1,False,3
gulf_coast,DJF,tasmax_mean,G6solar - SSP5-8.5,degC,MPI-ESM1-2-LR,-1.7184391,-1.8967338,-1,-1,False,3
gulf_coast,DJF,tasmax_mean,G6solar - SSP5-8.5,degC,UKESM1-0-LL,-1.7184391,-1.5535491,-1,-1,False,3
gulf_coast,DJF,tasmax_mean,G6sulfur - SSP5-8.5,degC,CNRM-ESM2-1,-1.0267695,-0.8816774,-1,-1,False,3
gulf_coast,DJF,tasmax_mean,G6sulfur - SSP5-8.5,degC,IPSL-CM6A-LR,-1.0267695,-0.8731564,-1,-1,False,3
gulf_coast,DJF,tasmax_mean,G6sulfur - SSP5-8.5,degC,MPI-ESM1-2-LR,-1.0267695,-1.6585308,-1,-1,False,3
gulf_coast,DJF,tasmax_mean,G6sulfur - SSP5-8.5,degC,UKESM1-0-LL,-1.0267695,-0.6937135,-1,-1,False,3
gulf_coast,JJA,pr_mean,G6solar - G6sulfur,mm/day,CNRM-ESM2-1,0.1291241,0.0527553,1,1,False,3
gulf_coast,JJA,pr_mean,G6solar - G6sulfur,mm/day,IPSL-CM6A-LR,0.1291241,0.0466067,1,1,False,3
gulf_coast,JJA,pr_mean,G6solar - G6sulfur,mm/day,MPI-ESM1-2-LR,0.1291241,0.2339767,1,1,False,3
gulf_coast,JJA,pr_mean,G6solar - G6sulfur,mm/day,UKESM1-0-LL,0.1291241,0.1831577,1,1,False,3
gulf_coast,JJA,pr_mean,G6solar - SSP5-8.5,mm/day,CNRM-ESM2-1,0.1699400,0.2254645,1,1,False,3
gulf_coast,JJA,pr_mean,G6solar - SSP5-8.5,mm/day,IPSL-CM6A-LR,0.1699400,0.1337214,1,1,False,3
gulf_coast,JJA,pr_mean,G6solar - SSP5-8.5,mm/day,MPI-ESM1-2-LR,0.1699400,0.2004511,1,1,False,3
gulf_coast,JJA,pr_mean,G6solar - SSP5-8.5,mm/day,UKESM1-0-LL,0.1699400,0.1201230,1,1,False,3
gulf_coast,JJA,pr_mean,G6sulfur - SSP5-8.5,mm/day,CNRM-ESM2-1,0.0408159,0.1727092,1,1,False,3
gulf_coast,JJA,pr_mean,G6sulfur - SSP5-8.5,mm/day,IPSL-CM6A-LR,0.0408159,0.0871147,1,1,False,3
gulf_coast,JJA,pr_mean,G6sulfur - SSP5-8.5,mm/day,MPI-ESM1-2-LR,0.0408159,-0.0335257,1,-1,True,3
gulf_coast,JJA,pr_mean,G6sulfur - SSP5-8.5,mm/day,UKESM1-0-LL,0.0408159,-0.0630346,1,-1,True,3
gulf_coast,JJA,tasmax_mean,G6solar - G6sulfur,degC,CNRM-ESM2-1,-0.3725135,-0.3523831,-1,-1,False,3
gulf_coast,JJA,tasmax_mean,G6solar - G6sulfur,degC,IPSL-CM6A-LR,-0.3725135,-0.3720932,-1,-1,False,3
gulf_coast,JJA,tasmax_mean,G6solar - G6sulfur,degC,MPI-ESM1-2-LR,-0.3725135,-0.3355610,-1,-1,False,3
gulf_coast,JJA,tasmax_mean,G6solar - G6sulfur,degC,UKESM1-0-LL,-0.3725135,-0.4300165,-1,-1,False,3
gulf_coast,JJA,tasmax_mean,G6solar - SSP5-8.5,degC,CNRM-ESM2-1,-2.3562453,-2.5471676,-1,-1,False,3
gulf_coast,JJA,tasmax_mean,G6solar - SSP5-8.5,degC,IPSL-CM6A-LR,-2.3562453,-2.3550855,-1,-1,False,3
gulf_coast,JJA,tasmax_mean,G6solar - SSP5-8.5,degC,MPI-ESM1-2-LR,-2.3562453,-2.4243041,-1,-1,False,3
gulf_coast,JJA,tasmax_mean,G6solar - SSP5-8.5,degC,UKESM1-0-LL,-2.3562453,-2.0984241,-1,-1,False,3
gulf_coast,JJA,tasmax_mean,G6sulfur - SSP5-8.5,degC,CNRM-ESM2-1,-1.9837319,-2.1947844,-1,-1,False,3
gulf_coast,JJA,tasmax_mean,G6sulfur - SSP5-8.5,degC,IPSL-CM6A-LR,-1.9837319,-1.9829923,-1,-1,False,3
gulf_coast,JJA,tasmax_mean,G6sulfur - SSP5-8.5,degC,MPI-ESM1-2-LR,-1.9837319,-2.0887431,-1,-1,False,3
gulf_coast,JJA,tasmax_mean,G6sulfur - SSP5-8.5,degC,UKESM1-0-LL,-1.9837319,-1.6684076,-1,-1,False,3
gulf_coast,MAM,pr_mean,G6solar - G6sulfur,mm/day,CNRM-ESM2-1,-0.2007748,-0.2127488,-1,-1,False,3
gulf_coast,MAM,pr_mean,G6solar - G6sulfur,mm/day,IPSL-CM6A-LR,-0.2007748,-0.0990828,-1,-1,False,3
gulf_coast,MAM,pr_mean,G6solar - G6sulfur,mm/day,MPI-ESM1-2-LR,-0.2007748,-0.2897445,-1,-1,False,3
gulf_coast,MAM,pr_mean,G6solar - G6sulfur,mm/day,UKESM1-0-LL,-0.2007748,-0.2015231,-1,-1,False,3
gulf_coast,MAM,pr_mean,G6solar - SSP5-8.5,mm/day,CNRM-ESM2-1,0.0133006,0.0454069,1,1,False,3
gulf_coast,MAM,pr_mean,G6solar - SSP5-8.5,mm/day,IPSL-CM6A-LR,0.0133006,-0.0523051,1,-1,True,3
gulf_coast,MAM,pr_mean,G6solar - SSP5-8.5,mm/day,MPI-ESM1-2-LR,0.0133006,-0.0386334,1,-1,True,3
gulf_coast,MAM,pr_mean,G6solar - SSP5-8.5,mm/day,UKESM1-0-LL,0.0133006,0.0987340,1,1,False,3
gulf_coast,MAM,pr_mean,G6sulfur - SSP5-8.5,mm/day,CNRM-ESM2-1,0.2140754,0.2581557,1,1,False,3
gulf_coast,MAM,pr_mean,G6sulfur - SSP5-8.5,mm/day,IPSL-CM6A-LR,0.2140754,0.0467777,1,1,False,3
gulf_coast,MAM,pr_mean,G6sulfur - SSP5-8.5,mm/day,MPI-ESM1-2-LR,0.2140754,0.2511111,1,1,False,3
gulf_coast,MAM,pr_mean,G6sulfur - SSP5-8.5,mm/day,UKESM1-0-LL,0.2140754,0.3002572,1,1,False,3
gulf_coast,MAM,tasmax_mean,G6solar - G6sulfur,degC,CNRM-ESM2-1,-0.2348723,-0.3594050,-1,-1,False,3
gulf_coast,MAM,tasmax_mean,G6solar - G6sulfur,degC,IPSL-CM6A-LR,-0.2348723,-0.2399640,-1,-1,False,3
gulf_coast,MAM,tasmax_mean,G6solar - G6sulfur,degC,MPI-ESM1-2-LR,-0.2348723,0.0252685,-1,1,True,3
gulf_coast,MAM,tasmax_mean,G6solar - G6sulfur,degC,UKESM1-0-LL,-0.2348723,-0.3653886,-1,-1,False,3
gulf_coast,MAM,tasmax_mean,G6solar - SSP5-8.5,degC,CNRM-ESM2-1,-2.1688274,-2.2924583,-1,-1,False,3
gulf_coast,MAM,tasmax_mean,G6solar - SSP5-8.5,degC,IPSL-CM6A-LR,-2.1688274,-2.1077896,-1,-1,False,3
gulf_coast,MAM,tasmax_mean,G6solar - SSP5-8.5,degC,MPI-ESM1-2-LR,-2.1688274,-2.1711953,-1,-1,False,3
gulf_coast,MAM,tasmax_mean,G6solar - SSP5-8.5,degC,UKESM1-0-LL,-2.1688274,-2.1038664,-1,-1,False,3
gulf_coast,MAM,tasmax_mean,G6sulfur - SSP5-8.5,degC,CNRM-ESM2-1,-1.9339551,-1.9330533,-1,-1,False,3
gulf_coast,MAM,tasmax_mean,G6sulfur - SSP5-8.5,degC,IPSL-CM6A-LR,-1.9339551,-1.8678256,-1,-1,False,3
gulf_coast,MAM,tasmax_mean,G6sulfur - SSP5-8.5,degC,MPI-ESM1-2-LR,-1.9339551,-2.1964639,-1,-1,False,3
gulf_coast,MAM,tasmax_mean,G6sulfur - SSP5-8.5,degC,UKESM1-0-LL,-1.9339551,-1.7384778,-1,-1,False,3
gulf_coast,SON,pr_mean,G6solar - G6sulfur,mm/day,CNRM-ESM2-1,0.0522089,0.1003536,1,1,False,3
gulf_coast,SON,pr_mean,G6solar - G6sulfur,mm/day,IPSL-CM6A-LR,0.0522089,0.0886908,1,1,False,3
gulf_coast,SON,pr_mean,G6solar - G6sulfur,mm/day,MPI-ESM1-2-LR,0.0522089,0.0302404,1,1,False,3
gulf_coast,SON,pr_mean,G6solar - G6sulfur,mm/day,UKESM1-0-LL,0.0522089,-0.0104491,1,-1,True,3
gulf_coast,SON,pr_mean,G6solar - SSP5-8.5,mm/day,CNRM-ESM2-1,-0.2747366,-0.3409223,-1,-1,False,3
gulf_coast,SON,pr_mean,G6solar - SSP5-8.5,mm/day,IPSL-CM6A-LR,-0.2747366,-0.2545543,-1,-1,False,3
gulf_coast,SON,pr_mean,G6solar - SSP5-8.5,mm/day,MPI-ESM1-2-LR,-0.2747366,-0.2818274,-1,-1,False,3
gulf_coast,SON,pr_mean,G6solar - SSP5-8.5,mm/day,UKESM1-0-LL,-0.2747366,-0.2216423,-1,-1,False,3
gulf_coast,SON,pr_mean,G6sulfur - SSP5-8.5,mm/day,CNRM-ESM2-1,-0.3269455,-0.4412759,-1,-1,False,3
gulf_coast,SON,pr_mean,G6sulfur - SSP5-8.5,mm/day,IPSL-CM6A-LR,-0.3269455,-0.3432451,-1,-1,False,3
gulf_coast,SON,pr_mean,G6sulfur - SSP5-8.5,mm/day,MPI-ESM1-2-LR,-0.3269455,-0.3120677,-1,-1,False,3
gulf_coast,SON,pr_mean,G6sulfur - SSP5-8.5,mm/day,UKESM1-0-LL,-0.3269455,-0.2111932,-1,-1,False,3
gulf_coast,SON,tasmax_mean,G6solar - G6sulfur,degC,CNRM-ESM2-1,-0.3200064,-0.4308552,-1,-1,False,3
gulf_coast,SON,tasmax_mean,G6solar - G6sulfur,degC,IPSL-CM6A-LR,-0.3200064,-0.2875011,-1,-1,False,3
gulf_coast,SON,tasmax_mean,G6solar - G6sulfur,degC,MPI-ESM1-2-LR,-0.3200064,-0.2378264,-1,-1,False,3
gulf_coast,SON,tasmax_mean,G6solar - G6sulfur,degC,UKESM1-0-LL,-0.3200064,-0.3238431,-1,-1,False,3
gulf_coast,SON,tasmax_mean,G6solar - SSP5-8.5,degC,CNRM-ESM2-1,-2.0393611,-2.2334931,-1,-1,False,3
gulf_coast,SON,tasmax_mean,G6solar - SSP5-8.5,degC,IPSL-CM6A-LR,-2.0393611,-2.0410537,-1,-1,False,3
gulf_coast,SON,tasmax_mean,G6solar - SSP5-8.5,degC,MPI-ESM1-2-LR,-2.0393611,-2.1253246,-1,-1,False,3
gulf_coast,SON,tasmax_mean,G6solar - SSP5-8.5,degC,UKESM1-0-LL,-2.0393611,-1.7575732,-1,-1,False,3
gulf_coast,SON,tasmax_mean,G6sulfur - SSP5-8.5,degC,CNRM-ESM2-1,-1.7193547,-1.8026379,-1,-1,False,3
gulf_coast,SON,tasmax_mean,G6sulfur - SSP5-8.5,degC,IPSL-CM6A-LR,-1.7193547,-1.7535527,-1,-1,False,3
gulf_coast,SON,tasmax_mean,G6sulfur - SSP5-8.5,degC,MPI-ESM1-2-LR,-1.7193547,-1.8874981,-1,-1,False,3
gulf_coast,SON,tasmax_mean,G6sulfur - SSP5-8.5,degC,UKESM1-0-LL,-1.7193547,-1.4337300,-1,-1,False,3
lower_mississippi,ANN,pr_mean,G6solar - G6sulfur,mm/day,CNRM-ESM2-1,0.0290300,0.0115451,1,1,False,3
lower_mississippi,ANN,pr_mean,G6solar - G6sulfur,mm/day,IPSL-CM6A-LR,0.0290300,0.0643942,1,1,False,3
lower_mississippi,ANN,pr_mean,G6solar - G6sulfur,mm/day,MPI-ESM1-2-LR,0.0290300,0.0459426,1,1,False,3
lower_mississippi,ANN,pr_mean,G6solar - G6sulfur,mm/day,UKESM1-0-LL,0.0290300,-0.0057617,1,-1,True,3
lower_mississippi,ANN,pr_mean,G6solar - SSP5-8.5,mm/day,CNRM-ESM2-1,-0.0903195,-0.0975605,-1,-1,False,3
lower_mississippi,ANN,pr_mean,G6solar - SSP5-8.5,mm/day,IPSL-CM6A-LR,-0.0903195,-0.0882907,-1,-1,False,3
lower_mississippi,ANN,pr_mean,G6solar - SSP5-8.5,mm/day,MPI-ESM1-2-LR,-0.0903195,-0.1244841,-1,-1,False,3
lower_mississippi,ANN,pr_mean,G6solar - SSP5-8.5,mm/day,UKESM1-0-LL,-0.0903195,-0.0509425,-1,-1,False,3
lower_mississippi,ANN,pr_mean,G6sulfur - SSP5-8.5,mm/day,CNRM-ESM2-1,-0.1193495,-0.1091056,-1,-1,False,3
lower_mississippi,ANN,pr_mean,G6sulfur - SSP5-8.5,mm/day,IPSL-CM6A-LR,-0.1193495,-0.1526849,-1,-1,False,3
lower_mississippi,ANN,pr_mean,G6sulfur - SSP5-8.5,mm/day,MPI-ESM1-2-LR,-0.1193495,-0.1704267,-1,-1,False,3
lower_mississippi,ANN,pr_mean,G6sulfur - SSP5-8.5,mm/day,UKESM1-0-LL,-0.1193495,-0.0451808,-1,-1,False,3
lower_mississippi,ANN,tasmax_mean,G6solar - G6sulfur,degC,CNRM-ESM2-1,-0.4343904,-0.5544611,-1,-1,False,3
lower_mississippi,ANN,tasmax_mean,G6solar - G6sulfur,degC,IPSL-CM6A-LR,-0.4343904,-0.4238612,-1,-1,False,3
lower_mississippi,ANN,tasmax_mean,G6solar - G6sulfur,degC,MPI-ESM1-2-LR,-0.4343904,-0.2719726,-1,-1,False,3
lower_mississippi,ANN,tasmax_mean,G6solar - G6sulfur,degC,UKESM1-0-LL,-0.4343904,-0.4872666,-1,-1,False,3
lower_mississippi,ANN,tasmax_mean,G6solar - SSP5-8.5,degC,CNRM-ESM2-1,-2.1293618,-2.3213517,-1,-1,False,3
lower_mississippi,ANN,tasmax_mean,G6solar - SSP5-8.5,degC,IPSL-CM6A-LR,-2.1293618,-2.0798349,-1,-1,False,3
lower_mississippi,ANN,tasmax_mean,G6solar - SSP5-8.5,degC,MPI-ESM1-2-LR,-2.1293618,-2.2203402,-1,-1,False,3
lower_mississippi,ANN,tasmax_mean,G6solar - SSP5-8.5,degC,UKESM1-0-LL,-2.1293618,-1.8959205,-1,-1,False,3
lower_mississippi,ANN,tasmax_mean,G6sulfur - SSP5-8.5,degC,CNRM-ESM2-1,-1.6949714,-1.7668906,-1,-1,False,3
lower_mississippi,ANN,tasmax_mean,G6sulfur - SSP5-8.5,degC,IPSL-CM6A-LR,-1.6949714,-1.6559738,-1,-1,False,3
lower_mississippi,ANN,tasmax_mean,G6sulfur - SSP5-8.5,degC,MPI-ESM1-2-LR,-1.6949714,-1.9483676,-1,-1,False,3
lower_mississippi,ANN,tasmax_mean,G6sulfur - SSP5-8.5,degC,UKESM1-0-LL,-1.6949714,-1.4086538,-1,-1,False,3
lower_mississippi,DJF,pr_mean,G6solar - G6sulfur,mm/day,CNRM-ESM2-1,-0.1324741,-0.1786994,-1,-1,False,3
lower_mississippi,DJF,pr_mean,G6solar - G6sulfur,mm/day,IPSL-CM6A-LR,-0.1324741,-0.0340267,-1,-1,False,3
lower_mississippi,DJF,pr_mean,G6solar - G6sulfur,mm/day,MPI-ESM1-2-LR,-0.1324741,-0.1663424,-1,-1,False,3
lower_mississippi,DJF,pr_mean,G6solar - G6sulfur,mm/day,UKESM1-0-LL,-0.1324741,-0.1508279,-1,-1,False,3
lower_mississippi,DJF,pr_mean,G6solar - SSP5-8.5,mm/day,CNRM-ESM2-1,-0.2306328,-0.3292159,-1,-1,False,3
lower_mississippi,DJF,pr_mean,G6solar - SSP5-8.5,mm/day,IPSL-CM6A-LR,-0.2306328,-0.0857249,-1,-1,False,3
lower_mississippi,DJF,pr_mean,G6solar - SSP5-8.5,mm/day,MPI-ESM1-2-LR,-0.2306328,-0.3397120,-1,-1,False,3
lower_mississippi,DJF,pr_mean,G6solar - SSP5-8.5,mm/day,UKESM1-0-LL,-0.2306328,-0.1678784,-1,-1,False,3
lower_mississippi,DJF,pr_mean,G6sulfur - SSP5-8.5,mm/day,CNRM-ESM2-1,-0.0981587,-0.1505165,-1,-1,False,3
lower_mississippi,DJF,pr_mean,G6sulfur - SSP5-8.5,mm/day,IPSL-CM6A-LR,-0.0981587,-0.0516982,-1,-1,False,3
lower_mississippi,DJF,pr_mean,G6sulfur - SSP5-8.5,mm/day,MPI-ESM1-2-LR,-0.0981587,-0.1733697,-1,-1,False,3
lower_mississippi,DJF,pr_mean,G6sulfur - SSP5-8.5,mm/day,UKESM1-0-LL,-0.0981587,-0.0170505,-1,-1,False,3
lower_mississippi,DJF,tasmax_mean,G6solar - G6sulfur,degC,CNRM-ESM2-1,-0.6515739,-0.8879659,-1,-1,False,3
lower_mississippi,DJF,tasmax_mean,G6solar - G6sulfur,degC,IPSL-CM6A-LR,-0.6515739,-0.7015231,-1,-1,False,3
lower_mississippi,DJF,tasmax_mean,G6solar - G6sulfur,degC,MPI-ESM1-2-LR,-0.6515739,-0.2443556,-1,-1,False,3
lower_mississippi,DJF,tasmax_mean,G6solar - G6sulfur,degC,UKESM1-0-LL,-0.6515739,-0.7724512,-1,-1,False,3
lower_mississippi,DJF,tasmax_mean,G6solar - SSP5-8.5,degC,CNRM-ESM2-1,-1.7740631,-1.8716593,-1,-1,False,3
lower_mississippi,DJF,tasmax_mean,G6solar - SSP5-8.5,degC,IPSL-CM6A-LR,-1.7740631,-1.6526646,-1,-1,False,3
lower_mississippi,DJF,tasmax_mean,G6solar - SSP5-8.5,degC,MPI-ESM1-2-LR,-1.7740631,-1.9939727,-1,-1,False,3
lower_mississippi,DJF,tasmax_mean,G6solar - SSP5-8.5,degC,UKESM1-0-LL,-1.7740631,-1.5779557,-1,-1,False,3
lower_mississippi,DJF,tasmax_mean,G6sulfur - SSP5-8.5,degC,CNRM-ESM2-1,-1.1224891,-0.9836935,-1,-1,False,3
lower_mississippi,DJF,tasmax_mean,G6sulfur - SSP5-8.5,degC,IPSL-CM6A-LR,-1.1224891,-0.9511415,-1,-1,False,3
lower_mississippi,DJF,tasmax_mean,G6sulfur - SSP5-8.5,degC,MPI-ESM1-2-LR,-1.1224891,-1.7496171,-1,-1,False,3
lower_mississippi,DJF,tasmax_mean,G6sulfur - SSP5-8.5,degC,UKESM1-0-LL,-1.1224891,-0.8055044,-1,-1,False,3
lower_mississippi,JJA,pr_mean,G6solar - G6sulfur,mm/day,CNRM-ESM2-1,0.1574437,0.1163820,1,1,False,3
lower_mississippi,JJA,pr_mean,G6solar - G6sulfur,mm/day,IPSL-CM6A-LR,0.1574437,0.0398689,1,1,False,3
lower_mississippi,JJA,pr_mean,G6solar - G6sulfur,mm/day,MPI-ESM1-2-LR,0.1574437,0.2843665,1,1,False,3
lower_mississippi,JJA,pr_mean,G6solar - G6sulfur,mm/day,UKESM1-0-LL,0.1574437,0.1891574,1,1,False,3
lower_mississippi,JJA,pr_mean,G6solar - SSP5-8.5,mm/day,CNRM-ESM2-1,0.0963142,0.2075634,1,1,False,3
lower_mississippi,JJA,pr_mean,G6solar - SSP5-8.5,mm/day,IPSL-CM6A-LR,0.0963142,0.0095345,1,1,False,3
lower_mississippi,JJA,pr_mean,G6solar - SSP5-8.5,mm/day,MPI-ESM1-2-LR,0.0963142,0.0760739,1,1,False,3
lower_mississippi,JJA,pr_mean,G6solar - SSP5-8.5,mm/day,UKESM1-0-LL,0.0963142,0.0920850,1,1,False,3
lower_mississippi,JJA,pr_mean,G6sulfur - SSP5-8.5,mm/day,CNRM-ESM2-1,-0.0611295,0.0911815,-1,1,True,3
lower_mississippi,JJA,pr_mean,G6sulfur - SSP5-8.5,mm/day,IPSL-CM6A-LR,-0.0611295,-0.0303344,-1,-1,False,3
lower_mississippi,JJA,pr_mean,G6sulfur - SSP5-8.5,mm/day,MPI-ESM1-2-LR,-0.0611295,-0.2082926,-1,-1,False,3
lower_mississippi,JJA,pr_mean,G6sulfur - SSP5-8.5,mm/day,UKESM1-0-LL,-0.0611295,-0.0970724,-1,-1,False,3
lower_mississippi,JJA,tasmax_mean,G6solar - G6sulfur,degC,CNRM-ESM2-1,-0.4256897,-0.4285540,-1,-1,False,3
lower_mississippi,JJA,tasmax_mean,G6solar - G6sulfur,degC,IPSL-CM6A-LR,-0.4256897,-0.3955153,-1,-1,False,3
lower_mississippi,JJA,tasmax_mean,G6solar - G6sulfur,degC,MPI-ESM1-2-LR,-0.4256897,-0.4448464,-1,-1,False,3
lower_mississippi,JJA,tasmax_mean,G6solar - G6sulfur,degC,UKESM1-0-LL,-0.4256897,-0.4338431,-1,-1,False,3
lower_mississippi,JJA,tasmax_mean,G6solar - SSP5-8.5,degC,CNRM-ESM2-1,-2.4618745,-2.7217141,-1,-1,False,3
lower_mississippi,JJA,tasmax_mean,G6solar - SSP5-8.5,degC,IPSL-CM6A-LR,-2.4618745,-2.4463100,-1,-1,False,3
lower_mississippi,JJA,tasmax_mean,G6solar - SSP5-8.5,degC,MPI-ESM1-2-LR,-2.4618745,-2.5386593,-1,-1,False,3
lower_mississippi,JJA,tasmax_mean,G6solar - SSP5-8.5,degC,UKESM1-0-LL,-2.4618745,-2.1408147,-1,-1,False,3
lower_mississippi,JJA,tasmax_mean,G6sulfur - SSP5-8.5,degC,CNRM-ESM2-1,-2.0361848,-2.2931601,-1,-1,False,3
lower_mississippi,JJA,tasmax_mean,G6sulfur - SSP5-8.5,degC,IPSL-CM6A-LR,-2.0361848,-2.0507947,-1,-1,False,3
lower_mississippi,JJA,tasmax_mean,G6sulfur - SSP5-8.5,degC,MPI-ESM1-2-LR,-2.0361848,-2.0938129,-1,-1,False,3
lower_mississippi,JJA,tasmax_mean,G6sulfur - SSP5-8.5,degC,UKESM1-0-LL,-2.0361848,-1.7069716,-1,-1,False,3
lower_mississippi,MAM,pr_mean,G6solar - G6sulfur,mm/day,CNRM-ESM2-1,-0.0359236,-0.0122023,-1,-1,False,3
lower_mississippi,MAM,pr_mean,G6solar - G6sulfur,mm/day,IPSL-CM6A-LR,-0.0359236,0.0305814,-1,1,True,3
lower_mississippi,MAM,pr_mean,G6solar - G6sulfur,mm/day,MPI-ESM1-2-LR,-0.0359236,-0.0689471,-1,-1,False,3
lower_mississippi,MAM,pr_mean,G6solar - G6sulfur,mm/day,UKESM1-0-LL,-0.0359236,-0.0931265,-1,-1,False,3
lower_mississippi,MAM,pr_mean,G6solar - SSP5-8.5,mm/day,CNRM-ESM2-1,-0.0519167,-0.0173282,-1,-1,False,3
lower_mississippi,MAM,pr_mean,G6solar - SSP5-8.5,mm/day,IPSL-CM6A-LR,-0.0519167,-0.1126982,-1,-1,False,3
lower_mississippi,MAM,pr_mean,G6solar - SSP5-8.5,mm/day,MPI-ESM1-2-LR,-0.0519167,-0.1370724,-1,-1,False,3
lower_mississippi,MAM,pr_mean,G6solar - SSP5-8.5,mm/day,UKESM1-0-LL,-0.0519167,0.0594319,-1,1,True,3
lower_mississippi,MAM,pr_mean,G6sulfur - SSP5-8.5,mm/day,CNRM-ESM2-1,-0.0159931,-0.0051259,-1,-1,False,3
lower_mississippi,MAM,pr_mean,G6sulfur - SSP5-8.5,mm/day,IPSL-CM6A-LR,-0.0159931,-0.1432795,-1,-1,False,3
lower_mississippi,MAM,pr_mean,G6sulfur - SSP5-8.5,mm/day,MPI-ESM1-2-LR,-0.0159931,-0.0681253,-1,-1,False,3
lower_mississippi,MAM,pr_mean,G6sulfur - SSP5-8.5,mm/day,UKESM1-0-LL,-0.0159931,0.1525585,-1,1,True,3
lower_mississippi,MAM,tasmax_mean,G6solar - G6sulfur,degC,CNRM-ESM2-1,-0.2624068,-0.4230701,-1,-1,False,3
lower_mississippi,MAM,tasmax_mean,G6solar - G6sulfur,degC,IPSL-CM6A-LR,-0.2624068,-0.1948030,-1,-1,False,3
lower_mississippi,MAM,tasmax_mean,G6solar - G6sulfur,degC,MPI-ESM1-2-LR,-0.2624068,-0.0806503,-1,-1,False,3
lower_mississippi,MAM,tasmax_mean,G6solar - G6sulfur,degC,UKESM1-0-LL,-0.2624068,-0.3511038,-1,-1,False,3
lower_mississippi,MAM,tasmax_mean,G6solar - SSP5-8.5,degC,CNRM-ESM2-1,-2.1103392,-2.3045989,-1,-1,False,3
lower_mississippi,MAM,tasmax_mean,G6solar - SSP5-8.5,degC,IPSL-CM6A-LR,-2.1103392,-1.9756932,-1,-1,False,3
lower_mississippi,MAM,tasmax_mean,G6solar - SSP5-8.5,degC,MPI-ESM1-2-LR,-2.1103392,-2.1382848,-1,-1,False,3
lower_mississippi,MAM,tasmax_mean,G6solar - SSP5-8.5,degC,UKESM1-0-LL,-2.1103392,-2.0227799,-1,-1,False,3
lower_mississippi,MAM,tasmax_mean,G6sulfur - SSP5-8.5,degC,CNRM-ESM2-1,-1.8479324,-1.8815288,-1,-1,False,3
lower_mississippi,MAM,tasmax_mean,G6sulfur - SSP5-8.5,degC,IPSL-CM6A-LR,-1.8479324,-1.7808902,-1,-1,False,3
lower_mississippi,MAM,tasmax_mean,G6sulfur - SSP5-8.5,degC,MPI-ESM1-2-LR,-1.8479324,-2.0576345,-1,-1,False,3
lower_mississippi,MAM,tasmax_mean,G6sulfur - SSP5-8.5,degC,UKESM1-0-LL,-1.8479324,-1.6716761,-1,-1,False,3
lower_mississippi,SON,pr_mean,G6solar - G6sulfur,mm/day,CNRM-ESM2-1,0.0851251,0.0756163,1,1,False,3
lower_mississippi,SON,pr_mean,G6solar - G6sulfur,mm/day,IPSL-CM6A-LR,0.0851251,0.1897224,1,1,False,3
lower_mississippi,SON,pr_mean,G6solar - G6sulfur,mm/day,MPI-ESM1-2-LR,0.0851251,0.0834143,1,1,False,3
lower_mississippi,SON,pr_mean,G6solar - G6sulfur,mm/day,UKESM1-0-LL,0.0851251,-0.0082524,1,-1,True,3
lower_mississippi,SON,pr_mean,G6solar - SSP5-8.5,mm/day,CNRM-ESM2-1,-0.2135056,-0.2998224,-1,-1,False,3
lower_mississippi,SON,pr_mean,G6solar - SSP5-8.5,mm/day,IPSL-CM6A-LR,-0.2135056,-0.1838710,-1,-1,False,3
lower_mississippi,SON,pr_mean,G6solar - SSP5-8.5,mm/day,MPI-ESM1-2-LR,-0.2135056,-0.1419080,-1,-1,False,3
lower_mississippi,SON,pr_mean,G6solar - SSP5-8.5,mm/day,UKESM1-0-LL,-0.2135056,-0.2284211,-1,-1,False,3
lower_mississippi,SON,pr_mean,G6sulfur - SSP5-8.5,mm/day,CNRM-ESM2-1,-0.2986308,-0.3754387,-1,-1,False,3
lower_mississippi,SON,pr_mean,G6sulfur - SSP5-8.5,mm/day,IPSL-CM6A-LR,-0.2986308,-0.3735934,-1,-1,False,3
lower_mississippi,SON,pr_mean,G6sulfur - SSP5-8.5,mm/day,MPI-ESM1-2-LR,-0.2986308,-0.2253223,-1,-1,False,3
lower_mississippi,SON,pr_mean,G6sulfur - SSP5-8.5,mm/day,UKESM1-0-LL,-0.2986308,-0.2201688,-1,-1,False,3
lower_mississippi,SON,tasmax_mean,G6solar - G6sulfur,degC,CNRM-ESM2-1,-0.4225550,-0.5036575,-1,-1,False,3
lower_mississippi,SON,tasmax_mean,G6solar - G6sulfur,degC,IPSL-CM6A-LR,-0.4225550,-0.4275236,-1,-1,False,3
lower_mississippi,SON,tasmax_mean,G6solar - G6sulfur,degC,MPI-ESM1-2-LR,-0.4225550,-0.3561092,-1,-1,False,3
lower_mississippi,SON,tasmax_mean,G6solar - G6sulfur,degC,UKESM1-0-LL,-0.4225550,-0.4029297,-1,-1,False,3
lower_mississippi,SON,tasmax_mean,G6solar - SSP5-8.5,degC,CNRM-ESM2-1,-2.1928598,-2.4173754,-1,-1,False,3
lower_mississippi,SON,tasmax_mean,G6solar - SSP5-8.5,degC,IPSL-CM6A-LR,-2.1928598,-2.2433004,-1,-1,False,3
lower_mississippi,SON,tasmax_mean,G6solar - SSP5-8.5,degC,MPI-ESM1-2-LR,-2.1928598,-2.2757407,-1,-1,False,3
lower_mississippi,SON,tasmax_mean,G6solar - SSP5-8.5,degC,UKESM1-0-LL,-2.1928598,-1.8350226,-1,-1,False,3
lower_mississippi,SON,tasmax_mean,G6sulfur - SSP5-8.5,degC,CNRM-ESM2-1,-1.7703048,-1.9137179,-1,-1,False,3
lower_mississippi,SON,tasmax_mean,G6sulfur - SSP5-8.5,degC,IPSL-CM6A-LR,-1.7703048,-1.8157768,-1,-1,False,3
lower_mississippi,SON,tasmax_mean,G6sulfur - SSP5-8.5,degC,MPI-ESM1-2-LR,-1.7703048,-1.9196315,-1,-1,False,3
lower_mississippi,SON,tasmax_mean,G6sulfur - SSP5-8.5,degC,UKESM1-0-LL,-1.7703048,-1.4320930,-1,-1,False,3
original_box,ANN,pr_mean,G6solar - G6sulfur,mm/day,CNRM-ESM2-1,0.0485374,0.0447848,1,1,False,3
original_box,ANN,pr_mean,G6solar - G6sulfur,mm/day,IPSL-CM6A-LR,0.0485374,0.0528916,1,1,False,3
original_box,ANN,pr_mean,G6solar - G6sulfur,mm/day,MPI-ESM1-2-LR,0.0485374,0.0343705,1,1,False,3
original_box,ANN,pr_mean,G6solar - G6sulfur,mm/day,UKESM1-0-LL,0.0485374,0.0621028,1,1,False,3
original_box,ANN,pr_mean,G6solar - SSP5-8.5,mm/day,CNRM-ESM2-1,-0.0065495,-0.0259313,-1,-1,False,3
original_box,ANN,pr_mean,G6solar - SSP5-8.5,mm/day,IPSL-CM6A-LR,-0.0065495,-0.0024568,-1,-1,False,3
original_box,ANN,pr_mean,G6solar - SSP5-8.5,mm/day,MPI-ESM1-2-LR,-0.0065495,-0.0067805,-1,-1,False,3
original_box,ANN,pr_mean,G6solar - SSP5-8.5,mm/day,UKESM1-0-LL,-0.0065495,0.0089706,-1,1,True,3
original_box,ANN,pr_mean,G6sulfur - SSP5-8.5,mm/day,CNRM-ESM2-1,-0.0550869,-0.0707161,-1,-1,False,3
original_box,ANN,pr_mean,G6sulfur - SSP5-8.5,mm/day,IPSL-CM6A-LR,-0.0550869,-0.0553484,-1,-1,False,3
original_box,ANN,pr_mean,G6sulfur - SSP5-8.5,mm/day,MPI-ESM1-2-LR,-0.0550869,-0.0411510,-1,-1,False,3
original_box,ANN,pr_mean,G6sulfur - SSP5-8.5,mm/day,UKESM1-0-LL,-0.0550869,-0.0531322,-1,-1,False,3
original_box,ANN,tasmax_mean,G6solar - G6sulfur,degC,CNRM-ESM2-1,-0.3579963,-0.4559825,-1,-1,False,3
original_box,ANN,tasmax_mean,G6solar - G6sulfur,degC,IPSL-CM6A-LR,-0.3579963,-0.3424275,-1,-1,False,3
original_box,ANN,tasmax_mean,G6solar - G6sulfur,degC,MPI-ESM1-2-LR,-0.3579963,-0.2072712,-1,-1,False,3
original_box,ANN,tasmax_mean,G6solar - G6sulfur,degC,UKESM1-0-LL,-0.3579963,-0.4263039,-1,-1,False,3
original_box,ANN,tasmax_mean,G6solar - SSP5-8.5,degC,CNRM-ESM2-1,-1.9374273,-2.0896065,-1,-1,False,3
original_box,ANN,tasmax_mean,G6solar - SSP5-8.5,degC,IPSL-CM6A-LR,-1.9374273,-1.8746738,-1,-1,False,3
original_box,ANN,tasmax_mean,G6solar - SSP5-8.5,degC,MPI-ESM1-2-LR,-1.9374273,-2.0096250,-1,-1,False,3
original_box,ANN,tasmax_mean,G6solar - SSP5-8.5,degC,UKESM1-0-LL,-1.9374273,-1.7758039,-1,-1,False,3
original_box,ANN,tasmax_mean,G6sulfur - SSP5-8.5,degC,CNRM-ESM2-1,-1.5794311,-1.6336240,-1,-1,False,3
original_box,ANN,tasmax_mean,G6sulfur - SSP5-8.5,degC,IPSL-CM6A-LR,-1.5794311,-1.5322464,-1,-1,False,3
original_box,ANN,tasmax_mean,G6sulfur - SSP5-8.5,degC,MPI-ESM1-2-LR,-1.5794311,-1.8023538,-1,-1,False,3
original_box,ANN,tasmax_mean,G6sulfur - SSP5-8.5,degC,UKESM1-0-LL,-1.5794311,-1.3495000,-1,-1,False,3
original_box,DJF,pr_mean,G6solar - G6sulfur,mm/day,CNRM-ESM2-1,0.0669650,0.0615356,1,1,False,3
original_box,DJF,pr_mean,G6solar - G6sulfur,mm/day,IPSL-CM6A-LR,0.0669650,0.0908908,1,1,False,3
original_box,DJF,pr_mean,G6solar - G6sulfur,mm/day,MPI-ESM1-2-LR,0.0669650,0.0165141,1,1,False,3
original_box,DJF,pr_mean,G6solar - G6sulfur,mm/day,UKESM1-0-LL,0.0669650,0.0989198,1,1,False,3
original_box,DJF,pr_mean,G6solar - SSP5-8.5,mm/day,CNRM-ESM2-1,-0.0566926,-0.1124311,-1,-1,False,3
original_box,DJF,pr_mean,G6solar - SSP5-8.5,mm/day,IPSL-CM6A-LR,-0.0566926,-0.0286342,-1,-1,False,3
original_box,DJF,pr_mean,G6solar - SSP5-8.5,mm/day,MPI-ESM1-2-LR,-0.0566926,-0.0518256,-1,-1,False,3
original_box,DJF,pr_mean,G6solar - SSP5-8.5,mm/day,UKESM1-0-LL,-0.0566926,-0.0338794,-1,-1,False,3
original_box,DJF,pr_mean,G6sulfur - SSP5-8.5,mm/day,CNRM-ESM2-1,-0.1236576,-0.1739667,-1,-1,False,3
original_box,DJF,pr_mean,G6sulfur - SSP5-8.5,mm/day,IPSL-CM6A-LR,-0.1236576,-0.1195250,-1,-1,False,3
original_box,DJF,pr_mean,G6sulfur - SSP5-8.5,mm/day,MPI-ESM1-2-LR,-0.1236576,-0.0683397,-1,-1,False,3
original_box,DJF,pr_mean,G6sulfur - SSP5-8.5,mm/day,UKESM1-0-LL,-0.1236576,-0.1327992,-1,-1,False,3
original_box,DJF,tasmax_mean,G6solar - G6sulfur,degC,CNRM-ESM2-1,-0.6029880,-0.7960482,-1,-1,False,3
original_box,DJF,tasmax_mean,G6solar - G6sulfur,degC,IPSL-CM6A-LR,-0.6029880,-0.6243015,-1,-1,False,3
original_box,DJF,tasmax_mean,G6solar - G6sulfur,degC,MPI-ESM1-2-LR,-0.6029880,-0.2814112,-1,-1,False,3
original_box,DJF,tasmax_mean,G6solar - G6sulfur,degC,UKESM1-0-LL,-0.6029880,-0.7101911,-1,-1,False,3
original_box,DJF,tasmax_mean,G6solar - SSP5-8.5,degC,CNRM-ESM2-1,-1.6206559,-1.7538951,-1,-1,False,3
original_box,DJF,tasmax_mean,G6solar - SSP5-8.5,degC,IPSL-CM6A-LR,-1.6206559,-1.5103498,-1,-1,False,3
original_box,DJF,tasmax_mean,G6solar - SSP5-8.5,degC,MPI-ESM1-2-LR,-1.6206559,-1.7565612,-1,-1,False,3
original_box,DJF,tasmax_mean,G6solar - SSP5-8.5,degC,UKESM1-0-LL,-1.6206559,-1.4618175,-1,-1,False,3
original_box,DJF,tasmax_mean,G6sulfur - SSP5-8.5,degC,CNRM-ESM2-1,-1.0176679,-0.9578469,-1,-1,False,3
original_box,DJF,tasmax_mean,G6sulfur - SSP5-8.5,degC,IPSL-CM6A-LR,-1.0176679,-0.8860483,-1,-1,False,3
original_box,DJF,tasmax_mean,G6sulfur - SSP5-8.5,degC,MPI-ESM1-2-LR,-1.0176679,-1.4751500,-1,-1,False,3
original_box,DJF,tasmax_mean,G6sulfur - SSP5-8.5,degC,UKESM1-0-LL,-1.0176679,-0.7516264,-1,-1,False,3
original_box,JJA,pr_mean,G6solar - G6sulfur,mm/day,CNRM-ESM2-1,0.1273941,0.0967447,1,1,False,3
original_box,JJA,pr_mean,G6solar - G6sulfur,mm/day,IPSL-CM6A-LR,0.1273941,0.0846630,1,1,False,3
original_box,JJA,pr_mean,G6solar - G6sulfur,mm/day,MPI-ESM1-2-LR,0.1273941,0.2043864,1,1,False,3
original_box,JJA,pr_mean,G6solar - G6sulfur,mm/day,UKESM1-0-LL,0.1273941,0.1237822,1,1,False,3
original_box,JJA,pr_mean,G6solar - SSP5-8.5,mm/day,CNRM-ESM2-1,0.1991800,0.2388993,1,1,False,3
original_box,JJA,pr_mean,G6solar - SSP5-8.5,mm/day,IPSL-CM6A-LR,0.1991800,0.1878213,1,1,False,3
original_box,JJA,pr_mean,G6solar - SSP5-8.5,mm/day,MPI-ESM1-2-LR,0.1991800,0.2266151,1,1,False,3
original_box,JJA,pr_mean,G6solar - SSP5-8.5,mm/day,UKESM1-0-LL,0.1991800,0.1433844,1,1,False,3
original_box,JJA,pr_mean,G6sulfur - SSP5-8.5,mm/day,CNRM-ESM2-1,0.0717860,0.1421545,1,1,False,3
original_box,JJA,pr_mean,G6sulfur - SSP5-8.5,mm/day,IPSL-CM6A-LR,0.0717860,0.1031584,1,1,False,3
original_box,JJA,pr_mean,G6sulfur - SSP5-8.5,mm/day,MPI-ESM1-2-LR,0.0717860,0.0222287,1,1,False,3
original_box,JJA,pr_mean,G6sulfur - SSP5-8.5,mm/day,UKESM1-0-LL,0.0717860,0.0196022,1,1,False,3
original_box,JJA,tasmax_mean,G6solar - G6sulfur,degC,CNRM-ESM2-1,-0.3080213,-0.3127381,-1,-1,False,3
original_box,JJA,tasmax_mean,G6solar - G6sulfur,degC,IPSL-CM6A-LR,-0.3080213,-0.2944987,-1,-1,False,3
original_box,JJA,tasmax_mean,G6solar - G6sulfur,degC,MPI-ESM1-2-LR,-0.3080213,-0.2767432,-1,-1,False,3
original_box,JJA,tasmax_mean,G6solar - G6sulfur,degC,UKESM1-0-LL,-0.3080213,-0.3481050,-1,-1,False,3
original_box,JJA,tasmax_mean,G6solar - SSP5-8.5,degC,CNRM-ESM2-1,-2.1694791,-2.3233430,-1,-1,False,3
original_box,JJA,tasmax_mean,G6solar - SSP5-8.5,degC,IPSL-CM6A-LR,-2.1694791,-2.1373785,-1,-1,False,3
original_box,JJA,tasmax_mean,G6solar - SSP5-8.5,degC,MPI-ESM1-2-LR,-2.1694791,-2.2414644,-1,-1,False,3
original_box,JJA,tasmax_mean,G6solar - SSP5-8.5,degC,UKESM1-0-LL,-2.1694791,-1.9757303,-1,-1,False,3
original_box,JJA,tasmax_mean,G6sulfur - SSP5-8.5,degC,CNRM-ESM2-1,-1.8614578,-2.0106049,-1,-1,False,3
original_box,JJA,tasmax_mean,G6sulfur - SSP5-8.5,degC,IPSL-CM6A-LR,-1.8614578,-1.8428798,-1,-1,False,3
original_box,JJA,tasmax_mean,G6sulfur - SSP5-8.5,degC,MPI-ESM1-2-LR,-1.8614578,-1.9647212,-1,-1,False,3
original_box,JJA,tasmax_mean,G6sulfur - SSP5-8.5,degC,UKESM1-0-LL,-1.8614578,-1.6276253,-1,-1,False,3
original_box,MAM,pr_mean,G6solar - G6sulfur,mm/day,CNRM-ESM2-1,-0.0849617,-0.0991690,-1,-1,False,3
original_box,MAM,pr_mean,G6solar - G6sulfur,mm/day,IPSL-CM6A-LR,-0.0849617,-0.0599506,-1,-1,False,3
original_box,MAM,pr_mean,G6solar - G6sulfur,mm/day,MPI-ESM1-2-LR,-0.0849617,-0.1580933,-1,-1,False,3
original_box,MAM,pr_mean,G6solar - G6sulfur,mm/day,UKESM1-0-LL,-0.0849617,-0.0226338,-1,-1,False,3
original_box,MAM,pr_mean,G6solar - SSP5-8.5,mm/day,CNRM-ESM2-1,0.0536177,-0.0078162,1,-1,True,3
original_box,MAM,pr_mean,G6solar - SSP5-8.5,mm/day,IPSL-CM6A-LR,0.0536177,0.0368566,1,1,False,3
original_box,MAM,pr_mean,G6solar - SSP5-8.5,mm/day,MPI-ESM1-2-LR,0.0536177,0.0243727,1,1,False,3
original_box,MAM,pr_mean,G6solar - SSP5-8.5,mm/day,UKESM1-0-LL,0.0536177,0.1610575,1,1,False,3
original_box,MAM,pr_mean,G6sulfur - SSP5-8.5,mm/day,CNRM-ESM2-1,0.1385794,0.0913528,1,1,False,3
original_box,MAM,pr_mean,G6sulfur - SSP5-8.5,mm/day,IPSL-CM6A-LR,0.1385794,0.0968072,1,1,False,3
original_box,MAM,pr_mean,G6sulfur - SSP5-8.5,mm/day,MPI-ESM1-2-LR,0.1385794,0.1824660,1,1,False,3
original_box,MAM,pr_mean,G6sulfur - SSP5-8.5,mm/day,UKESM1-0-LL,0.1385794,0.1836913,1,1,False,3
original_box,MAM,tasmax_mean,G6solar - G6sulfur,degC,CNRM-ESM2-1,-0.2489736,-0.3692512,-1,-1,False,3
original_box,MAM,tasmax_mean,G6solar - G6sulfur,degC,IPSL-CM6A-LR,-0.2489736,-0.1979753,-1,-1,False,3
original_box,MAM,tasmax_mean,G6solar - G6sulfur,degC,MPI-ESM1-2-LR,-0.2489736,-0.0775641,-1,-1,False,3
original_box,MAM,tasmax_mean,G6solar - G6sulfur,degC,UKESM1-0-LL,-0.2489736,-0.3511037,-1,-1,False,3
original_box,MAM,tasmax_mean,G6solar - SSP5-8.5,degC,CNRM-ESM2-1,-1.9431518,-2.0921551,-1,-1,False,3
original_box,MAM,tasmax_mean,G6solar - SSP5-8.5,degC,IPSL-CM6A-LR,-1.9431518,-1.8375584,-1,-1,False,3
original_box,MAM,tasmax_mean,G6solar - SSP5-8.5,degC,MPI-ESM1-2-LR,-1.9431518,-1.9840336,-1,-1,False,3
original_box,MAM,tasmax_mean,G6solar - SSP5-8.5,degC,UKESM1-0-LL,-1.9431518,-1.8588600,-1,-1,False,3
original_box,MAM,tasmax_mean,G6sulfur - SSP5-8.5,degC,CNRM-ESM2-1,-1.6941782,-1.7229038,-1,-1,False,3
original_box,MAM,tasmax_mean,G6sulfur - SSP5-8.5,degC,IPSL-CM6A-LR,-1.6941782,-1.6395832,-1,-1,False,3
original_box,MAM,tasmax_mean,G6sulfur - SSP5-8.5,degC,MPI-ESM1-2-LR,-1.6941782,-1.9064695,-1,-1,False,3
original_box,MAM,tasmax_mean,G6sulfur - SSP5-8.5,degC,UKESM1-0-LL,-1.6941782,-1.5077562,-1,-1,False,3
original_box,SON,pr_mean,G6solar - G6sulfur,mm/day,CNRM-ESM2-1,0.0789554,0.1126377,1,1,False,3
original_box,SON,pr_mean,G6solar - G6sulfur,mm/day,IPSL-CM6A-LR,0.0789554,0.0912540,1,1,False,3
original_box,SON,pr_mean,G6solar - G6sulfur,mm/day,MPI-ESM1-2-LR,0.0789554,0.0699014,1,1,False,3
original_box,SON,pr_mean,G6solar - G6sulfur,mm/day,UKESM1-0-LL,0.0789554,0.0420284,1,1,False,3
original_box,SON,pr_mean,G6solar - SSP5-8.5,mm/day,CNRM-ESM2-1,-0.2340868,-0.2355542,-1,-1,False,3
original_box,SON,pr_mean,G6solar - SSP5-8.5,mm/day,IPSL-CM6A-LR,-0.2340868,-0.2156443,-1,-1,False,3
original_box,SON,pr_mean,G6solar - SSP5-8.5,mm/day,MPI-ESM1-2-LR,-0.2340868,-0.2297037,-1,-1,False,3
original_box,SON,pr_mean,G6solar - SSP5-8.5,mm/day,UKESM1-0-LL,-0.2340868,-0.2554452,-1,-1,False,3
original_box,SON,pr_mean,G6sulfur - SSP5-8.5,mm/day,CNRM-ESM2-1,-0.3130422,-0.3481919,-1,-1,False,3
original_box,SON,pr_mean,G6sulfur - SSP5-8.5,mm/day,IPSL-CM6A-LR,-0.3130422,-0.3068983,-1,-1,False,3
original_box,SON,pr_mean,G6sulfur - SSP5-8.5,mm/day,MPI-ESM1-2-LR,-0.3130422,-0.2996051,-1,-1,False,3
original_box,SON,pr_mean,G6sulfur - SSP5-8.5,mm/day,UKESM1-0-LL,-0.3130422,-0.2974736,-1,-1,False,3
original_box,SON,tasmax_mean,G6solar - G6sulfur,degC,CNRM-ESM2-1,-0.3033228,-0.3810041,-1,-1,False,3
original_box,SON,tasmax_mean,G6solar - G6sulfur,degC,IPSL-CM6A-LR,-0.3033228,-0.2819469,-1,-1,False,3
original_box,SON,tasmax_mean,G6solar - G6sulfur,degC,MPI-ESM1-2-LR,-0.3033228,-0.2371752,-1,-1,False,3
original_box,SON,tasmax_mean,G6solar - G6sulfur,degC,UKESM1-0-LL,-0.3033228,-0.3131651,-1,-1,False,3
original_box,SON,tasmax_mean,G6solar - SSP5-8.5,degC,CNRM-ESM2-1,-2.0342496,-2.2229646,-1,-1,False,3
original_box,SON,tasmax_mean,G6solar - SSP5-8.5,degC,IPSL-CM6A-LR,-2.0342496,-2.0168549,-1,-1,False,3
original_box,SON,tasmax_mean,G6solar - SSP5-8.5,degC,MPI-ESM1-2-LR,-2.0342496,-2.1026442,-1,-1,False,3
original_box,SON,tasmax_mean,G6solar - SSP5-8.5,degC,UKESM1-0-LL,-2.0342496,-1.7945349,-1,-1,False,3
original_box,SON,tasmax_mean,G6sulfur - SSP5-8.5,degC,CNRM-ESM2-1,-1.7309268,-1.8419605,-1,-1,False,3
original_box,SON,tasmax_mean,G6sulfur - SSP5-8.5,degC,IPSL-CM6A-LR,-1.7309268,-1.7349080,-1,-1,False,3
original_box,SON,tasmax_mean,G6sulfur - SSP5-8.5,degC,MPI-ESM1-2-LR,-1.7309268,-1.8654690,-1,-1,False,3
original_box,SON,tasmax_mean,G6sulfur - SSP5-8.5,degC,UKESM1-0-LL,-1.7309268,-1.4813698,-1,-1,False,3
southeast_land,ANN,pr_mean,G6solar - G6sulfur,mm/day,CNRM-ESM2-1,0.0168975,0.0078198,1,1,False,3
southeast_land,ANN,pr_mean,G6solar - G6sulfur,mm/day,IPSL-CM6A-LR,0.0168975,0.0328659,1,1,False,3
southeast_land,ANN,pr_mean,G6solar - G6sulfur,mm/day,MPI-ESM1-2-LR,0.0168975,0.0020173,1,1,False,3
southeast_land,ANN,pr_mean,G6solar - G6sulfur,mm/day,UKESM1-0-LL,0.0168975,0.0248870,1,1,False,3
southeast_land,ANN,pr_mean,G6solar - SSP5-8.5,mm/day,CNRM-ESM2-1,-0.0923438,-0.1204997,-1,-1,False,3
southeast_land,ANN,pr_mean,G6solar - SSP5-8.5,mm/day,IPSL-CM6A-LR,-0.0923438,-0.0730502,-1,-1,False,3
southeast_land,ANN,pr_mean,G6solar - SSP5-8.5,mm/day,MPI-ESM1-2-LR,-0.0923438,-0.1213155,-1,-1,False,3
southeast_land,ANN,pr_mean,G6solar - SSP5-8.5,mm/day,UKESM1-0-LL,-0.0923438,-0.0545097,-1,-1,False,3
southeast_land,ANN,pr_mean,G6sulfur - SSP5-8.5,mm/day,CNRM-ESM2-1,-0.1092413,-0.1283194,-1,-1,False,3
southeast_land,ANN,pr_mean,G6sulfur - SSP5-8.5,mm/day,IPSL-CM6A-LR,-0.1092413,-0.1059161,-1,-1,False,3
southeast_land,ANN,pr_mean,G6sulfur - SSP5-8.5,mm/day,MPI-ESM1-2-LR,-0.1092413,-0.1233328,-1,-1,False,3
southeast_land,ANN,pr_mean,G6sulfur - SSP5-8.5,mm/day,UKESM1-0-LL,-0.1092413,-0.0793967,-1,-1,False,3
southeast_land,ANN,tasmax_mean,G6solar - G6sulfur,degC,CNRM-ESM2-1,-0.4098575,-0.5353639,-1,-1,False,3
southeast_land,ANN,tasmax_mean,G6solar - G6sulfur,degC,IPSL-CM6A-LR,-0.4098575,-0.4047404,-1,-1,False,3
southeast_land,ANN,tasmax_mean,G6solar - G6sulfur,degC,MPI-ESM1-2-LR,-0.4098575,-0.2083938,-1,-1,False,3
southeast_land,ANN,tasmax_mean,G6solar - G6sulfur,degC,UKESM1-0-LL,-0.4098575,-0.4909319,-1,-1,False,3
southeast_land,ANN,tasmax_mean,G6solar - SSP5-8.5,degC,CNRM-ESM2-1,-2.1376360,-2.3032346,-1,-1,False,3
southeast_land,ANN,tasmax_mean,G6solar - SSP5-8.5,degC,IPSL-CM6A-LR,-2.1376360,-2.0867318,-1,-1,False,3
southeast_land,ANN,tasmax_mean,G6solar - SSP5-8.5,degC,MPI-ESM1-2-LR,-2.1376360,-2.2259323,-1,-1,False,3
southeast_land,ANN,tasmax_mean,G6solar - SSP5-8.5,degC,UKESM1-0-LL,-2.1376360,-1.9346453,-1,-1,False,3
southeast_land,ANN,tasmax_mean,G6sulfur - SSP5-8.5,degC,CNRM-ESM2-1,-1.7277785,-1.7678706,-1,-1,False,3
southeast_land,ANN,tasmax_mean,G6sulfur - SSP5-8.5,degC,IPSL-CM6A-LR,-1.7277785,-1.6819914,-1,-1,False,3
southeast_land,ANN,tasmax_mean,G6sulfur - SSP5-8.5,degC,MPI-ESM1-2-LR,-1.7277785,-2.0175385,-1,-1,False,3
southeast_land,ANN,tasmax_mean,G6sulfur - SSP5-8.5,degC,UKESM1-0-LL,-1.7277785,-1.4437134,-1,-1,False,3
southeast_land,DJF,pr_mean,G6solar - G6sulfur,mm/day,CNRM-ESM2-1,-0.0158151,-0.0320144,-1,-1,False,3
southeast_land,DJF,pr_mean,G6solar - G6sulfur,mm/day,IPSL-CM6A-LR,-0.0158151,0.0492994,-1,1,True,3
southeast_land,DJF,pr_mean,G6solar - G6sulfur,mm/day,MPI-ESM1-2-LR,-0.0158151,-0.0637239,-1,-1,False,3
southeast_land,DJF,pr_mean,G6solar - G6sulfur,mm/day,UKESM1-0-LL,-0.0158151,-0.0168214,-1,-1,False,3
southeast_land,DJF,pr_mean,G6solar - SSP5-8.5,mm/day,CNRM-ESM2-1,-0.1333810,-0.2174064,-1,-1,False,3
southeast_land,DJF,pr_mean,G6solar - SSP5-8.5,mm/day,IPSL-CM6A-LR,-0.1333810,-0.0326699,-1,-1,False,3
southeast_land,DJF,pr_mean,G6solar - SSP5-8.5,mm/day,MPI-ESM1-2-LR,-0.1333810,-0.1710708,-1,-1,False,3
southeast_land,DJF,pr_mean,G6solar - SSP5-8.5,mm/day,UKESM1-0-LL,-0.1333810,-0.1123772,-1,-1,False,3
southeast_land,DJF,pr_mean,G6sulfur - SSP5-8.5,mm/day,CNRM-ESM2-1,-0.1175660,-0.1853920,-1,-1,False,3
southeast_land,DJF,pr_mean,G6sulfur - SSP5-8.5,mm/day,IPSL-CM6A-LR,-0.1175660,-0.0819692,-1,-1,False,3
southeast_land,DJF,pr_mean,G6sulfur - SSP5-8.5,mm/day,MPI-ESM1-2-LR,-0.1175660,-0.1073469,-1,-1,False,3
southeast_land,DJF,pr_mean,G6sulfur - SSP5-8.5,mm/day,UKESM1-0-LL,-0.1175660,-0.0955557,-1,-1,False,3
southeast_land,DJF,tasmax_mean,G6solar - G6sulfur,degC,CNRM-ESM2-1,-0.7120776,-0.9703178,-1,-1,False,3
southeast_land,DJF,tasmax_mean,G6solar - G6sulfur,degC,IPSL-CM6A-LR,-0.7120776,-0.7698965,-1,-1,False,3
southeast_land,DJF,tasmax_mean,G6solar - G6sulfur,degC,MPI-ESM1-2-LR,-0.7120776,-0.2600958,-1,-1,False,3
southeast_land,DJF,tasmax_mean,G6solar - G6sulfur,degC,UKESM1-0-LL,-0.7120776,-0.8480002,-1,-1,False,3
southeast_land,DJF,tasmax_mean,G6solar - SSP5-8.5,degC,CNRM-ESM2-1,-1.7722991,-1.8757114,-1,-1,False,3
southeast_land,DJF,tasmax_mean,G6solar - SSP5-8.5,degC,IPSL-CM6A-LR,-1.7722991,-1.6515457,-1,-1,False,3
southeast_land,DJF,tasmax_mean,G6solar - SSP5-8.5,degC,MPI-ESM1-2-LR,-1.7722991,-1.9758436,-1,-1,False,3
southeast_land,DJF,tasmax_mean,G6solar - SSP5-8.5,degC,UKESM1-0-LL,-1.7722991,-1.5860956,-1,-1,False,3
southeast_land,DJF,tasmax_mean,G6sulfur - SSP5-8.5,degC,CNRM-ESM2-1,-1.0602215,-0.9053936,-1,-1,False,3
southeast_land,DJF,tasmax_mean,G6sulfur - SSP5-8.5,degC,IPSL-CM6A-LR,-1.0602215,-0.8816492,-1,-1,False,3
southeast_land,DJF,tasmax_mean,G6sulfur - SSP5-8.5,degC,MPI-ESM1-2-LR,-1.0602215,-1.7157479,-1,-1,False,3
southeast_land,DJF,tasmax_mean,G6sulfur - SSP5-8.5,degC,UKESM1-0-LL,-1.0602215,-0.7380954,-1,-1,False,3
southeast_land,JJA,pr_mean,G6solar - G6sulfur,mm/day,CNRM-ESM2-1,0.1086756,0.0748706,1,1,False,3
southeast_land,JJA,pr_mean,G6solar - G6sulfur,mm/day,IPSL-CM6A-LR,0.1086756,0.0265840,1,1,False,3
southeast_land,JJA,pr_mean,G6solar - G6sulfur,mm/day,MPI-ESM1-2-LR,0.1086756,0.1916351,1,1,False,3
southeast_land,JJA,pr_mean,G6solar - G6sulfur,mm/day,UKESM1-0-LL,0.1086756,0.1416127,1,1,False,3
southeast_land,JJA,pr_mean,G6solar - SSP5-8.5,mm/day,CNRM-ESM2-1,0.0654828,0.1193800,1,1,False,3
southeast_land,JJA,pr_mean,G6solar - SSP5-8.5,mm/day,IPSL-CM6A-LR,0.0654828,0.0452737,1,1,False,3
southeast_land,JJA,pr_mean,G6solar - SSP5-8.5,mm/day,MPI-ESM1-2-LR,0.0654828,0.0598784,1,1,False,3
southeast_land,JJA,pr_mean,G6solar - SSP5-8.5,mm/day,UKESM1-0-LL,0.0654828,0.0373993,1,1,False,3
southeast_land,JJA,pr_mean,G6sulfur - SSP5-8.5,mm/day,CNRM-ESM2-1,-0.0431928,0.0445094,-1,1,True,3
southeast_land,JJA,pr_mean,G6sulfur - SSP5-8.5,mm/day,IPSL-CM6A-LR,-0.0431928,0.0186898,-1,1,True,3
southeast_land,JJA,pr_mean,G6sulfur - SSP5-8.5,mm/day,MPI-ESM1-2-LR,-0.0431928,-0.1317568,-1,-1,False,3
southeast_land,JJA,pr_mean,G6sulfur - SSP5-8.5,mm/day,UKESM1-0-LL,-0.0431928,-0.1042134,-1,-1,False,3
southeast_land,JJA,tasmax_mean,G6solar - G6sulfur,degC,CNRM-ESM2-1,-0.3744556,-0.3731184,-1,-1,False,3
southeast_land,JJA,tasmax_mean,G6solar - G6sulfur,degC,IPSL-CM6A-LR,-0.3744556,-0.3547622,-1,-1,False,3
southeast_land,JJA,tasmax_mean,G6solar - G6sulfur,degC,MPI-ESM1-2-LR,-0.3744556,-0.3502667,-1,-1,False,3
southeast_land,JJA,tasmax_mean,G6solar - G6sulfur,degC,UKESM1-0-LL,-0.3744556,-0.4196749,-1,-1,False,3
southeast_land,JJA,tasmax_mean,G6solar - SSP5-8.5,degC,CNRM-ESM2-1,-2.4325927,-2.6382836,-1,-1,False,3
southeast_land,JJA,tasmax_mean,G6solar - SSP5-8.5,degC,IPSL-CM6A-LR,-2.4325927,-2.4175160,-1,-1,False,3
southeast_land,JJA,tasmax_mean,G6solar - SSP5-8.5,degC,MPI-ESM1-2-LR,-2.4325927,-2.5159094,-1,-1,False,3
southeast_land,JJA,tasmax_mean,G6solar - SSP5-8.5,degC,UKESM1-0-LL,-2.4325927,-2.1586620,-1,-1,False,3
southeast_land,JJA,tasmax_mean,G6sulfur - SSP5-8.5,degC,CNRM-ESM2-1,-2.0581372,-2.2651652,-1,-1,False,3
southeast_land,JJA,tasmax_mean,G6sulfur - SSP5-8.5,degC,IPSL-CM6A-LR,-2.0581372,-2.0627537,-1,-1,False,3
southeast_land,JJA,tasmax_mean,G6sulfur - SSP5-8.5,degC,MPI-ESM1-2-LR,-2.0581372,-2.1656426,-1,-1,False,3
southeast_land,JJA,tasmax_mean,G6sulfur - SSP5-8.5,degC,UKESM1-0-LL,-2.0581372,-1.7389870,-1,-1,False,3
southeast_land,MAM,pr_mean,G6solar - G6sulfur,mm/day,CNRM-ESM2-1,-0.0893900,-0.0991582,-1,-1,False,3
southeast_land,MAM,pr_mean,G6solar - G6sulfur,mm/day,IPSL-CM6A-LR,-0.0893900,-0.0614758,-1,-1,False,3
southeast_land,MAM,pr_mean,G6solar - G6sulfur,mm/day,MPI-ESM1-2-LR,-0.0893900,-0.1530363,-1,-1,False,3
southeast_land,MAM,pr_mean,G6solar - G6sulfur,mm/day,UKESM1-0-LL,-0.0893900,-0.0438897,-1,-1,False,3
southeast_land,MAM,pr_mean,G6solar - SSP5-8.5,mm/day,CNRM-ESM2-1,-0.0579520,-0.0801312,-1,-1,False,3
southeast_land,MAM,pr_mean,G6solar - SSP5-8.5,mm/day,IPSL-CM6A-LR,-0.0579520,-0.0909999,-1,-1,False,3
southeast_land,MAM,pr_mean,G6solar - SSP5-8.5,mm/day,MPI-ESM1-2-LR,-0.0579520,-0.1146435,-1,-1,False,3
southeast_land,MAM,pr_mean,G6solar - SSP5-8.5,mm/day,UKESM1-0-LL,-0.0579520,0.0539667,-1,1,True,3
southeast_land,MAM,pr_mean,G6sulfur - SSP5-8.5,mm/day,CNRM-ESM2-1,0.0314380,0.0190269,1,1,False,3
southeast_land,MAM,pr_mean,G6sulfur - SSP5-8.5,mm/day,IPSL-CM6A-LR,0.0314380,-0.0295242,1,-1,True,3
southeast_land,MAM,pr_mean,G6sulfur - SSP5-8.5,mm/day,MPI-ESM1-2-LR,0.0314380,0.0383928,1,1,False,3
southeast_land,MAM,pr_mean,G6sulfur - SSP5-8.5,mm/day,UKESM1-0-LL,0.0314380,0.0978564,1,1,False,3
southeast_land,MAM,tasmax_mean,G6solar - G6sulfur,degC,CNRM-ESM2-1,-0.2284873,-0.3745463,-1,-1,False,3
southeast_land,MAM,tasmax_mean,G6solar - G6sulfur,degC,IPSL-CM6A-LR,-0.2284873,-0.1798352,-1,-1,False,3
southeast_land,MAM,tasmax_mean,G6solar - G6sulfur,degC,MPI-ESM1-2-LR,-0.2284873,-0.0120786,-1,-1,False,3
southeast_land,MAM,tasmax_mean,G6solar - G6sulfur,degC,UKESM1-0-LL,-0.2284873,-0.3474890,-1,-1,False,3
southeast_land,MAM,tasmax_mean,G6solar - SSP5-8.5,degC,CNRM-ESM2-1,-2.1806535,-2.3339285,-1,-1,False,3
southeast_land,MAM,tasmax_mean,G6solar - SSP5-8.5,degC,IPSL-CM6A-LR,-2.1806535,-2.0729406,-1,-1,False,3
southeast_land,MAM,tasmax_mean,G6solar - SSP5-8.5,degC,MPI-ESM1-2-LR,-2.1806535,-2.2116383,-1,-1,False,3
southeast_land,MAM,tasmax_mean,G6solar - SSP5-8.5,degC,UKESM1-0-LL,-2.1806535,-2.1041065,-1,-1,False,3
southeast_land,MAM,tasmax_mean,G6sulfur - SSP5-8.5,degC,CNRM-ESM2-1,-1.9521662,-1.9593822,-1,-1,False,3
southeast_land,MAM,tasmax_mean,G6sulfur - SSP5-8.5,degC,IPSL-CM6A-LR,-1.9521662,-1.8931055,-1,-1,False,3
southeast_land,MAM,tasmax_mean,G6sulfur - SSP5-8.5,degC,MPI-ESM1-2-LR,-1.9521662,-2.1995597,-1,-1,False,3
southeast_land,MAM,tasmax_mean,G6sulfur - SSP5-8.5,degC,UKESM1-0-LL,-1.9521662,-1.7566175,-1,-1,False,3
southeast_land,SON,pr_mean,G6solar - G6sulfur,mm/day,CNRM-ESM2-1,0.0462865,0.0666823,1,1,False,3
southeast_land,SON,pr_mean,G6solar - G6sulfur,mm/day,IPSL-CM6A-LR,0.0462865,0.1058160,1,1,False,3
southeast_land,SON,pr_mean,G6solar - G6sulfur,mm/day,MPI-ESM1-2-LR,0.0462865,0.0108788,1,1,False,3
southeast_land,SON,pr_mean,G6solar - G6sulfur,mm/day,UKESM1-0-LL,0.0462865,0.0017691,1,1,False,3
southeast_land,SON,pr_mean,G6solar - SSP5-8.5,mm/day,CNRM-ESM2-1,-0.2635342,-0.3303486,-1,-1,False,3
southeast_land,SON,pr_mean,G6solar - SSP5-8.5,mm/day,IPSL-CM6A-LR,-0.2635342,-0.2230357,-1,-1,False,3
southeast_land,SON,pr_mean,G6solar - SSP5-8.5,mm/day,MPI-ESM1-2-LR,-0.2635342,-0.2770335,-1,-1,False,3
southeast_land,SON,pr_mean,G6solar - SSP5-8.5,mm/day,UKESM1-0-LL,-0.2635342,-0.2237190,-1,-1,False,3
southeast_land,SON,pr_mean,G6sulfur - SSP5-8.5,mm/day,CNRM-ESM2-1,-0.3098208,-0.3970309,-1,-1,False,3
southeast_land,SON,pr_mean,G6sulfur - SSP5-8.5,mm/day,IPSL-CM6A-LR,-0.3098208,-0.3288517,-1,-1,False,3
southeast_land,SON,pr_mean,G6sulfur - SSP5-8.5,mm/day,MPI-ESM1-2-LR,-0.3098208,-0.2879124,-1,-1,False,3
southeast_land,SON,pr_mean,G6sulfur - SSP5-8.5,mm/day,UKESM1-0-LL,-0.3098208,-0.2254881,-1,-1,False,3
southeast_land,SON,tasmax_mean,G6solar - G6sulfur,degC,CNRM-ESM2-1,-0.3573582,-0.4578077,-1,-1,False,3
southeast_land,SON,tasmax_mean,G6solar - G6sulfur,degC,IPSL-CM6A-LR,-0.3573582,-0.3456688,-1,-1,False,3
southeast_land,SON,tasmax_mean,G6solar - G6sulfur,degC,MPI-ESM1-2-LR,-0.3573582,-0.2581197,-1,-1,False,3
southeast_land,SON,tasmax_mean,G6solar - G6sulfur,degC,UKESM1-0-LL,-0.3573582,-0.3678366,-1,-1,False,3
southeast_land,SON,tasmax_mean,G6solar - SSP5-8.5,degC,CNRM-ESM2-1,-2.1827498,-2.3949779,-1,-1,False,3
southeast_land,SON,tasmax_mean,G6solar - SSP5-8.5,degC,IPSL-CM6A-LR,-2.1827498,-2.2013190,-1,-1,False,3
southeast_land,SON,tasmax_mean,G6solar - SSP5-8.5,degC,MPI-ESM1-2-LR,-2.1827498,-2.2605981,-1,-1,False,3
southeast_land,SON,tasmax_mean,G6solar - SSP5-8.5,degC,UKESM1-0-LL,-2.1827498,-1.8741042,-1,-1,False,3
southeast_land,SON,tasmax_mean,G6sulfur - SSP5-8.5,degC,CNRM-ESM2-1,-1.8253916,-1.9371702,-1,-1,False,3
southeast_land,SON,tasmax_mean,G6sulfur - SSP5-8.5,degC,IPSL-CM6A-LR,-1.8253916,-1.8556503,-1,-1,False,3
southeast_land,SON,tasmax_mean,G6sulfur - SSP5-8.5,degC,MPI-ESM1-2-LR,-1.8253916,-2.0024784,-1,-1,False,3
southeast_land,SON,tasmax_mean,G6sulfur - SSP5-8.5,degC,UKESM1-0-LL,-1.8253916,-1.5062676,-1,-1,False,3
