model,variant_label,grid_label,comparison,season,metric,units,period,represented_area_km2,contributing_cells,equivalent_cells,value,domain
CNRM-ESM2-1,r1i1p1f2,gr,G6solar - G6sulfur,ANN,pr_mean,mm/day,2071-2100,3844660.6936050,209,184.7961374,0.0597953,original_box
CNRM-ESM2-1,r1i1p1f2,gr,G6solar - G6sulfur,ANN,tasmax_mean,degC,2071-2100,3844660.6936050,209,184.7961374,-0.0640376,original_box
CNRM-ESM2-1,r1i1p1f2,gr,G6solar - G6sulfur,DJF,pr_mean,mm/day,2071-2100,3844660.6936050,209,184.7961374,0.0832534,original_box
CNRM-ESM2-1,r1i1p1f2,gr,G6solar - G6sulfur,DJF,tasmax_mean,degC,2071-2100,3844660.6936050,209,184.7961374,-0.0238074,original_box
CNRM-ESM2-1,r1i1p1f2,gr,G6solar - G6sulfur,JJA,pr_mean,mm/day,2071-2100,3844660.6936050,209,184.7961374,0.2193422,original_box
CNRM-ESM2-1,r1i1p1f2,gr,G6solar - G6sulfur,JJA,tasmax_mean,degC,2071-2100,3844660.6936050,209,184.7961374,-0.2938709,original_box
CNRM-ESM2-1,r1i1p1f2,gr,G6solar - G6sulfur,MAM,pr_mean,mm/day,2071-2100,3844660.6936050,209,184.7961374,-0.0423397,original_box
CNRM-ESM2-1,r1i1p1f2,gr,G6solar - G6sulfur,MAM,tasmax_mean,degC,2071-2100,3844660.6936050,209,184.7961374,0.1118593,original_box
CNRM-ESM2-1,r1i1p1f2,gr,G6solar - G6sulfur,SON,pr_mean,mm/day,2071-2100,3844660.6936050,209,184.7961374,-0.0220915,original_box
CNRM-ESM2-1,r1i1p1f2,gr,G6solar - G6sulfur,SON,tasmax_mean,degC,2071-2100,3844660.6936050,209,184.7961374,-0.0702791,original_box
CNRM-ESM2-1,r1i1p1f2,gr,G6solar - SSP5-8.5,ANN,pr_mean,mm/day,2071-2100,3844660.6936050,209,184.7961374,0.0515959,original_box
CNRM-ESM2-1,r1i1p1f2,gr,G6solar - SSP5-8.5,ANN,tasmax_mean,degC,2071-2100,3844660.6936050,209,184.7961374,-1.4808897,original_box
CNRM-ESM2-1,r1i1p1f2,gr,G6solar - SSP5-8.5,DJF,pr_mean,mm/day,2071-2100,3844660.6936050,209,184.7961374,0.1105230,original_box
CNRM-ESM2-1,r1i1p1f2,gr,G6solar - SSP5-8.5,DJF,tasmax_mean,degC,2071-2100,3844660.6936050,209,184.7961374,-1.2209382,original_box
CNRM-ESM2-1,r1i1p1f2,gr,G6solar - SSP5-8.5,JJA,pr_mean,mm/day,2071-2100,3844660.6936050,209,184.7961374,0.0800224,original_box
CNRM-ESM2-1,r1i1p1f2,gr,G6solar - SSP5-8.5,JJA,tasmax_mean,degC,2071-2100,3844660.6936050,209,184.7961374,-1.7078874,original_box
CNRM-ESM2-1,r1i1p1f2,gr,G6solar - SSP5-8.5,MAM,pr_mean,mm/day,2071-2100,3844660.6936050,209,184.7961374,0.2379191,original_box
CNRM-ESM2-1,r1i1p1f2,gr,G6solar - SSP5-8.5,MAM,tasmax_mean,degC,2071-2100,3844660.6936050,209,184.7961374,-1.4961419,original_box
CNRM-ESM2-1,r1i1p1f2,gr,G6solar - SSP5-8.5,SON,pr_mean,mm/day,2071-2100,3844660.6936050,209,184.7961374,-0.2296848,original_box
CNRM-ESM2-1,r1i1p1f2,gr,G6solar - SSP5-8.5,SON,tasmax_mean,degC,2071-2100,3844660.6936050,209,184.7961374,-1.4681048,original_box
CNRM-ESM2-1,r1i1p1f2,gr,G6sulfur - SSP5-8.5,ANN,pr_mean,mm/day,2071-2100,3844660.6936050,209,184.7961374,-0.0081995,original_box
CNRM-ESM2-1,r1i1p1f2,gr,G6sulfur - SSP5-8.5,ANN,tasmax_mean,degC,2071-2100,3844660.6936050,209,184.7961374,-1.4168521,original_box
CNRM-ESM2-1,r1i1p1f2,gr,G6sulfur - SSP5-8.5,DJF,pr_mean,mm/day,2071-2100,3844660.6936050,209,184.7961374,0.0272696,original_box
CNRM-ESM2-1,r1i1p1f2,gr,G6sulfur - SSP5-8.5,DJF,tasmax_mean,degC,2071-2100,3844660.6936050,209,184.7961374,-1.1971308,original_box
CNRM-ESM2-1,r1i1p1f2,gr,G6sulfur - SSP5-8.5,JJA,pr_mean,mm/day,2071-2100,3844660.6936050,209,184.7961374,-0.1393197,original_box
CNRM-ESM2-1,r1i1p1f2,gr,G6sulfur - SSP5-8.5,JJA,tasmax_mean,degC,2071-2100,3844660.6936050,209,184.7961374,-1.4140165,original_box
CNRM-ESM2-1,r1i1p1f2,gr,G6sulfur - SSP5-8.5,MAM,pr_mean,mm/day,2071-2100,3844660.6936050,209,184.7961374,0.2802589,original_box
CNRM-ESM2-1,r1i1p1f2,gr,G6sulfur - SSP5-8.5,MAM,tasmax_mean,degC,2071-2100,3844660.6936050,209,184.7961374,-1.6080012,original_box
CNRM-ESM2-1,r1i1p1f2,gr,G6sulfur - SSP5-8.5,SON,pr_mean,mm/day,2071-2100,3844660.6936050,209,184.7961374,-0.2075933,original_box
CNRM-ESM2-1,r1i1p1f2,gr,G6sulfur - SSP5-8.5,SON,tasmax_mean,degC,2071-2100,3844660.6936050,209,184.7961374,-1.3978257,original_box
IPSL-CM6A-LR,r1i1p1f1,gr,G6solar - G6sulfur,ANN,pr_mean,mm/day,2071-2100,3844742.2345779,132,114.8717751,0.0354748,original_box
IPSL-CM6A-LR,r1i1p1f1,gr,G6solar - G6sulfur,ANN,tasmax_mean,degC,2071-2100,3844742.2345779,132,114.8717751,-0.4047026,original_box
IPSL-CM6A-LR,r1i1p1f1,gr,G6solar - G6sulfur,DJF,pr_mean,mm/day,2071-2100,3844742.2345779,132,114.8717751,-0.0048121,original_box
IPSL-CM6A-LR,r1i1p1f1,gr,G6solar - G6sulfur,DJF,tasmax_mean,degC,2071-2100,3844742.2345779,132,114.8717751,-0.5390476,original_box
IPSL-CM6A-LR,r1i1p1f1,gr,G6solar - G6sulfur,JJA,pr_mean,mm/day,2071-2100,3844742.2345779,132,114.8717751,0.2555874,original_box
IPSL-CM6A-LR,r1i1p1f1,gr,G6solar - G6sulfur,JJA,tasmax_mean,degC,2071-2100,3844742.2345779,132,114.8717751,-0.3485888,original_box
IPSL-CM6A-LR,r1i1p1f1,gr,G6solar - G6sulfur,MAM,pr_mean,mm/day,2071-2100,3844742.2345779,132,114.8717751,-0.1599950,original_box
IPSL-CM6A-LR,r1i1p1f1,gr,G6solar - G6sulfur,MAM,tasmax_mean,degC,2071-2100,3844742.2345779,132,114.8717751,-0.4019685,original_box
IPSL-CM6A-LR,r1i1p1f1,gr,G6solar - G6sulfur,SON,pr_mean,mm/day,2071-2100,3844742.2345779,132,114.8717751,0.0420595,original_box
IPSL-CM6A-LR,r1i1p1f1,gr,G6solar - G6sulfur,SON,tasmax_mean,degC,2071-2100,3844742.2345779,132,114.8717751,-0.3674505,original_box
IPSL-CM6A-LR,r1i1p1f1,gr,G6solar - SSP5-8.5,ANN,pr_mean,mm/day,2071-2100,3844742.2345779,132,114.8717751,-0.0188275,original_box
IPSL-CM6A-LR,r1i1p1f1,gr,G6solar - SSP5-8.5,ANN,tasmax_mean,degC,2071-2100,3844742.2345779,132,114.8717751,-2.1256878,original_box
IPSL-CM6A-LR,r1i1p1f1,gr,G6solar - SSP5-8.5,DJF,pr_mean,mm/day,2071-2100,3844742.2345779,132,114.8717751,-0.1408677,original_box
IPSL-CM6A-LR,r1i1p1f1,gr,G6solar - SSP5-8.5,DJF,tasmax_mean,degC,2071-2100,3844742.2345779,132,114.8717751,-1.9515742,original_box
IPSL-CM6A-LR,r1i1p1f1,gr,G6solar - SSP5-8.5,JJA,pr_mean,mm/day,2071-2100,3844742.2345779,132,114.8717751,0.2332561,original_box
IPSL-CM6A-LR,r1i1p1f1,gr,G6solar - SSP5-8.5,JJA,tasmax_mean,degC,2071-2100,3844742.2345779,132,114.8717751,-2.2657806,original_box
IPSL-CM6A-LR,r1i1p1f1,gr,G6solar - SSP5-8.5,MAM,pr_mean,mm/day,2071-2100,3844742.2345779,132,114.8717751,0.1039009,original_box
IPSL-CM6A-LR,r1i1p1f1,gr,G6solar - SSP5-8.5,MAM,tasmax_mean,degC,2071-2100,3844742.2345779,132,114.8717751,-2.2599317,original_box
IPSL-CM6A-LR,r1i1p1f1,gr,G6solar - SSP5-8.5,SON,pr_mean,mm/day,2071-2100,3844742.2345779,132,114.8717751,-0.2894144,original_box
IPSL-CM6A-LR,r1i1p1f1,gr,G6solar - SSP5-8.5,SON,tasmax_mean,degC,2071-2100,3844742.2345779,132,114.8717751,-2.0864338,original_box
IPSL-CM6A-LR,r1i1p1f1,gr,G6sulfur - SSP5-8.5,ANN,pr_mean,mm/day,2071-2100,3844742.2345779,132,114.8717751,-0.0543024,original_box
IPSL-CM6A-LR,r1i1p1f1,gr,G6sulfur - SSP5-8.5,ANN,tasmax_mean,degC,2071-2100,3844742.2345779,132,114.8717751,-1.7209851,original_box
IPSL-CM6A-LR,r1i1p1f1,gr,G6sulfur - SSP5-8.5,DJF,pr_mean,mm/day,2071-2100,3844742.2345779,132,114.8717751,-0.1360556,original_box
IPSL-CM6A-LR,r1i1p1f1,gr,G6sulfur - SSP5-8.5,DJF,tasmax_mean,degC,2071-2100,3844742.2345779,132,114.8717751,-1.4125266,original_box
IPSL-CM6A-LR,r1i1p1f1,gr,G6sulfur - SSP5-8.5,JJA,pr_mean,mm/day,2071-2100,3844742.2345779,132,114.8717751,-0.0223313,original_box
IPSL-CM6A-LR,r1i1p1f1,gr,G6sulfur - SSP5-8.5,JJA,tasmax_mean,degC,2071-2100,3844742.2345779,132,114.8717751,-1.9171918,original_box
IPSL-CM6A-LR,r1i1p1f1,gr,G6sulfur - SSP5-8.5,MAM,pr_mean,mm/day,2071-2100,3844742.2345779,132,114.8717751,0.2638958,original_box
IPSL-CM6A-LR,r1i1p1f1,gr,G6sulfur - SSP5-8.5,MAM,tasmax_mean,degC,2071-2100,3844742.2345779,132,114.8717751,-1.8579632,original_box
IPSL-CM6A-LR,r1i1p1f1,gr,G6sulfur - SSP5-8.5,SON,pr_mean,mm/day,2071-2100,3844742.2345779,132,114.8717751,-0.3314739,original_box
IPSL-CM6A-LR,r1i1p1f1,gr,G6sulfur - SSP5-8.5,SON,tasmax_mean,degC,2071-2100,3844742.2345779,132,114.8717751,-1.7189833,original_box
MPI-ESM1-2-LR,r2i1p1f1,gn,G6solar - G6sulfur,ANN,pr_mean,mm/day,2071-2100,3844691.7860933,135,104.1086672,0.0910382,original_box
MPI-ESM1-2-LR,r2i1p1f1,gn,G6solar - G6sulfur,ANN,tasmax_mean,degC,2071-2100,3844691.7860933,135,104.1086672,-0.8101714,original_box
MPI-ESM1-2-LR,r2i1p1f1,gn,G6solar - G6sulfur,DJF,pr_mean,mm/day,2071-2100,3844691.7860933,135,104.1086672,0.2183180,original_box
MPI-ESM1-2-LR,r2i1p1f1,gn,G6solar - G6sulfur,DJF,tasmax_mean,degC,2071-2100,3844691.7860933,135,104.1086672,-1.5677184,original_box
MPI-ESM1-2-LR,r2i1p1f1,gn,G6solar - G6sulfur,JJA,pr_mean,mm/day,2071-2100,3844691.7860933,135,104.1086672,-0.1035830,original_box
MPI-ESM1-2-LR,r2i1p1f1,gn,G6solar - G6sulfur,JJA,tasmax_mean,degC,2071-2100,3844691.7860933,135,104.1086672,-0.4018555,original_box
MPI-ESM1-2-LR,r2i1p1f1,gn,G6solar - G6sulfur,MAM,pr_mean,mm/day,2071-2100,3844691.7860933,135,104.1086672,0.1344332,original_box
MPI-ESM1-2-LR,r2i1p1f1,gn,G6solar - G6sulfur,MAM,tasmax_mean,degC,2071-2100,3844691.7860933,135,104.1086672,-0.7632020,original_box
MPI-ESM1-2-LR,r2i1p1f1,gn,G6solar - G6sulfur,SON,pr_mean,mm/day,2071-2100,3844691.7860933,135,104.1086672,0.1061172,original_box
MPI-ESM1-2-LR,r2i1p1f1,gn,G6solar - G6sulfur,SON,tasmax_mean,degC,2071-2100,3844691.7860933,135,104.1086672,-0.5017658,original_box
MPI-ESM1-2-LR,r2i1p1f1,gn,G6solar - SSP5-8.5,ANN,pr_mean,mm/day,2071-2100,3844691.7860933,135,104.1086672,-0.0058565,original_box
MPI-ESM1-2-LR,r2i1p1f1,gn,G6solar - SSP5-8.5,ANN,tasmax_mean,degC,2071-2100,3844691.7860933,135,104.1086672,-1.7208342,original_box
MPI-ESM1-2-LR,r2i1p1f1,gn,G6solar - SSP5-8.5,DJF,pr_mean,mm/day,2071-2100,3844691.7860933,135,104.1086672,-0.0712935,original_box
MPI-ESM1-2-LR,r2i1p1f1,gn,G6solar - SSP5-8.5,DJF,tasmax_mean,degC,2071-2100,3844691.7860933,135,104.1086672,-1.2129400,original_box
MPI-ESM1-2-LR,r2i1p1f1,gn,G6solar - SSP5-8.5,JJA,pr_mean,mm/day,2071-2100,3844691.7860933,135,104.1086672,0.1168748,original_box
MPI-ESM1-2-LR,r2i1p1f1,gn,G6solar - SSP5-8.5,JJA,tasmax_mean,degC,2071-2100,3844691.7860933,135,104.1086672,-1.9535230,original_box
MPI-ESM1-2-LR,r2i1p1f1,gn,G6solar - SSP5-8.5,MAM,pr_mean,mm/day,2071-2100,3844691.7860933,135,104.1086672,0.1413525,original_box
MPI-ESM1-2-LR,r2i1p1f1,gn,G6solar - SSP5-8.5,MAM,tasmax_mean,degC,2071-2100,3844691.7860933,135,104.1086672,-1.8205063,original_box
MPI-ESM1-2-LR,r2i1p1f1,gn,G6solar - SSP5-8.5,SON,pr_mean,mm/day,2071-2100,3844691.7860933,135,104.1086672,-0.2472363,original_box
MPI-ESM1-2-LR,r2i1p1f1,gn,G6solar - SSP5-8.5,SON,tasmax_mean,degC,2071-2100,3844691.7860933,135,104.1086672,-1.8290661,original_box
MPI-ESM1-2-LR,r2i1p1f1,gn,G6sulfur - SSP5-8.5,ANN,pr_mean,mm/day,2071-2100,3844691.7860933,135,104.1086672,-0.0968947,original_box
MPI-ESM1-2-LR,r2i1p1f1,gn,G6sulfur - SSP5-8.5,ANN,tasmax_mean,degC,2071-2100,3844691.7860933,135,104.1086672,-0.9106628,original_box
MPI-ESM1-2-LR,r2i1p1f1,gn,G6sulfur - SSP5-8.5,DJF,pr_mean,mm/day,2071-2100,3844691.7860933,135,104.1086672,-0.2896115,original_box
MPI-ESM1-2-LR,r2i1p1f1,gn,G6sulfur - SSP5-8.5,DJF,tasmax_mean,degC,2071-2100,3844691.7860933,135,104.1086672,0.3547783,original_box
MPI-ESM1-2-LR,r2i1p1f1,gn,G6sulfur - SSP5-8.5,JJA,pr_mean,mm/day,2071-2100,3844691.7860933,135,104.1086672,0.2204577,original_box
MPI-ESM1-2-LR,r2i1p1f1,gn,G6sulfur - SSP5-8.5,JJA,tasmax_mean,degC,2071-2100,3844691.7860933,135,104.1086672,-1.5516675,original_box
MPI-ESM1-2-LR,r2i1p1f1,gn,G6sulfur - SSP5-8.5,MAM,pr_mean,mm/day,2071-2100,3844691.7860933,135,104.1086672,0.0069193,original_box
MPI-ESM1-2-LR,r2i1p1f1,gn,G6sulfur - SSP5-8.5,MAM,tasmax_mean,degC,2071-2100,3844691.7860933,135,104.1086672,-1.0573043,original_box
MPI-ESM1-2-LR,r2i1p1f1,gn,G6sulfur - SSP5-8.5,SON,pr_mean,mm/day,2071-2100,3844691.7860933,135,104.1086672,-0.3533535,original_box
MPI-ESM1-2-LR,r2i1p1f1,gn,G6sulfur - SSP5-8.5,SON,tasmax_mean,degC,2071-2100,3844691.7860933,135,104.1086672,-1.3273003,original_box
UKESM1-0-LL,r1i1p1f2,gn,G6solar - G6sulfur,ANN,pr_mean,mm/day,2071-2100,3844689.7732745,180,155.3238565,0.0078412,original_box
UKESM1-0-LL,r1i1p1f2,gn,G6solar - G6sulfur,ANN,tasmax_mean,degC,2071-2100,3844689.7732745,180,155.3238565,-0.1530735,original_box
UKESM1-0-LL,r1i1p1f2,gn,G6solar - G6sulfur,DJF,pr_mean,mm/day,2071-2100,3844689.7732745,180,155.3238565,-0.0288991,original_box
UKESM1-0-LL,r1i1p1f2,gn,G6solar - G6sulfur,DJF,tasmax_mean,degC,2071-2100,3844689.7732745,180,155.3238565,-0.2813787,original_box
UKESM1-0-LL,r1i1p1f2,gn,G6solar - G6sulfur,JJA,pr_mean,mm/day,2071-2100,3844689.7732745,180,155.3238565,0.1382297,original_box
UKESM1-0-LL,r1i1p1f2,gn,G6solar - G6sulfur,JJA,tasmax_mean,degC,2071-2100,3844689.7732745,180,155.3238565,-0.1877699,original_box
UKESM1-0-LL,r1i1p1f2,gn,G6solar - G6sulfur,MAM,pr_mean,mm/day,2071-2100,3844689.7732745,180,155.3238565,-0.2719453,original_box
UKESM1-0-LL,r1i1p1f2,gn,G6solar - G6sulfur,MAM,tasmax_mean,degC,2071-2100,3844689.7732745,180,155.3238565,0.0574168,original_box
UKESM1-0-LL,r1i1p1f2,gn,G6solar - G6sulfur,SON,pr_mean,mm/day,2071-2100,3844689.7732745,180,155.3238565,0.1897363,original_box
UKESM1-0-LL,r1i1p1f2,gn,G6solar - G6sulfur,SON,tasmax_mean,degC,2071-2100,3844689.7732745,180,155.3238565,-0.2737959,original_box
UKESM1-0-LL,r1i1p1f2,gn,G6solar - SSP5-8.5,ANN,pr_mean,mm/day,2071-2100,3844689.7732745,180,155.3238565,-0.0531098,original_box
UKESM1-0-LL,r1i1p1f2,gn,G6solar - SSP5-8.5,ANN,tasmax_mean,degC,2071-2100,3844689.7732745,180,155.3238565,-2.4222977,original_box
UKESM1-0-LL,r1i1p1f2,gn,G6solar - SSP5-8.5,DJF,pr_mean,mm/day,2071-2100,3844689.7732745,180,155.3238565,-0.1251321,original_box
UKESM1-0-LL,r1i1p1f2,gn,G6solar - SSP5-8.5,DJF,tasmax_mean,degC,2071-2100,3844689.7732745,180,155.3238565,-2.0971711,original_box
UKESM1-0-LL,r1i1p1f2,gn,G6solar - SSP5-8.5,JJA,pr_mean,mm/day,2071-2100,3844689.7732745,180,155.3238565,0.3665669,original_box
UKESM1-0-LL,r1i1p1f2,gn,G6solar - SSP5-8.5,JJA,tasmax_mean,degC,2071-2100,3844689.7732745,180,155.3238565,-2.7507253,original_box
UKESM1-0-LL,r1i1p1f2,gn,G6solar - SSP5-8.5,MAM,pr_mean,mm/day,2071-2100,3844689.7732745,180,155.3238565,-0.2687019,original_box
UKESM1-0-LL,r1i1p1f2,gn,G6solar - SSP5-8.5,MAM,tasmax_mean,degC,2071-2100,3844689.7732745,180,155.3238565,-2.1960271,original_box
UKESM1-0-LL,r1i1p1f2,gn,G6solar - SSP5-8.5,SON,pr_mean,mm/day,2071-2100,3844689.7732745,180,155.3238565,-0.1700119,original_box
UKESM1-0-LL,r1i1p1f2,gn,G6solar - SSP5-8.5,SON,tasmax_mean,degC,2071-2100,3844689.7732745,180,155.3238565,-2.7533939,original_box
UKESM1-0-LL,r1i1p1f2,gn,G6sulfur - SSP5-8.5,ANN,pr_mean,mm/day,2071-2100,3844689.7732745,180,155.3238565,-0.0609511,original_box
UKESM1-0-LL,r1i1p1f2,gn,G6sulfur - SSP5-8.5,ANN,tasmax_mean,degC,2071-2100,3844689.7732745,180,155.3238565,-2.2692242,original_box
UKESM1-0-LL,r1i1p1f2,gn,G6sulfur - SSP5-8.5,DJF,pr_mean,mm/day,2071-2100,3844689.7732745,180,155.3238565,-0.0962330,original_box
UKESM1-0-LL,r1i1p1f2,gn,G6sulfur - SSP5-8.5,DJF,tasmax_mean,degC,2071-2100,3844689.7732745,180,155.3238565,-1.8157925,original_box
UKESM1-0-LL,r1i1p1f2,gn,G6sulfur - SSP5-8.5,JJA,pr_mean,mm/day,2071-2100,3844689.7732745,180,155.3238565,0.2283372,original_box
UKESM1-0-LL,r1i1p1f2,gn,G6sulfur - SSP5-8.5,JJA,tasmax_mean,degC,2071-2100,3844689.7732745,180,155.3238565,-2.5629554,original_box
UKESM1-0-LL,r1i1p1f2,gn,G6sulfur - SSP5-8.5,MAM,pr_mean,mm/day,2071-2100,3844689.7732745,180,155.3238565,0.0032434,original_box
UKESM1-0-LL,r1i1p1f2,gn,G6sulfur - SSP5-8.5,MAM,tasmax_mean,degC,2071-2100,3844689.7732745,180,155.3238565,-2.2534440,original_box
UKESM1-0-LL,r1i1p1f2,gn,G6sulfur - SSP5-8.5,SON,pr_mean,mm/day,2071-2100,3844689.7732745,180,155.3238565,-0.3597482,original_box
UKESM1-0-LL,r1i1p1f2,gn,G6sulfur - SSP5-8.5,SON,tasmax_mean,degC,2071-2100,3844689.7732745,180,155.3238565,-2.4795980,original_box
CNRM-ESM2-1,r1i1p1f2,gr,G6solar - G6sulfur,ANN,pr_mean,mm/day,2071-2100,1862340.4880689,133,91.5419063,0.0441308,southeast_land
CNRM-ESM2-1,r1i1p1f2,gr,G6solar - G6sulfur,ANN,tasmax_mean,degC,2071-2100,1862340.4880689,133,91.5419063,-0.0333383,southeast_land
CNRM-ESM2-1,r1i1p1f2,gr,G6solar - G6sulfur,DJF,pr_mean,mm/day,2071-2100,1862340.4880689,133,91.5419063,0.0327829,southeast_land
CNRM-ESM2-1,r1i1p1f2,gr,G6solar - G6sulfur,DJF,tasmax_mean,degC,2071-2100,1862340.4880689,133,91.5419063,0.0626431,southeast_land
CNRM-ESM2-1,r1i1p1f2,gr,G6solar - G6sulfur,JJA,pr_mean,mm/day,2071-2100,1862340.4880689,133,91.5419063,0.2100905,southeast_land
CNRM-ESM2-1,r1i1p1f2,gr,G6solar - G6sulfur,JJA,tasmax_mean,degC,2071-2100,1862340.4880689,133,91.5419063,-0.3784671,southeast_land
CNRM-ESM2-1,r1i1p1f2,gr,G6solar - G6sulfur,MAM,pr_mean,mm/day,2071-2100,1862340.4880689,133,91.5419063,-0.0600854,southeast_land
CNRM-ESM2-1,r1i1p1f2,gr,G6solar - G6sulfur,MAM,tasmax_mean,degC,2071-2100,1862340.4880689,133,91.5419063,0.2096899,southeast_land
CNRM-ESM2-1,r1i1p1f2,gr,G6solar - G6sulfur,SON,pr_mean,mm/day,2071-2100,1862340.4880689,133,91.5419063,-0.0149008,southeast_land
CNRM-ESM2-1,r1i1p1f2,gr,G6solar - G6sulfur,SON,tasmax_mean,degC,2071-2100,1862340.4880689,133,91.5419063,-0.0560097,southeast_land
CNRM-ESM2-1,r1i1p1f2,gr,G6solar - SSP5-8.5,ANN,pr_mean,mm/day,2071-2100,1862340.4880689,133,91.5419063,-0.0078761,southeast_land
CNRM-ESM2-1,r1i1p1f2,gr,G6solar - SSP5-8.5,ANN,tasmax_mean,degC,2071-2100,1862340.4880689,133,91.5419063,-1.6408402,southeast_land
CNRM-ESM2-1,r1i1p1f2,gr,G6solar - SSP5-8.5,DJF,pr_mean,mm/day,2071-2100,1862340.4880689,133,91.5419063,0.1186949,southeast_land
CNRM-ESM2-1,r1i1p1f2,gr,G6solar - SSP5-8.5,DJF,tasmax_mean,degC,2071-2100,1862340.4880689,133,91.5419063,-1.4620621,southeast_land
CNRM-ESM2-1,r1i1p1f2,gr,G6solar - SSP5-8.5,JJA,pr_mean,mm/day,2071-2100,1862340.4880689,133,91.5419063,-0.0962086,southeast_land
CNRM-ESM2-1,r1i1p1f2,gr,G6solar - SSP5-8.5,JJA,tasmax_mean,degC,2071-2100,1862340.4880689,133,91.5419063,-1.8155200,southeast_land
CNRM-ESM2-1,r1i1p1f2,gr,G6solar - SSP5-8.5,MAM,pr_mean,mm/day,2071-2100,1862340.4880689,133,91.5419063,0.0085857,southeast_land
CNRM-ESM2-1,r1i1p1f2,gr,G6solar - SSP5-8.5,MAM,tasmax_mean,degC,2071-2100,1862340.4880689,133,91.5419063,-1.7208285,southeast_land
CNRM-ESM2-1,r1i1p1f2,gr,G6solar - SSP5-8.5,SON,pr_mean,mm/day,2071-2100,1862340.4880689,133,91.5419063,-0.0630910,southeast_land
CNRM-ESM2-1,r1i1p1f2,gr,G6solar - SSP5-8.5,SON,tasmax_mean,degC,2071-2100,1862340.4880689,133,91.5419063,-1.5460656,southeast_land
CNRM-ESM2-1,r1i1p1f2,gr,G6sulfur - SSP5-8.5,ANN,pr_mean,mm/day,2071-2100,1862340.4880689,133,91.5419063,-0.0520069,southeast_land
CNRM-ESM2-1,r1i1p1f2,gr,G6sulfur - SSP5-8.5,ANN,tasmax_mean,degC,2071-2100,1862340.4880689,133,91.5419063,-1.6075020,southeast_land
CNRM-ESM2-1,r1i1p1f2,gr,G6sulfur - SSP5-8.5,DJF,pr_mean,mm/day,2071-2100,1862340.4880689,133,91.5419063,0.0859121,southeast_land
CNRM-ESM2-1,r1i1p1f2,gr,G6sulfur - SSP5-8.5,DJF,tasmax_mean,degC,2071-2100,1862340.4880689,133,91.5419063,-1.5247053,southeast_land
CNRM-ESM2-1,r1i1p1f2,gr,G6sulfur - SSP5-8.5,JJA,pr_mean,mm/day,2071-2100,1862340.4880689,133,91.5419063,-0.3062991,southeast_land
CNRM-ESM2-1,r1i1p1f2,gr,G6sulfur - SSP5-8.5,JJA,tasmax_mean,degC,2071-2100,1862340.4880689,133,91.5419063,-1.4370529,southeast_land
CNRM-ESM2-1,r1i1p1f2,gr,G6sulfur - SSP5-8.5,MAM,pr_mean,mm/day,2071-2100,1862340.4880689,133,91.5419063,0.0686712,southeast_land
CNRM-ESM2-1,r1i1p1f2,gr,G6sulfur - SSP5-8.5,MAM,tasmax_mean,degC,2071-2100,1862340.4880689,133,91.5419063,-1.9305183,southeast_land
CNRM-ESM2-1,r1i1p1f2,gr,G6sulfur - SSP5-8.5,SON,pr_mean,mm/day,2071-2100,1862340.4880689,133,91.5419063,-0.0481902,southeast_land
CNRM-ESM2-1,r1i1p1f2,gr,G6sulfur - SSP5-8.5,SON,tasmax_mean,degC,2071-2100,1862340.4880689,133,91.5419063,-1.4900559,southeast_land
IPSL-CM6A-LR,r1i1p1f1,gr,G6solar - G6sulfur,ANN,pr_mean,mm/day,2071-2100,1862424.1339256,86,56.9096625,-0.0310077,southeast_land
IPSL-CM6A-LR,r1i1p1f1,gr,G6solar - G6sulfur,ANN,tasmax_mean,degC,2071-2100,1862424.1339256,86,56.9096625,-0.4252090,southeast_land
IPSL-CM6A-LR,r1i1p1f1,gr,G6solar - G6sulfur,DJF,pr_mean,mm/day,2071-2100,1862424.1339256,86,56.9096625,-0.2111585,southeast_land
IPSL-CM6A-LR,r1i1p1f1,gr,G6solar - G6sulfur,DJF,tasmax_mean,degC,2071-2100,1862424.1339256,86,56.9096625,-0.5386208,southeast_land
IPSL-CM6A-LR,r1i1p1f1,gr,G6solar - G6sulfur,JJA,pr_mean,mm/day,2071-2100,1862424.1339256,86,56.9096625,0.3549505,southeast_land
IPSL-CM6A-LR,r1i1p1f1,gr,G6solar - G6sulfur,JJA,tasmax_mean,degC,2071-2100,1862424.1339256,86,56.9096625,-0.4335356,southeast_land
IPSL-CM6A-LR,r1i1p1f1,gr,G6solar - G6sulfur,MAM,pr_mean,mm/day,2071-2100,1862424.1339256,86,56.9096625,-0.1731326,southeast_land
IPSL-CM6A-LR,r1i1p1f1,gr,G6solar - G6sulfur,MAM,tasmax_mean,degC,2071-2100,1862424.1339256,86,56.9096625,-0.3744436,southeast_land
IPSL-CM6A-LR,r1i1p1f1,gr,G6solar - G6sulfur,SON,pr_mean,mm/day,2071-2100,1862424.1339256,86,56.9096625,-0.1323017,southeast_land
IPSL-CM6A-LR,r1i1p1f1,gr,G6solar - G6sulfur,SON,tasmax_mean,degC,2071-2100,1862424.1339256,86,56.9096625,-0.3924264,southeast_land
IPSL-CM6A-LR,r1i1p1f1,gr,G6solar - SSP5-8.5,ANN,pr_mean,mm/day,2071-2100,1862424.1339256,86,56.9096625,-0.1502245,southeast_land
IPSL-CM6A-LR,r1i1p1f1,gr,G6solar - SSP5-8.5,ANN,tasmax_mean,degC,2071-2100,1862424.1339256,86,56.9096625,-2.2903487,southeast_land
IPSL-CM6A-LR,r1i1p1f1,gr,G6solar - SSP5-8.5,DJF,pr_mean,mm/day,2071-2100,1862424.1339256,86,56.9096625,-0.4355146,southeast_land
IPSL-CM6A-LR,r1i1p1f1,gr,G6solar - SSP5-8.5,DJF,tasmax_mean,degC,2071-2100,1862424.1339256,86,56.9096625,-2.1345592,southeast_land
IPSL-CM6A-LR,r1i1p1f1,gr,G6solar - SSP5-8.5,JJA,pr_mean,mm/day,2071-2100,1862424.1339256,86,56.9096625,0.1261101,southeast_land
IPSL-CM6A-LR,r1i1p1f1,gr,G6solar - SSP5-8.5,JJA,tasmax_mean,degC,2071-2100,1862424.1339256,86,56.9096625,-2.4778231,southeast_land
IPSL-CM6A-LR,r1i1p1f1,gr,G6solar - SSP5-8.5,MAM,pr_mean,mm/day,2071-2100,1862424.1339256,86,56.9096625,0.0411919,southeast_land
IPSL-CM6A-LR,r1i1p1f1,gr,G6solar - SSP5-8.5,MAM,tasmax_mean,degC,2071-2100,1862424.1339256,86,56.9096625,-2.5037919,southeast_land
IPSL-CM6A-LR,r1i1p1f1,gr,G6solar - SSP5-8.5,SON,pr_mean,mm/day,2071-2100,1862424.1339256,86,56.9096625,-0.3850298,southeast_land
IPSL-CM6A-LR,r1i1p1f1,gr,G6solar - SSP5-8.5,SON,tasmax_mean,degC,2071-2100,1862424.1339256,86,56.9096625,-2.1270421,southeast_land
IPSL-CM6A-LR,r1i1p1f1,gr,G6sulfur - SSP5-8.5,ANN,pr_mean,mm/day,2071-2100,1862424.1339256,86,56.9096625,-0.1192168,southeast_land
IPSL-CM6A-LR,r1i1p1f1,gr,G6sulfur - SSP5-8.5,ANN,tasmax_mean,degC,2071-2100,1862424.1339256,86,56.9096625,-1.8651397,southeast_land
IPSL-CM6A-LR,r1i1p1f1,gr,G6sulfur - SSP5-8.5,DJF,pr_mean,mm/day,2071-2100,1862424.1339256,86,56.9096625,-0.2243561,southeast_land
IPSL-CM6A-LR,r1i1p1f1,gr,G6sulfur - SSP5-8.5,DJF,tasmax_mean,degC,2071-2100,1862424.1339256,86,56.9096625,-1.5959384,southeast_land
IPSL-CM6A-LR,r1i1p1f1,gr,G6sulfur - SSP5-8.5,JJA,pr_mean,mm/day,2071-2100,1862424.1339256,86,56.9096625,-0.2288403,southeast_land
IPSL-CM6A-LR,r1i1p1f1,gr,G6sulfur - SSP5-8.5,JJA,tasmax_mean,degC,2071-2100,1862424.1339256,86,56.9096625,-2.0442874,southeast_land
IPSL-CM6A-LR,r1i1p1f1,gr,G6sulfur - SSP5-8.5,MAM,pr_mean,mm/day,2071-2100,1862424.1339256,86,56.9096625,0.2143245,southeast_land
IPSL-CM6A-LR,r1i1p1f1,gr,G6sulfur - SSP5-8.5,MAM,tasmax_mean,degC,2071-2100,1862424.1339256,86,56.9096625,-2.1293484,southeast_land
IPSL-CM6A-LR,r1i1p1f1,gr,G6sulfur - SSP5-8.5,SON,pr_mean,mm/day,2071-2100,1862424.1339256,86,56.9096625,-0.2527280,southeast_land
IPSL-CM6A-LR,r1i1p1f1,gr,G6sulfur - SSP5-8.5,SON,tasmax_mean,degC,2071-2100,1862424.1339256,86,56.9096625,-1.7346157,southeast_land
MPI-ESM1-2-LR,r2i1p1f1,gn,G6solar - G6sulfur,ANN,pr_mean,mm/day,2071-2100,1862387.5452311,77,51.5740791,0.0615381,southeast_land
MPI-ESM1-2-LR,r2i1p1f1,gn,G6solar - G6sulfur,ANN,tasmax_mean,degC,2071-2100,1862387.5452311,77,51.5740791,-1.0142485,southeast_land
MPI-ESM1-2-LR,r2i1p1f1,gn,G6solar - G6sulfur,DJF,pr_mean,mm/day,2071-2100,1862387.5452311,77,51.5740791,0.1279113,southeast_land
MPI-ESM1-2-LR,r2i1p1f1,gn,G6solar - G6sulfur,DJF,tasmax_mean,degC,2071-2100,1862387.5452311,77,51.5740791,-2.0680229,southeast_land
MPI-ESM1-2-LR,r2i1p1f1,gn,G6solar - G6sulfur,JJA,pr_mean,mm/day,2071-2100,1862387.5452311,77,51.5740791,-0.1402030,southeast_land
MPI-ESM1-2-LR,r2i1p1f1,gn,G6solar - G6sulfur,JJA,tasmax_mean,degC,2071-2100,1862387.5452311,77,51.5740791,-0.4470221,southeast_land
MPI-ESM1-2-LR,r2i1p1f1,gn,G6solar - G6sulfur,MAM,pr_mean,mm/day,2071-2100,1862387.5452311,77,51.5740791,0.1015489,southeast_land
MPI-ESM1-2-LR,r2i1p1f1,gn,G6solar - G6sulfur,MAM,tasmax_mean,degC,2071-2100,1862387.5452311,77,51.5740791,-0.8777134,southeast_land
MPI-ESM1-2-LR,r2i1p1f1,gn,G6solar - G6sulfur,SON,pr_mean,mm/day,2071-2100,1862387.5452311,77,51.5740791,0.1525097,southeast_land
MPI-ESM1-2-LR,r2i1p1f1,gn,G6solar - G6sulfur,SON,tasmax_mean,degC,2071-2100,1862387.5452311,77,51.5740791,-0.6550737,southeast_land
MPI-ESM1-2-LR,r2i1p1f1,gn,G6solar - SSP5-8.5,ANN,pr_mean,mm/day,2071-2100,1862387.5452311,77,51.5740791,-0.0054285,southeast_land
MPI-ESM1-2-LR,r2i1p1f1,gn,G6solar - SSP5-8.5,ANN,tasmax_mean,degC,2071-2100,1862387.5452311,77,51.5740791,-1.8727470,southeast_land
MPI-ESM1-2-LR,r2i1p1f1,gn,G6solar - SSP5-8.5,DJF,pr_mean,mm/day,2071-2100,1862387.5452311,77,51.5740791,-0.0203118,southeast_land
MPI-ESM1-2-LR,r2i1p1f1,gn,G6solar - SSP5-8.5,DJF,tasmax_mean,degC,2071-2100,1862387.5452311,77,51.5740791,-1.1616654,southeast_land
MPI-ESM1-2-LR,r2i1p1f1,gn,G6solar - SSP5-8.5,JJA,pr_mean,mm/day,2071-2100,1862387.5452311,77,51.5740791,0.0822962,southeast_land
MPI-ESM1-2-LR,r2i1p1f1,gn,G6solar - SSP5-8.5,JJA,tasmax_mean,degC,2071-2100,1862387.5452311,77,51.5740791,-2.1826428,southeast_land
MPI-ESM1-2-LR,r2i1p1f1,gn,G6solar - SSP5-8.5,MAM,pr_mean,mm/day,2071-2100,1862387.5452311,77,51.5740791,0.1121225,southeast_land
MPI-ESM1-2-LR,r2i1p1f1,gn,G6solar - SSP5-8.5,MAM,tasmax_mean,degC,2071-2100,1862387.5452311,77,51.5740791,-2.0876990,southeast_land
MPI-ESM1-2-LR,r2i1p1f1,gn,G6solar - SSP5-8.5,SON,pr_mean,mm/day,2071-2100,1862387.5452311,77,51.5740791,-0.2230363,southeast_land
MPI-ESM1-2-LR,r2i1p1f1,gn,G6solar - SSP5-8.5,SON,tasmax_mean,degC,2071-2100,1862387.5452311,77,51.5740791,-1.9492049,southeast_land
MPI-ESM1-2-LR,r2i1p1f1,gn,G6sulfur - SSP5-8.5,ANN,pr_mean,mm/day,2071-2100,1862387.5452311,77,51.5740791,-0.0669666,southeast_land
MPI-ESM1-2-LR,r2i1p1f1,gn,G6sulfur - SSP5-8.5,ANN,tasmax_mean,degC,2071-2100,1862387.5452311,77,51.5740791,-0.8584985,southeast_land
MPI-ESM1-2-LR,r2i1p1f1,gn,G6sulfur - SSP5-8.5,DJF,pr_mean,mm/day,2071-2100,1862387.5452311,77,51.5740791,-0.1482231,southeast_land
MPI-ESM1-2-LR,r2i1p1f1,gn,G6sulfur - SSP5-8.5,DJF,tasmax_mean,degC,2071-2100,1862387.5452311,77,51.5740791,0.9063576,southeast_land
MPI-ESM1-2-LR,r2i1p1f1,gn,G6sulfur - SSP5-8.5,JJA,pr_mean,mm/day,2071-2100,1862387.5452311,77,51.5740791,0.2224993,southeast_land
MPI-ESM1-2-LR,r2i1p1f1,gn,G6sulfur - SSP5-8.5,JJA,tasmax_mean,degC,2071-2100,1862387.5452311,77,51.5740791,-1.7356208,southeast_land
MPI-ESM1-2-LR,r2i1p1f1,gn,G6sulfur - SSP5-8.5,MAM,pr_mean,mm/day,2071-2100,1862387.5452311,77,51.5740791,0.0105737,southeast_land
MPI-ESM1-2-LR,r2i1p1f1,gn,G6sulfur - SSP5-8.5,MAM,tasmax_mean,degC,2071-2100,1862387.5452311,77,51.5740791,-1.2099857,southeast_land
MPI-ESM1-2-LR,r2i1p1f1,gn,G6sulfur - SSP5-8.5,SON,pr_mean,mm/day,2071-2100,1862387.5452311,77,51.5740791,-0.3755460,southeast_land
MPI-ESM1-2-LR,r2i1p1f1,gn,G6sulfur - SSP5-8.5,SON,tasmax_mean,degC,2071-2100,1862387.5452311,77,51.5740791,-1.2941312,southeast_land
UKESM1-0-LL,r1i1p1f2,gn,G6solar - G6sulfur,ANN,pr_mean,mm/day,2071-2100,1862427.3339168,113,76.9477589,-0.0070711,southeast_land
UKESM1-0-LL,r1i1p1f2,gn,G6solar - G6sulfur,ANN,tasmax_mean,degC,2071-2100,1862427.3339168,113,76.9477589,-0.1666342,southeast_land
UKESM1-0-LL,r1i1p1f2,gn,G6solar - G6sulfur,DJF,pr_mean,mm/day,2071-2100,1862427.3339168,113,76.9477589,-0.0127960,southeast_land
UKESM1-0-LL,r1i1p1f2,gn,G6solar - G6sulfur,DJF,tasmax_mean,degC,2071-2100,1862427.3339168,113,76.9477589,-0.3043097,southeast_land
UKESM1-0-LL,r1i1p1f2,gn,G6solar - G6sulfur,JJA,pr_mean,mm/day,2071-2100,1862427.3339168,113,76.9477589,0.0098644,southeast_land
UKESM1-0-LL,r1i1p1f2,gn,G6solar - G6sulfur,JJA,tasmax_mean,degC,2071-2100,1862427.3339168,113,76.9477589,-0.2387975,southeast_land
UKESM1-0-LL,r1i1p1f2,gn,G6solar - G6sulfur,MAM,pr_mean,mm/day,2071-2100,1862427.3339168,113,76.9477589,-0.2258907,southeast_land
UKESM1-0-LL,r1i1p1f2,gn,G6solar - G6sulfur,MAM,tasmax_mean,degC,2071-2100,1862427.3339168,113,76.9477589,0.1285180,southeast_land
UKESM1-0-LL,r1i1p1f2,gn,G6solar - G6sulfur,SON,pr_mean,mm/day,2071-2100,1862427.3339168,113,76.9477589,0.1798390,southeast_land
UKESM1-0-LL,r1i1p1f2,gn,G6solar - G6sulfur,SON,tasmax_mean,degC,2071-2100,1862427.3339168,113,76.9477589,-0.3259230,southeast_land
UKESM1-0-LL,r1i1p1f2,gn,G6solar - SSP5-8.5,ANN,pr_mean,mm/day,2071-2100,1862427.3339168,113,76.9477589,-0.2058459,southeast_land
UKESM1-0-LL,r1i1p1f2,gn,G6solar - SSP5-8.5,ANN,tasmax_mean,degC,2071-2100,1862427.3339168,113,76.9477589,-2.7466080,southeast_land
UKESM1-0-LL,r1i1p1f2,gn,G6solar - SSP5-8.5,DJF,pr_mean,mm/day,2071-2100,1862427.3339168,113,76.9477589,-0.1963927,southeast_land
UKESM1-0-LL,r1i1p1f2,gn,G6solar - SSP5-8.5,DJF,tasmax_mean,degC,2071-2100,1862427.3339168,113,76.9477589,-2.3309096,southeast_land
UKESM1-0-LL,r1i1p1f2,gn,G6solar - SSP5-8.5,JJA,pr_mean,mm/day,2071-2100,1862427.3339168,113,76.9477589,0.1497335,southeast_land
UKESM1-0-LL,r1i1p1f2,gn,G6solar - SSP5-8.5,JJA,tasmax_mean,degC,2071-2100,1862427.3339168,113,76.9477589,-3.2543850,southeast_land
UKESM1-0-LL,r1i1p1f2,gn,G6solar - SSP5-8.5,MAM,pr_mean,mm/day,2071-2100,1862427.3339168,113,76.9477589,-0.3937081,southeast_land
UKESM1-0-LL,r1i1p1f2,gn,G6solar - SSP5-8.5,MAM,tasmax_mean,degC,2071-2100,1862427.3339168,113,76.9477589,-2.4102944,southeast_land
UKESM1-0-LL,r1i1p1f2,gn,G6solar - SSP5-8.5,SON,pr_mean,mm/day,2071-2100,1862427.3339168,113,76.9477589,-0.3829799,southeast_land
UKESM1-0-LL,r1i1p1f2,gn,G6solar - SSP5-8.5,SON,tasmax_mean,degC,2071-2100,1862427.3339168,113,76.9477589,-3.1086866,southeast_land
UKESM1-0-LL,r1i1p1f2,gn,G6sulfur - SSP5-8.5,ANN,pr_mean,mm/day,2071-2100,1862427.3339168,113,76.9477589,-0.1987749,southeast_land
UKESM1-0-LL,r1i1p1f2,gn,G6sulfur - SSP5-8.5,ANN,tasmax_mean,degC,2071-2100,1862427.3339168,113,76.9477589,-2.5799738,southeast_land
UKESM1-0-LL,r1i1p1f2,gn,G6sulfur - SSP5-8.5,DJF,pr_mean,mm/day,2071-2100,1862427.3339168,113,76.9477589,-0.1835967,southeast_land
UKESM1-0-LL,r1i1p1f2,gn,G6sulfur - SSP5-8.5,DJF,tasmax_mean,degC,2071-2100,1862427.3339168,113,76.9477589,-2.0265999,southeast_land
UKESM1-0-LL,r1i1p1f2,gn,G6sulfur - SSP5-8.5,JJA,pr_mean,mm/day,2071-2100,1862427.3339168,113,76.9477589,0.1398691,southeast_land
UKESM1-0-LL,r1i1p1f2,gn,G6sulfur - SSP5-8.5,JJA,tasmax_mean,degC,2071-2100,1862427.3339168,113,76.9477589,-3.0155876,southeast_land
UKESM1-0-LL,r1i1p1f2,gn,G6sulfur - SSP5-8.5,MAM,pr_mean,mm/day,2071-2100,1862427.3339168,113,76.9477589,-0.1678173,southeast_land
UKESM1-0-LL,r1i1p1f2,gn,G6sulfur - SSP5-8.5,MAM,tasmax_mean,degC,2071-2100,1862427.3339168,113,76.9477589,-2.5388124,southeast_land
UKESM1-0-LL,r1i1p1f2,gn,G6sulfur - SSP5-8.5,SON,pr_mean,mm/day,2071-2100,1862427.3339168,113,76.9477589,-0.5628188,southeast_land
UKESM1-0-LL,r1i1p1f2,gn,G6sulfur - SSP5-8.5,SON,tasmax_mean,degC,2071-2100,1862427.3339168,113,76.9477589,-2.7827636,southeast_land
CNRM-ESM2-1,r1i1p1f2,gr,G6solar - G6sulfur,ANN,pr_mean,mm/day,2071-2100,917554.5098002,73,44.0423603,0.0388551,gulf_coast
CNRM-ESM2-1,r1i1p1f2,gr,G6solar - G6sulfur,ANN,tasmax_mean,degC,2071-2100,917554.5098002,73,44.0423603,-0.0753938,gulf_coast
CNRM-ESM2-1,r1i1p1f2,gr,G6solar - G6sulfur,DJF,pr_mean,mm/day,2071-2100,917554.5098002,73,44.0423603,0.0475804,gulf_coast
CNRM-ESM2-1,r1i1p1f2,gr,G6solar - G6sulfur,DJF,tasmax_mean,degC,2071-2100,917554.5098002,73,44.0423603,-0.0515034,gulf_coast
CNRM-ESM2-1,r1i1p1f2,gr,G6solar - G6sulfur,JJA,pr_mean,mm/day,2071-2100,917554.5098002,73,44.0423603,0.3582305,gulf_coast
CNRM-ESM2-1,r1i1p1f2,gr,G6solar - G6sulfur,JJA,tasmax_mean,degC,2071-2100,917554.5098002,73,44.0423603,-0.4329044,gulf_coast
CNRM-ESM2-1,r1i1p1f2,gr,G6solar - G6sulfur,MAM,pr_mean,mm/day,2071-2100,917554.5098002,73,44.0423603,-0.1648528,gulf_coast
CNRM-ESM2-1,r1i1p1f2,gr,G6solar - G6sulfur,MAM,tasmax_mean,degC,2071-2100,917554.5098002,73,44.0423603,0.1387260,gulf_coast
CNRM-ESM2-1,r1i1p1f2,gr,G6solar - G6sulfur,SON,pr_mean,mm/day,2071-2100,917554.5098002,73,44.0423603,-0.0922251,gulf_coast
CNRM-ESM2-1,r1i1p1f2,gr,G6solar - G6sulfur,SON,tasmax_mean,degC,2071-2100,917554.5098002,73,44.0423603,0.0125397,gulf_coast
CNRM-ESM2-1,r1i1p1f2,gr,G6solar - SSP5-8.5,ANN,pr_mean,mm/day,2071-2100,917554.5098002,73,44.0423603,0.0133220,gulf_coast
CNRM-ESM2-1,r1i1p1f2,gr,G6solar - SSP5-8.5,ANN,tasmax_mean,degC,2071-2100,917554.5098002,73,44.0423603,-1.6372643,gulf_coast
CNRM-ESM2-1,r1i1p1f2,gr,G6solar - SSP5-8.5,DJF,pr_mean,mm/day,2071-2100,917554.5098002,73,44.0423603,0.1953570,gulf_coast
CNRM-ESM2-1,r1i1p1f2,gr,G6solar - SSP5-8.5,DJF,tasmax_mean,degC,2071-2100,917554.5098002,73,44.0423603,-1.5135493,gulf_coast
CNRM-ESM2-1,r1i1p1f2,gr,G6solar - SSP5-8.5,JJA,pr_mean,mm/day,2071-2100,917554.5098002,73,44.0423603,0.0033664,gulf_coast
CNRM-ESM2-1,r1i1p1f2,gr,G6solar - SSP5-8.5,JJA,tasmax_mean,degC,2071-2100,917554.5098002,73,44.0423603,-1.7834786,gulf_coast
CNRM-ESM2-1,r1i1p1f2,gr,G6solar - SSP5-8.5,MAM,pr_mean,mm/day,2071-2100,917554.5098002,73,44.0423603,-0.0830182,gulf_coast
CNRM-ESM2-1,r1i1p1f2,gr,G6solar - SSP5-8.5,MAM,tasmax_mean,degC,2071-2100,917554.5098002,73,44.0423603,-1.7979346,gulf_coast
CNRM-ESM2-1,r1i1p1f2,gr,G6solar - SSP5-8.5,SON,pr_mean,mm/day,2071-2100,917554.5098002,73,44.0423603,-0.0761795,gulf_coast
CNRM-ESM2-1,r1i1p1f2,gr,G6solar - SSP5-8.5,SON,tasmax_mean,degC,2071-2100,917554.5098002,73,44.0423603,-1.4569653,gulf_coast
CNRM-ESM2-1,r1i1p1f2,gr,G6sulfur - SSP5-8.5,ANN,pr_mean,mm/day,2071-2100,917554.5098002,73,44.0423603,-0.0255330,gulf_coast
CNRM-ESM2-1,r1i1p1f2,gr,G6sulfur - SSP5-8.5,ANN,tasmax_mean,degC,2071-2100,917554.5098002,73,44.0423603,-1.5618705,gulf_coast
CNRM-ESM2-1,r1i1p1f2,gr,G6sulfur - SSP5-8.5,DJF,pr_mean,mm/day,2071-2100,917554.5098002,73,44.0423603,0.1477766,gulf_coast
CNRM-ESM2-1,r1i1p1f2,gr,G6sulfur - SSP5-8.5,DJF,tasmax_mean,degC,2071-2100,917554.5098002,73,44.0423603,-1.4620459,gulf_coast
CNRM-ESM2-1,r1i1p1f2,gr,G6sulfur - SSP5-8.5,JJA,pr_mean,mm/day,2071-2100,917554.5098002,73,44.0423603,-0.3548641,gulf_coast
CNRM-ESM2-1,r1i1p1f2,gr,G6sulfur - SSP5-8.5,JJA,tasmax_mean,degC,2071-2100,917554.5098002,73,44.0423603,-1.3505742,gulf_coast
CNRM-ESM2-1,r1i1p1f2,gr,G6sulfur - SSP5-8.5,MAM,pr_mean,mm/day,2071-2100,917554.5098002,73,44.0423603,0.0818346,gulf_coast
CNRM-ESM2-1,r1i1p1f2,gr,G6sulfur - SSP5-8.5,MAM,tasmax_mean,degC,2071-2100,917554.5098002,73,44.0423603,-1.9366606,gulf_coast
CNRM-ESM2-1,r1i1p1f2,gr,G6sulfur - SSP5-8.5,SON,pr_mean,mm/day,2071-2100,917554.5098002,73,44.0423603,0.0160456,gulf_coast
CNRM-ESM2-1,r1i1p1f2,gr,G6sulfur - SSP5-8.5,SON,tasmax_mean,degC,2071-2100,917554.5098002,73,44.0423603,-1.4695050,gulf_coast
IPSL-CM6A-LR,r1i1p1f1,gr,G6solar - G6sulfur,ANN,pr_mean,mm/day,2071-2100,917554.4689558,53,27.3778485,-0.0866398,gulf_coast
IPSL-CM6A-LR,r1i1p1f1,gr,G6solar - G6sulfur,ANN,tasmax_mean,degC,2071-2100,917554.4689558,53,27.3778485,-0.3622132,gulf_coast
IPSL-CM6A-LR,r1i1p1f1,gr,G6solar - G6sulfur,DJF,pr_mean,mm/day,2071-2100,917554.4689558,53,27.3778485,-0.1991911,gulf_coast
IPSL-CM6A-LR,r1i1p1f1,gr,G6solar - G6sulfur,DJF,tasmax_mean,degC,2071-2100,917554.4689558,53,27.3778485,-0.4759339,gulf_coast
IPSL-CM6A-LR,r1i1p1f1,gr,G6solar - G6sulfur,JJA,pr_mean,mm/day,2071-2100,917554.4689558,53,27.3778485,0.3766763,gulf_coast
IPSL-CM6A-LR,r1i1p1f1,gr,G6solar - G6sulfur,JJA,tasmax_mean,degC,2071-2100,917554.4689558,53,27.3778485,-0.3737742,gulf_coast
IPSL-CM6A-LR,r1i1p1f1,gr,G6solar - G6sulfur,MAM,pr_mean,mm/day,2071-2100,917554.4689558,53,27.3778485,-0.5058509,gulf_coast
IPSL-CM6A-LR,r1i1p1f1,gr,G6solar - G6sulfur,MAM,tasmax_mean,degC,2071-2100,917554.4689558,53,27.3778485,-0.2195970,gulf_coast
IPSL-CM6A-LR,r1i1p1f1,gr,G6solar - G6sulfur,SON,pr_mean,mm/day,2071-2100,917554.4689558,53,27.3778485,-0.0572367,gulf_coast
IPSL-CM6A-LR,r1i1p1f1,gr,G6solar - G6sulfur,SON,tasmax_mean,degC,2071-2100,917554.4689558,53,27.3778485,-0.4175226,gulf_coast
IPSL-CM6A-LR,r1i1p1f1,gr,G6solar - SSP5-8.5,ANN,pr_mean,mm/day,2071-2100,917554.4689558,53,27.3778485,-0.0050104,gulf_coast
IPSL-CM6A-LR,r1i1p1f1,gr,G6solar - SSP5-8.5,ANN,tasmax_mean,degC,2071-2100,917554.4689558,53,27.3778485,-2.1600043,gulf_coast
IPSL-CM6A-LR,r1i1p1f1,gr,G6solar - SSP5-8.5,DJF,pr_mean,mm/day,2071-2100,917554.4689558,53,27.3778485,-0.2190314,gulf_coast
IPSL-CM6A-LR,r1i1p1f1,gr,G6solar - SSP5-8.5,DJF,tasmax_mean,degC,2071-2100,917554.4689558,53,27.3778485,-1.9635427,gulf_coast
IPSL-CM6A-LR,r1i1p1f1,gr,G6solar - SSP5-8.5,JJA,pr_mean,mm/day,2071-2100,917554.4689558,53,27.3778485,0.2785959,gulf_coast
IPSL-CM6A-LR,r1i1p1f1,gr,G6solar - SSP5-8.5,JJA,tasmax_mean,degC,2071-2100,917554.4689558,53,27.3778485,-2.3597248,gulf_coast
IPSL-CM6A-LR,r1i1p1f1,gr,G6solar - SSP5-8.5,MAM,pr_mean,mm/day,2071-2100,917554.4689558,53,27.3778485,0.2101176,gulf_coast
IPSL-CM6A-LR,r1i1p1f1,gr,G6solar - SSP5-8.5,MAM,tasmax_mean,degC,2071-2100,917554.4689558,53,27.3778485,-2.3519409,gulf_coast
IPSL-CM6A-LR,r1i1p1f1,gr,G6solar - SSP5-8.5,SON,pr_mean,mm/day,2071-2100,917554.4689558,53,27.3778485,-0.3352833,gulf_coast
IPSL-CM6A-LR,r1i1p1f1,gr,G6solar - SSP5-8.5,SON,tasmax_mean,degC,2071-2100,917554.4689558,53,27.3778485,-2.0342834,gulf_coast
IPSL-CM6A-LR,r1i1p1f1,gr,G6sulfur - SSP5-8.5,ANN,pr_mean,mm/day,2071-2100,917554.4689558,53,27.3778485,0.0816294,gulf_coast
IPSL-CM6A-LR,r1i1p1f1,gr,G6sulfur - SSP5-8.5,ANN,tasmax_mean,degC,2071-2100,917554.4689558,53,27.3778485,-1.7977912,gulf_coast
IPSL-CM6A-LR,r1i1p1f1,gr,G6sulfur - SSP5-8.5,DJF,pr_mean,mm/day,2071-2100,917554.4689558,53,27.3778485,-0.0198403,gulf_coast
IPSL-CM6A-LR,r1i1p1f1,gr,G6sulfur - SSP5-8.5,DJF,tasmax_mean,degC,2071-2100,917554.4689558,53,27.3778485,-1.4876088,gulf_coast
IPSL-CM6A-LR,r1i1p1f1,gr,G6sulfur - SSP5-8.5,JJA,pr_mean,mm/day,2071-2100,917554.4689558,53,27.3778485,-0.0980805,gulf_coast
IPSL-CM6A-LR,r1i1p1f1,gr,G6sulfur - SSP5-8.5,JJA,tasmax_mean,degC,2071-2100,917554.4689558,53,27.3778485,-1.9859506,gulf_coast
IPSL-CM6A-LR,r1i1p1f1,gr,G6sulfur - SSP5-8.5,MAM,pr_mean,mm/day,2071-2100,917554.4689558,53,27.3778485,0.7159686,gulf_coast
IPSL-CM6A-LR,r1i1p1f1,gr,G6sulfur - SSP5-8.5,MAM,tasmax_mean,degC,2071-2100,917554.4689558,53,27.3778485,-2.1323438,gulf_coast
IPSL-CM6A-LR,r1i1p1f1,gr,G6sulfur - SSP5-8.5,SON,pr_mean,mm/day,2071-2100,917554.4689558,53,27.3778485,-0.2780465,gulf_coast
IPSL-CM6A-LR,r1i1p1f1,gr,G6sulfur - SSP5-8.5,SON,tasmax_mean,degC,2071-2100,917554.4689558,53,27.3778485,-1.6167607,gulf_coast
MPI-ESM1-2-LR,r2i1p1f1,gn,G6solar - G6sulfur,ANN,pr_mean,mm/day,2071-2100,917554.7349832,46,24.8132905,0.0786008,gulf_coast
MPI-ESM1-2-LR,r2i1p1f1,gn,G6solar - G6sulfur,ANN,tasmax_mean,degC,2071-2100,917554.7349832,46,24.8132905,-1.0313586,gulf_coast
MPI-ESM1-2-LR,r2i1p1f1,gn,G6solar - G6sulfur,DJF,pr_mean,mm/day,2071-2100,917554.7349832,46,24.8132905,0.3067811,gulf_coast
MPI-ESM1-2-LR,r2i1p1f1,gn,G6solar - G6sulfur,DJF,tasmax_mean,degC,2071-2100,917554.7349832,46,24.8132905,-2.0520695,gulf_coast
MPI-ESM1-2-LR,r2i1p1f1,gn,G6solar - G6sulfur,JJA,pr_mean,mm/day,2071-2100,917554.7349832,46,24.8132905,-0.1854339,gulf_coast
MPI-ESM1-2-LR,r2i1p1f1,gn,G6solar - G6sulfur,JJA,tasmax_mean,degC,2071-2100,917554.7349832,46,24.8132905,-0.4833709,gulf_coast
MPI-ESM1-2-LR,r2i1p1f1,gn,G6solar - G6sulfur,MAM,pr_mean,mm/day,2071-2100,917554.7349832,46,24.8132905,0.0661344,gulf_coast
MPI-ESM1-2-LR,r2i1p1f1,gn,G6solar - G6sulfur,MAM,tasmax_mean,degC,2071-2100,917554.7349832,46,24.8132905,-1.0152947,gulf_coast
MPI-ESM1-2-LR,r2i1p1f1,gn,G6solar - G6sulfur,SON,pr_mean,mm/day,2071-2100,917554.7349832,46,24.8132905,0.1181146,gulf_coast
MPI-ESM1-2-LR,r2i1p1f1,gn,G6solar - G6sulfur,SON,tasmax_mean,degC,2071-2100,917554.7349832,46,24.8132905,-0.5665465,gulf_coast
MPI-ESM1-2-LR,r2i1p1f1,gn,G6solar - SSP5-8.5,ANN,pr_mean,mm/day,2071-2100,917554.7349832,46,24.8132905,0.0205029,gulf_coast
MPI-ESM1-2-LR,r2i1p1f1,gn,G6solar - SSP5-8.5,ANN,tasmax_mean,degC,2071-2100,917554.7349832,46,24.8132905,-1.8537317,gulf_coast
MPI-ESM1-2-LR,r2i1p1f1,gn,G6solar - SSP5-8.5,DJF,pr_mean,mm/day,2071-2100,917554.7349832,46,24.8132905,0.0452797,gulf_coast
MPI-ESM1-2-LR,r2i1p1f1,gn,G6solar - SSP5-8.5,DJF,tasmax_mean,degC,2071-2100,917554.7349832,46,24.8132905,-1.1835551,gulf_coast
MPI-ESM1-2-LR,r2i1p1f1,gn,G6solar - SSP5-8.5,JJA,pr_mean,mm/day,2071-2100,917554.7349832,46,24.8132905,0.0784068,gulf_coast
MPI-ESM1-2-LR,r2i1p1f1,gn,G6solar - SSP5-8.5,JJA,tasmax_mean,degC,2071-2100,917554.7349832,46,24.8132905,-2.1520689,gulf_coast
MPI-ESM1-2-LR,r2i1p1f1,gn,G6solar - SSP5-8.5,MAM,pr_mean,mm/day,2071-2100,917554.7349832,46,24.8132905,0.1691027,gulf_coast
MPI-ESM1-2-LR,r2i1p1f1,gn,G6solar - SSP5-8.5,MAM,tasmax_mean,degC,2071-2100,917554.7349832,46,24.8132905,-2.1617236,gulf_coast
MPI-ESM1-2-LR,r2i1p1f1,gn,G6solar - SSP5-8.5,SON,pr_mean,mm/day,2071-2100,917554.7349832,46,24.8132905,-0.2534641,gulf_coast
MPI-ESM1-2-LR,r2i1p1f1,gn,G6solar - SSP5-8.5,SON,tasmax_mean,degC,2071-2100,917554.7349832,46,24.8132905,-1.7814708,gulf_coast
MPI-ESM1-2-LR,r2i1p1f1,gn,G6sulfur - SSP5-8.5,ANN,pr_mean,mm/day,2071-2100,917554.7349832,46,24.8132905,-0.0580979,gulf_coast
MPI-ESM1-2-LR,r2i1p1f1,gn,G6sulfur - SSP5-8.5,ANN,tasmax_mean,degC,2071-2100,917554.7349832,46,24.8132905,-0.8223731,gulf_coast
MPI-ESM1-2-LR,r2i1p1f1,gn,G6sulfur - SSP5-8.5,DJF,pr_mean,mm/day,2071-2100,917554.7349832,46,24.8132905,-0.2615013,gulf_coast
MPI-ESM1-2-LR,r2i1p1f1,gn,G6sulfur - SSP5-8.5,DJF,tasmax_mean,degC,2071-2100,917554.7349832,46,24.8132905,0.8685144,gulf_coast
MPI-ESM1-2-LR,r2i1p1f1,gn,G6sulfur - SSP5-8.5,JJA,pr_mean,mm/day,2071-2100,917554.7349832,46,24.8132905,0.2638407,gulf_coast
MPI-ESM1-2-LR,r2i1p1f1,gn,G6sulfur - SSP5-8.5,JJA,tasmax_mean,degC,2071-2100,917554.7349832,46,24.8132905,-1.6686980,gulf_coast
MPI-ESM1-2-LR,r2i1p1f1,gn,G6sulfur - SSP5-8.5,MAM,pr_mean,mm/day,2071-2100,917554.7349832,46,24.8132905,0.1029683,gulf_coast
MPI-ESM1-2-LR,r2i1p1f1,gn,G6sulfur - SSP5-8.5,MAM,tasmax_mean,degC,2071-2100,917554.7349832,46,24.8132905,-1.1464289,gulf_coast
MPI-ESM1-2-LR,r2i1p1f1,gn,G6sulfur - SSP5-8.5,SON,pr_mean,mm/day,2071-2100,917554.7349832,46,24.8132905,-0.3715788,gulf_coast
MPI-ESM1-2-LR,r2i1p1f1,gn,G6sulfur - SSP5-8.5,SON,tasmax_mean,degC,2071-2100,917554.7349832,46,24.8132905,-1.2149243,gulf_coast
UKESM1-0-LL,r1i1p1f2,gn,G6solar - G6sulfur,ANN,pr_mean,mm/day,2071-2100,917553.6322953,67,37.0149442,0.0114550,gulf_coast
UKESM1-0-LL,r1i1p1f2,gn,G6solar - G6sulfur,ANN,tasmax_mean,degC,2071-2100,917553.6322953,67,37.0149442,-0.1198797,gulf_coast
UKESM1-0-LL,r1i1p1f2,gn,G6solar - G6sulfur,DJF,pr_mean,mm/day,2071-2100,917553.6322953,67,37.0149442,0.0238794,gulf_coast
UKESM1-0-LL,r1i1p1f2,gn,G6solar - G6sulfur,DJF,tasmax_mean,degC,2071-2100,917553.6322953,67,37.0149442,-0.1871717,gulf_coast
UKESM1-0-LL,r1i1p1f2,gn,G6solar - G6sulfur,JJA,pr_mean,mm/day,2071-2100,917553.6322953,67,37.0149442,-0.0329766,gulf_coast
UKESM1-0-LL,r1i1p1f2,gn,G6solar - G6sulfur,JJA,tasmax_mean,degC,2071-2100,917553.6322953,67,37.0149442,-0.2000043,gulf_coast
UKESM1-0-LL,r1i1p1f2,gn,G6solar - G6sulfur,MAM,pr_mean,mm/day,2071-2100,917553.6322953,67,37.0149442,-0.1985299,gulf_coast
UKESM1-0-LL,r1i1p1f2,gn,G6solar - G6sulfur,MAM,tasmax_mean,degC,2071-2100,917553.6322953,67,37.0149442,0.1566766,gulf_coast
UKESM1-0-LL,r1i1p1f2,gn,G6solar - G6sulfur,SON,pr_mean,mm/day,2071-2100,917553.6322953,67,37.0149442,0.2401829,gulf_coast
UKESM1-0-LL,r1i1p1f2,gn,G6solar - G6sulfur,SON,tasmax_mean,degC,2071-2100,917553.6322953,67,37.0149442,-0.3084963,gulf_coast
UKESM1-0-LL,r1i1p1f2,gn,G6solar - SSP5-8.5,ANN,pr_mean,mm/day,2071-2100,917553.6322953,67,37.0149442,-0.1549395,gulf_coast
UKESM1-0-LL,r1i1p1f2,gn,G6solar - SSP5-8.5,ANN,tasmax_mean,degC,2071-2100,917553.6322953,67,37.0149442,-2.6224196,gulf_coast
UKESM1-0-LL,r1i1p1f2,gn,G6solar - SSP5-8.5,DJF,pr_mean,mm/day,2071-2100,917553.6322953,67,37.0149442,-0.2544253,gulf_coast
UKESM1-0-LL,r1i1p1f2,gn,G6solar - SSP5-8.5,DJF,tasmax_mean,degC,2071-2100,917553.6322953,67,37.0149442,-2.2131093,gulf_coast
UKESM1-0-LL,r1i1p1f2,gn,G6solar - SSP5-8.5,JJA,pr_mean,mm/day,2071-2100,917553.6322953,67,37.0149442,0.3193909,gulf_coast
UKESM1-0-LL,r1i1p1f2,gn,G6solar - SSP5-8.5,JJA,tasmax_mean,degC,2071-2100,917553.6322953,67,37.0149442,-3.1297090,gulf_coast
UKESM1-0-LL,r1i1p1f2,gn,G6solar - SSP5-8.5,MAM,pr_mean,mm/day,2071-2100,917553.6322953,67,37.0149442,-0.2429997,gulf_coast
UKESM1-0-LL,r1i1p1f2,gn,G6solar - SSP5-8.5,MAM,tasmax_mean,degC,2071-2100,917553.6322953,67,37.0149442,-2.3637105,gulf_coast
UKESM1-0-LL,r1i1p1f2,gn,G6solar - SSP5-8.5,SON,pr_mean,mm/day,2071-2100,917553.6322953,67,37.0149442,-0.4340194,gulf_coast
UKESM1-0-LL,r1i1p1f2,gn,G6solar - SSP5-8.5,SON,tasmax_mean,degC,2071-2100,917553.6322953,67,37.0149442,-2.8847251,gulf_coast
UKESM1-0-LL,r1i1p1f2,gn,G6sulfur - SSP5-8.5,ANN,pr_mean,mm/day,2071-2100,917553.6322953,67,37.0149442,-0.1663945,gulf_coast
UKESM1-0-LL,r1i1p1f2,gn,G6sulfur - SSP5-8.5,ANN,tasmax_mean,degC,2071-2100,917553.6322953,67,37.0149442,-2.5025399,gulf_coast
UKESM1-0-LL,r1i1p1f2,gn,G6sulfur - SSP5-8.5,DJF,pr_mean,mm/day,2071-2100,917553.6322953,67,37.0149442,-0.2783047,gulf_coast
UKESM1-0-LL,r1i1p1f2,gn,G6sulfur - SSP5-8.5,DJF,tasmax_mean,degC,2071-2100,917553.6322953,67,37.0149442,-2.0259376,gulf_coast
UKESM1-0-LL,r1i1p1f2,gn,G6sulfur - SSP5-8.5,JJA,pr_mean,mm/day,2071-2100,917553.6322953,67,37.0149442,0.3523675,gulf_coast
UKESM1-0-LL,r1i1p1f2,gn,G6sulfur - SSP5-8.5,JJA,tasmax_mean,degC,2071-2100,917553.6322953,67,37.0149442,-2.9297047,gulf_coast
UKESM1-0-LL,r1i1p1f2,gn,G6sulfur - SSP5-8.5,MAM,pr_mean,mm/day,2071-2100,917553.6322953,67,37.0149442,-0.0444698,gulf_coast
UKESM1-0-LL,r1i1p1f2,gn,G6sulfur - SSP5-8.5,MAM,tasmax_mean,degC,2071-2100,917553.6322953,67,37.0149442,-2.5203871,gulf_coast
UKESM1-0-LL,r1i1p1f2,gn,G6sulfur - SSP5-8.5,SON,pr_mean,mm/day,2071-2100,917553.6322953,67,37.0149442,-0.6742023,gulf_coast
UKESM1-0-LL,r1i1p1f2,gn,G6sulfur - SSP5-8.5,SON,tasmax_mean,degC,2071-2100,917553.6322953,67,37.0149442,-2.5762287,gulf_coast
CNRM-ESM2-1,r1i1p1f2,gr,G6solar - G6sulfur,ANN,pr_mean,mm/day,2071-2100,489638.1180979,46,24.1814243,0.0814848,lower_mississippi
CNRM-ESM2-1,r1i1p1f2,gr,G6solar - G6sulfur,ANN,tasmax_mean,degC,2071-2100,489638.1180979,46,24.1814243,-0.0741782,lower_mississippi
CNRM-ESM2-1,r1i1p1f2,gr,G6solar - G6sulfur,DJF,pr_mean,mm/day,2071-2100,489638.1180979,46,24.1814243,0.0062019,lower_mississippi
CNRM-ESM2-1,r1i1p1f2,gr,G6solar - G6sulfur,DJF,tasmax_mean,degC,2071-2100,489638.1180979,46,24.1814243,0.0576018,lower_mississippi
CNRM-ESM2-1,r1i1p1f2,gr,G6solar - G6sulfur,JJA,pr_mean,mm/day,2071-2100,489638.1180979,46,24.1814243,0.2806288,lower_mississippi
CNRM-ESM2-1,r1i1p1f2,gr,G6solar - G6sulfur,JJA,tasmax_mean,degC,2071-2100,489638.1180979,46,24.1814243,-0.4170969,lower_mississippi
CNRM-ESM2-1,r1i1p1f2,gr,G6solar - G6sulfur,MAM,pr_mean,mm/day,2071-2100,489638.1180979,46,24.1814243,-0.1070876,lower_mississippi
CNRM-ESM2-1,r1i1p1f2,gr,G6solar - G6sulfur,MAM,tasmax_mean,degC,2071-2100,489638.1180979,46,24.1814243,0.2195830,lower_mississippi
CNRM-ESM2-1,r1i1p1f2,gr,G6solar - G6sulfur,SON,pr_mean,mm/day,2071-2100,489638.1180979,46,24.1814243,0.1136518,lower_mississippi
CNRM-ESM2-1,r1i1p1f2,gr,G6solar - G6sulfur,SON,tasmax_mean,degC,2071-2100,489638.1180979,46,24.1814243,-0.1792475,lower_mississippi
CNRM-ESM2-1,r1i1p1f2,gr,G6solar - SSP5-8.5,ANN,pr_mean,mm/day,2071-2100,489638.1180979,46,24.1814243,-0.0685962,lower_mississippi
CNRM-ESM2-1,r1i1p1f2,gr,G6solar - SSP5-8.5,ANN,tasmax_mean,degC,2071-2100,489638.1180979,46,24.1814243,-1.5533923,lower_mississippi
CNRM-ESM2-1,r1i1p1f2,gr,G6solar - SSP5-8.5,DJF,pr_mean,mm/day,2071-2100,489638.1180979,46,24.1814243,0.0651166,lower_mississippi
CNRM-ESM2-1,r1i1p1f2,gr,G6solar - SSP5-8.5,DJF,tasmax_mean,degC,2071-2100,489638.1180979,46,24.1814243,-1.4812742,lower_mississippi
CNRM-ESM2-1,r1i1p1f2,gr,G6solar - SSP5-8.5,JJA,pr_mean,mm/day,2071-2100,489638.1180979,46,24.1814243,-0.2374334,lower_mississippi
CNRM-ESM2-1,r1i1p1f2,gr,G6solar - SSP5-8.5,JJA,tasmax_mean,degC,2071-2100,489638.1180979,46,24.1814243,-1.6823559,lower_mississippi
CNRM-ESM2-1,r1i1p1f2,gr,G6solar - SSP5-8.5,MAM,pr_mean,mm/day,2071-2100,489638.1180979,46,24.1814243,-0.1556822,lower_mississippi
CNRM-ESM2-1,r1i1p1f2,gr,G6solar - SSP5-8.5,MAM,tasmax_mean,degC,2071-2100,489638.1180979,46,24.1814243,-1.5275602,lower_mississippi
CNRM-ESM2-1,r1i1p1f2,gr,G6solar - SSP5-8.5,SON,pr_mean,mm/day,2071-2100,489638.1180979,46,24.1814243,0.0454447,lower_mississippi
CNRM-ESM2-1,r1i1p1f2,gr,G6solar - SSP5-8.5,SON,tasmax_mean,degC,2071-2100,489638.1180979,46,24.1814243,-1.5193130,lower_mississippi
CNRM-ESM2-1,r1i1p1f2,gr,G6sulfur - SSP5-8.5,ANN,pr_mean,mm/day,2071-2100,489638.1180979,46,24.1814243,-0.1500811,lower_mississippi
CNRM-ESM2-1,r1i1p1f2,gr,G6sulfur - SSP5-8.5,ANN,tasmax_mean,degC,2071-2100,489638.1180979,46,24.1814243,-1.4792140,lower_mississippi
CNRM-ESM2-1,r1i1p1f2,gr,G6sulfur - SSP5-8.5,DJF,pr_mean,mm/day,2071-2100,489638.1180979,46,24.1814243,0.0589146,lower_mississippi
CNRM-ESM2-1,r1i1p1f2,gr,G6sulfur - SSP5-8.5,DJF,tasmax_mean,degC,2071-2100,489638.1180979,46,24.1814243,-1.5388760,lower_mississippi
CNRM-ESM2-1,r1i1p1f2,gr,G6sulfur - SSP5-8.5,JJA,pr_mean,mm/day,2071-2100,489638.1180979,46,24.1814243,-0.5180622,lower_mississippi
CNRM-ESM2-1,r1i1p1f2,gr,G6sulfur - SSP5-8.5,JJA,tasmax_mean,degC,2071-2100,489638.1180979,46,24.1814243,-1.2652590,lower_mississippi
CNRM-ESM2-1,r1i1p1f2,gr,G6sulfur - SSP5-8.5,MAM,pr_mean,mm/day,2071-2100,489638.1180979,46,24.1814243,-0.0485945,lower_mississippi
CNRM-ESM2-1,r1i1p1f2,gr,G6sulfur - SSP5-8.5,MAM,tasmax_mean,degC,2071-2100,489638.1180979,46,24.1814243,-1.7471433,lower_mississippi
CNRM-ESM2-1,r1i1p1f2,gr,G6sulfur - SSP5-8.5,SON,pr_mean,mm/day,2071-2100,489638.1180979,46,24.1814243,-0.0682071,lower_mississippi
CNRM-ESM2-1,r1i1p1f2,gr,G6sulfur - SSP5-8.5,SON,tasmax_mean,degC,2071-2100,489638.1180979,46,24.1814243,-1.3400655,lower_mississippi
IPSL-CM6A-LR,r1i1p1f1,gr,G6solar - G6sulfur,ANN,pr_mean,mm/day,2071-2100,489638.0795648,31,15.0349554,-0.0770625,lower_mississippi
IPSL-CM6A-LR,r1i1p1f1,gr,G6solar - G6sulfur,ANN,tasmax_mean,degC,2071-2100,489638.0795648,31,15.0349554,-0.4659779,lower_mississippi
IPSL-CM6A-LR,r1i1p1f1,gr,G6solar - G6sulfur,DJF,pr_mean,mm/day,2071-2100,489638.0795648,31,15.0349554,-0.4278163,lower_mississippi
IPSL-CM6A-LR,r1i1p1f1,gr,G6solar - G6sulfur,DJF,tasmax_mean,degC,2071-2100,489638.0795648,31,15.0349554,-0.5017265,lower_mississippi
IPSL-CM6A-LR,r1i1p1f1,gr,G6solar - G6sulfur,JJA,pr_mean,mm/day,2071-2100,489638.0795648,31,15.0349554,0.5101681,lower_mississippi
IPSL-CM6A-LR,r1i1p1f1,gr,G6solar - G6sulfur,JJA,tasmax_mean,degC,2071-2100,489638.0795648,31,15.0349554,-0.5162128,lower_mississippi
IPSL-CM6A-LR,r1i1p1f1,gr,G6solar - G6sulfur,MAM,pr_mean,mm/day,2071-2100,489638.0795648,31,15.0349554,-0.2354386,lower_mississippi
IPSL-CM6A-LR,r1i1p1f1,gr,G6solar - G6sulfur,MAM,tasmax_mean,degC,2071-2100,489638.0795648,31,15.0349554,-0.4652181,lower_mississippi
IPSL-CM6A-LR,r1i1p1f1,gr,G6solar - G6sulfur,SON,pr_mean,mm/day,2071-2100,489638.0795648,31,15.0349554,-0.2286666,lower_mississippi
IPSL-CM6A-LR,r1i1p1f1,gr,G6solar - G6sulfur,SON,tasmax_mean,degC,2071-2100,489638.0795648,31,15.0349554,-0.4076491,lower_mississippi
IPSL-CM6A-LR,r1i1p1f1,gr,G6solar - SSP5-8.5,ANN,pr_mean,mm/day,2071-2100,489638.0795648,31,15.0349554,-0.0964058,lower_mississippi
IPSL-CM6A-LR,r1i1p1f1,gr,G6solar - SSP5-8.5,ANN,tasmax_mean,degC,2071-2100,489638.0795648,31,15.0349554,-2.2779424,lower_mississippi
IPSL-CM6A-LR,r1i1p1f1,gr,G6solar - SSP5-8.5,DJF,pr_mean,mm/day,2071-2100,489638.0795648,31,15.0349554,-0.6653566,lower_mississippi
IPSL-CM6A-LR,r1i1p1f1,gr,G6solar - SSP5-8.5,DJF,tasmax_mean,degC,2071-2100,489638.0795648,31,15.0349554,-2.1382586,lower_mississippi
IPSL-CM6A-LR,r1i1p1f1,gr,G6solar - SSP5-8.5,JJA,pr_mean,mm/day,2071-2100,489638.0795648,31,15.0349554,0.3566533,lower_mississippi
IPSL-CM6A-LR,r1i1p1f1,gr,G6solar - SSP5-8.5,JJA,tasmax_mean,degC,2071-2100,489638.0795648,31,15.0349554,-2.5085681,lower_mississippi
IPSL-CM6A-LR,r1i1p1f1,gr,G6solar - SSP5-8.5,MAM,pr_mean,mm/day,2071-2100,489638.0795648,31,15.0349554,0.1304276,lower_mississippi
IPSL-CM6A-LR,r1i1p1f1,gr,G6solar - SSP5-8.5,MAM,tasmax_mean,degC,2071-2100,489638.0795648,31,15.0349554,-2.5142771,lower_mississippi
IPSL-CM6A-LR,r1i1p1f1,gr,G6solar - SSP5-8.5,SON,pr_mean,mm/day,2071-2100,489638.0795648,31,15.0349554,-0.3024096,lower_mississippi
IPSL-CM6A-LR,r1i1p1f1,gr,G6solar - SSP5-8.5,SON,tasmax_mean,degC,2071-2100,489638.0795648,31,15.0349554,-2.0415379,lower_mississippi
IPSL-CM6A-LR,r1i1p1f1,gr,G6sulfur - SSP5-8.5,ANN,pr_mean,mm/day,2071-2100,489638.0795648,31,15.0349554,-0.0193433,lower_mississippi
IPSL-CM6A-LR,r1i1p1f1,gr,G6sulfur - SSP5-8.5,ANN,tasmax_mean,degC,2071-2100,489638.0795648,31,15.0349554,-1.8119645,lower_mississippi
IPSL-CM6A-LR,r1i1p1f1,gr,G6sulfur - SSP5-8.5,DJF,pr_mean,mm/day,2071-2100,489638.0795648,31,15.0349554,-0.2375404,lower_mississippi
IPSL-CM6A-LR,r1i1p1f1,gr,G6sulfur - SSP5-8.5,DJF,tasmax_mean,degC,2071-2100,489638.0795648,31,15.0349554,-1.6365320,lower_mississippi
IPSL-CM6A-LR,r1i1p1f1,gr,G6sulfur - SSP5-8.5,JJA,pr_mean,mm/day,2071-2100,489638.0795648,31,15.0349554,-0.1535148,lower_mississippi
IPSL-CM6A-LR,r1i1p1f1,gr,G6sulfur - SSP5-8.5,JJA,tasmax_mean,degC,2071-2100,489638.0795648,31,15.0349554,-1.9923553,lower_mississippi
IPSL-CM6A-LR,r1i1p1f1,gr,G6sulfur - SSP5-8.5,MAM,pr_mean,mm/day,2071-2100,489638.0795648,31,15.0349554,0.3658663,lower_mississippi
IPSL-CM6A-LR,r1i1p1f1,gr,G6sulfur - SSP5-8.5,MAM,tasmax_mean,degC,2071-2100,489638.0795648,31,15.0349554,-2.0490589,lower_mississippi
IPSL-CM6A-LR,r1i1p1f1,gr,G6sulfur - SSP5-8.5,SON,pr_mean,mm/day,2071-2100,489638.0795648,31,15.0349554,-0.0737429,lower_mississippi
IPSL-CM6A-LR,r1i1p1f1,gr,G6sulfur - SSP5-8.5,SON,tasmax_mean,degC,2071-2100,489638.0795648,31,15.0349554,-1.6338888,lower_mississippi
MPI-ESM1-2-LR,r2i1p1f1,gn,G6solar - G6sulfur,ANN,pr_mean,mm/day,2071-2100,489638.0181478,25,13.6281137,-0.0217075,lower_mississippi
MPI-ESM1-2-LR,r2i1p1f1,gn,G6solar - G6sulfur,ANN,tasmax_mean,degC,2071-2100,489638.0181478,25,13.6281137,-0.9216437,lower_mississippi
MPI-ESM1-2-LR,r2i1p1f1,gn,G6solar - G6sulfur,DJF,pr_mean,mm/day,2071-2100,489638.0181478,25,13.6281137,-0.0308693,lower_mississippi
MPI-ESM1-2-LR,r2i1p1f1,gn,G6solar - G6sulfur,DJF,tasmax_mean,degC,2071-2100,489638.0181478,25,13.6281137,-1.8732289,lower_mississippi
MPI-ESM1-2-LR,r2i1p1f1,gn,G6solar - G6sulfur,JJA,pr_mean,mm/day,2071-2100,489638.0181478,25,13.6281137,-0.2233248,lower_mississippi
MPI-ESM1-2-LR,r2i1p1f1,gn,G6solar - G6sulfur,JJA,tasmax_mean,degC,2071-2100,489638.0181478,25,13.6281137,-0.3682196,lower_mississippi
MPI-ESM1-2-LR,r2i1p1f1,gn,G6solar - G6sulfur,MAM,pr_mean,mm/day,2071-2100,489638.0181478,25,13.6281137,0.0631467,lower_mississippi
MPI-ESM1-2-LR,r2i1p1f1,gn,G6solar - G6sulfur,MAM,tasmax_mean,degC,2071-2100,489638.0181478,25,13.6281137,-0.8076764,lower_mississippi
MPI-ESM1-2-LR,r2i1p1f1,gn,G6solar - G6sulfur,SON,pr_mean,mm/day,2071-2100,489638.0181478,25,13.6281137,0.0902577,lower_mississippi
MPI-ESM1-2-LR,r2i1p1f1,gn,G6solar - G6sulfur,SON,tasmax_mean,degC,2071-2100,489638.0181478,25,13.6281137,-0.6218925,lower_mississippi
MPI-ESM1-2-LR,r2i1p1f1,gn,G6solar - SSP5-8.5,ANN,pr_mean,mm/day,2071-2100,489638.0181478,25,13.6281137,0.0121745,lower_mississippi
MPI-ESM1-2-LR,r2i1p1f1,gn,G6solar - SSP5-8.5,ANN,tasmax_mean,degC,2071-2100,489638.0181478,25,13.6281137,-1.8564267,lower_mississippi
MPI-ESM1-2-LR,r2i1p1f1,gn,G6solar - SSP5-8.5,DJF,pr_mean,mm/day,2071-2100,489638.0181478,25,13.6281137,0.0966049,lower_mississippi
MPI-ESM1-2-LR,r2i1p1f1,gn,G6solar - SSP5-8.5,DJF,tasmax_mean,degC,2071-2100,489638.0181478,25,13.6281137,-1.1143342,lower_mississippi
MPI-ESM1-2-LR,r2i1p1f1,gn,G6solar - SSP5-8.5,JJA,pr_mean,mm/day,2071-2100,489638.0181478,25,13.6281137,0.1570351,lower_mississippi
MPI-ESM1-2-LR,r2i1p1f1,gn,G6solar - SSP5-8.5,JJA,tasmax_mean,degC,2071-2100,489638.0181478,25,13.6281137,-2.2315201,lower_mississippi
MPI-ESM1-2-LR,r2i1p1f1,gn,G6solar - SSP5-8.5,MAM,pr_mean,mm/day,2071-2100,489638.0181478,25,13.6281137,0.2035504,lower_mississippi
MPI-ESM1-2-LR,r2i1p1f1,gn,G6solar - SSP5-8.5,MAM,tasmax_mean,degC,2071-2100,489638.0181478,25,13.6281137,-2.0265024,lower_mississippi
MPI-ESM1-2-LR,r2i1p1f1,gn,G6solar - SSP5-8.5,SON,pr_mean,mm/day,2071-2100,489638.0181478,25,13.6281137,-0.4282986,lower_mississippi
MPI-ESM1-2-LR,r2i1p1f1,gn,G6solar - SSP5-8.5,SON,tasmax_mean,degC,2071-2100,489638.0181478,25,13.6281137,-1.9442170,lower_mississippi
MPI-ESM1-2-LR,r2i1p1f1,gn,G6sulfur - SSP5-8.5,ANN,pr_mean,mm/day,2071-2100,489638.0181478,25,13.6281137,0.0338820,lower_mississippi
MPI-ESM1-2-LR,r2i1p1f1,gn,G6sulfur - SSP5-8.5,ANN,tasmax_mean,degC,2071-2100,489638.0181478,25,13.6281137,-0.9347830,lower_mississippi
MPI-ESM1-2-LR,r2i1p1f1,gn,G6sulfur - SSP5-8.5,DJF,pr_mean,mm/day,2071-2100,489638.0181478,25,13.6281137,0.1274741,lower_mississippi
MPI-ESM1-2-LR,r2i1p1f1,gn,G6sulfur - SSP5-8.5,DJF,tasmax_mean,degC,2071-2100,489638.0181478,25,13.6281137,0.7588947,lower_mississippi
MPI-ESM1-2-LR,r2i1p1f1,gn,G6sulfur - SSP5-8.5,JJA,pr_mean,mm/day,2071-2100,489638.0181478,25,13.6281137,0.3803599,lower_mississippi
MPI-ESM1-2-LR,r2i1p1f1,gn,G6sulfur - SSP5-8.5,JJA,tasmax_mean,degC,2071-2100,489638.0181478,25,13.6281137,-1.8633005,lower_mississippi
MPI-ESM1-2-LR,r2i1p1f1,gn,G6sulfur - SSP5-8.5,MAM,pr_mean,mm/day,2071-2100,489638.0181478,25,13.6281137,0.1404037,lower_mississippi
MPI-ESM1-2-LR,r2i1p1f1,gn,G6sulfur - SSP5-8.5,MAM,tasmax_mean,degC,2071-2100,489638.0181478,25,13.6281137,-1.2188260,lower_mississippi
MPI-ESM1-2-LR,r2i1p1f1,gn,G6sulfur - SSP5-8.5,SON,pr_mean,mm/day,2071-2100,489638.0181478,25,13.6281137,-0.5185562,lower_mississippi
MPI-ESM1-2-LR,r2i1p1f1,gn,G6sulfur - SSP5-8.5,SON,tasmax_mean,degC,2071-2100,489638.0181478,25,13.6281137,-1.3223246,lower_mississippi
UKESM1-0-LL,r1i1p1f2,gn,G6solar - G6sulfur,ANN,pr_mean,mm/day,2071-2100,489638.1980775,39,20.3274103,0.1334054,lower_mississippi
UKESM1-0-LL,r1i1p1f2,gn,G6solar - G6sulfur,ANN,tasmax_mean,degC,2071-2100,489638.1980775,39,20.3274103,-0.2757616,lower_mississippi
UKESM1-0-LL,r1i1p1f2,gn,G6solar - G6sulfur,DJF,pr_mean,mm/day,2071-2100,489638.1980775,39,20.3274103,-0.0774127,lower_mississippi
UKESM1-0-LL,r1i1p1f2,gn,G6solar - G6sulfur,DJF,tasmax_mean,degC,2071-2100,489638.1980775,39,20.3274103,-0.2889421,lower_mississippi
UKESM1-0-LL,r1i1p1f2,gn,G6solar - G6sulfur,JJA,pr_mean,mm/day,2071-2100,489638.1980775,39,20.3274103,0.0623026,lower_mississippi
UKESM1-0-LL,r1i1p1f2,gn,G6solar - G6sulfur,JJA,tasmax_mean,degC,2071-2100,489638.1980775,39,20.3274103,-0.4012295,lower_mississippi
UKESM1-0-LL,r1i1p1f2,gn,G6solar - G6sulfur,MAM,pr_mean,mm/day,2071-2100,489638.1980775,39,20.3274103,0.1356850,lower_mississippi
UKESM1-0-LL,r1i1p1f2,gn,G6solar - G6sulfur,MAM,tasmax_mean,degC,2071-2100,489638.1980775,39,20.3274103,0.0036843,lower_mississippi
UKESM1-0-LL,r1i1p1f2,gn,G6solar - G6sulfur,SON,pr_mean,mm/day,2071-2100,489638.1980775,39,20.3274103,0.3652578,lower_mississippi
UKESM1-0-LL,r1i1p1f2,gn,G6solar - G6sulfur,SON,tasmax_mean,degC,2071-2100,489638.1980775,39,20.3274103,-0.4814310,lower_mississippi
UKESM1-0-LL,r1i1p1f2,gn,G6solar - SSP5-8.5,ANN,pr_mean,mm/day,2071-2100,489638.1980775,39,20.3274103,-0.2084503,lower_mississippi
UKESM1-0-LL,r1i1p1f2,gn,G6solar - SSP5-8.5,ANN,tasmax_mean,degC,2071-2100,489638.1980775,39,20.3274103,-2.8296859,lower_mississippi
UKESM1-0-LL,r1i1p1f2,gn,G6solar - SSP5-8.5,DJF,pr_mean,mm/day,2071-2100,489638.1980775,39,20.3274103,-0.4188960,lower_mississippi
UKESM1-0-LL,r1i1p1f2,gn,G6solar - SSP5-8.5,DJF,tasmax_mean,degC,2071-2100,489638.1980775,39,20.3274103,-2.3623853,lower_mississippi
UKESM1-0-LL,r1i1p1f2,gn,G6solar - SSP5-8.5,JJA,pr_mean,mm/day,2071-2100,489638.1980775,39,20.3274103,0.1090019,lower_mississippi
UKESM1-0-LL,r1i1p1f2,gn,G6solar - SSP5-8.5,JJA,tasmax_mean,degC,2071-2100,489638.1980775,39,20.3274103,-3.4250540,lower_mississippi
UKESM1-0-LL,r1i1p1f2,gn,G6solar - SSP5-8.5,MAM,pr_mean,mm/day,2071-2100,489638.1980775,39,20.3274103,-0.3859627,lower_mississippi
UKESM1-0-LL,r1i1p1f2,gn,G6solar - SSP5-8.5,MAM,tasmax_mean,degC,2071-2100,489638.1980775,39,20.3274103,-2.3730171,lower_mississippi
UKESM1-0-LL,r1i1p1f2,gn,G6solar - SSP5-8.5,SON,pr_mean,mm/day,2071-2100,489638.1980775,39,20.3274103,-0.1687591,lower_mississippi
UKESM1-0-LL,r1i1p1f2,gn,G6solar - SSP5-8.5,SON,tasmax_mean,degC,2071-2100,489638.1980775,39,20.3274103,-3.2663713,lower_mississippi
UKESM1-0-LL,r1i1p1f2,gn,G6sulfur - SSP5-8.5,ANN,pr_mean,mm/day,2071-2100,489638.1980775,39,20.3274103,-0.3418557,lower_mississippi
UKESM1-0-LL,r1i1p1f2,gn,G6sulfur - SSP5-8.5,ANN,tasmax_mean,degC,2071-2100,489638.1980775,39,20.3274103,-2.5539243,lower_mississippi
UKESM1-0-LL,r1i1p1f2,gn,G6sulfur - SSP5-8.5,DJF,pr_mean,mm/day,2071-2100,489638.1980775,39,20.3274103,-0.3414833,lower_mississippi
UKESM1-0-LL,r1i1p1f2,gn,G6sulfur - SSP5-8.5,DJF,tasmax_mean,degC,2071-2100,489638.1980775,39,20.3274103,-2.0734432,lower_mississippi
UKESM1-0-LL,r1i1p1f2,gn,G6sulfur - SSP5-8.5,JJA,pr_mean,mm/day,2071-2100,489638.1980775,39,20.3274103,0.0466993,lower_mississippi
UKESM1-0-LL,r1i1p1f2,gn,G6sulfur - SSP5-8.5,JJA,tasmax_mean,degC,2071-2100,489638.1980775,39,20.3274103,-3.0238245,lower_mississippi
UKESM1-0-LL,r1i1p1f2,gn,G6sulfur - SSP5-8.5,MAM,pr_mean,mm/day,2071-2100,489638.1980775,39,20.3274103,-0.5216477,lower_mississippi
UKESM1-0-LL,r1i1p1f2,gn,G6sulfur - SSP5-8.5,MAM,tasmax_mean,degC,2071-2100,489638.1980775,39,20.3274103,-2.3767014,lower_mississippi
UKESM1-0-LL,r1i1p1f2,gn,G6sulfur - SSP5-8.5,SON,pr_mean,mm/day,2071-2100,489638.1980775,39,20.3274103,-0.5340169,lower_mississippi
UKESM1-0-LL,r1i1p1f2,gn,G6sulfur - SSP5-8.5,SON,tasmax_mean,degC,2071-2100,489638.1980775,39,20.3274103,-2.7849403,lower_mississippi
CNRM-ESM2-1,r1i1p1f2,gr,G6solar - G6sulfur,ANN,pr_mean,mm/day,2071-2100,583791.7100374,53,28.6857876,-0.0402039,atlantic_southeast
CNRM-ESM2-1,r1i1p1f2,gr,G6solar - G6sulfur,ANN,tasmax_mean,degC,2071-2100,583791.7100374,53,28.6857876,0.0675949,atlantic_southeast
CNRM-ESM2-1,r1i1p1f2,gr,G6solar - G6sulfur,DJF,pr_mean,mm/day,2071-2100,583791.7100374,53,28.6857876,-0.0672914,atlantic_southeast
CNRM-ESM2-1,r1i1p1f2,gr,G6solar - G6sulfur,DJF,tasmax_mean,degC,2071-2100,583791.7100374,53,28.6857876,0.1481011,atlantic_southeast
CNRM-ESM2-1,r1i1p1f2,gr,G6solar - G6sulfur,JJA,pr_mean,mm/day,2071-2100,583791.7100374,53,28.6857876,0.0497489,atlantic_southeast
CNRM-ESM2-1,r1i1p1f2,gr,G6solar - G6sulfur,JJA,tasmax_mean,degC,2071-2100,583791.7100374,53,28.6857876,-0.1198785,atlantic_southeast
CNRM-ESM2-1,r1i1p1f2,gr,G6solar - G6sulfur,MAM,pr_mean,mm/day,2071-2100,583791.7100374,53,28.6857876,-0.0062948,atlantic_southeast
CNRM-ESM2-1,r1i1p1f2,gr,G6solar - G6sulfur,MAM,tasmax_mean,degC,2071-2100,583791.7100374,53,28.6857876,0.2467954,atlantic_southeast
CNRM-ESM2-1,r1i1p1f2,gr,G6solar - G6sulfur,SON,pr_mean,mm/day,2071-2100,583791.7100374,53,28.6857876,-0.1629629,atlantic_southeast
CNRM-ESM2-1,r1i1p1f2,gr,G6solar - G6sulfur,SON,tasmax_mean,degC,2071-2100,583791.7100374,53,28.6857876,-0.0265860,atlantic_southeast
CNRM-ESM2-1,r1i1p1f2,gr,G6solar - SSP5-8.5,ANN,pr_mean,mm/day,2071-2100,583791.7100374,53,28.6857876,0.0813242,atlantic_southeast
CNRM-ESM2-1,r1i1p1f2,gr,G6solar - SSP5-8.5,ANN,tasmax_mean,degC,2071-2100,583791.7100374,53,28.6857876,-1.5786544,atlantic_southeast
CNRM-ESM2-1,r1i1p1f2,gr,G6solar - SSP5-8.5,DJF,pr_mean,mm/day,2071-2100,583791.7100374,53,28.6857876,0.0126105,atlantic_southeast
CNRM-ESM2-1,r1i1p1f2,gr,G6solar - SSP5-8.5,DJF,tasmax_mean,degC,2071-2100,583791.7100374,53,28.6857876,-1.0983368,atlantic_southeast
CNRM-ESM2-1,r1i1p1f2,gr,G6solar - SSP5-8.5,JJA,pr_mean,mm/day,2071-2100,583791.7100374,53,28.6857876,0.1162578,atlantic_southeast
CNRM-ESM2-1,r1i1p1f2,gr,G6solar - SSP5-8.5,JJA,tasmax_mean,degC,2071-2100,583791.7100374,53,28.6857876,-1.9238322,atlantic_southeast
CNRM-ESM2-1,r1i1p1f2,gr,G6solar - SSP5-8.5,MAM,pr_mean,mm/day,2071-2100,583791.7100374,53,28.6857876,0.3126814,atlantic_southeast
CNRM-ESM2-1,r1i1p1f2,gr,G6solar - SSP5-8.5,MAM,tasmax_mean,degC,2071-2100,583791.7100374,53,28.6857876,-1.5845565,atlantic_southeast
CNRM-ESM2-1,r1i1p1f2,gr,G6solar - SSP5-8.5,SON,pr_mean,mm/day,2071-2100,583791.7100374,53,28.6857876,-0.1210105,atlantic_southeast
CNRM-ESM2-1,r1i1p1f2,gr,G6solar - SSP5-8.5,SON,tasmax_mean,degC,2071-2100,583791.7100374,53,28.6857876,-1.6334187,atlantic_southeast
CNRM-ESM2-1,r1i1p1f2,gr,G6sulfur - SSP5-8.5,ANN,pr_mean,mm/day,2071-2100,583791.7100374,53,28.6857876,0.1215281,atlantic_southeast
CNRM-ESM2-1,r1i1p1f2,gr,G6sulfur - SSP5-8.5,ANN,tasmax_mean,degC,2071-2100,583791.7100374,53,28.6857876,-1.6462493,atlantic_southeast
CNRM-ESM2-1,r1i1p1f2,gr,G6sulfur - SSP5-8.5,DJF,pr_mean,mm/day,2071-2100,583791.7100374,53,28.6857876,0.0799019,atlantic_southeast
CNRM-ESM2-1,r1i1p1f2,gr,G6sulfur - SSP5-8.5,DJF,tasmax_mean,degC,2071-2100,583791.7100374,53,28.6857876,-1.2464379,atlantic_southeast
CNRM-ESM2-1,r1i1p1f2,gr,G6sulfur - SSP5-8.5,JJA,pr_mean,mm/day,2071-2100,583791.7100374,53,28.6857876,0.0665089,atlantic_southeast
CNRM-ESM2-1,r1i1p1f2,gr,G6sulfur - SSP5-8.5,JJA,tasmax_mean,degC,2071-2100,583791.7100374,53,28.6857876,-1.8039537,atlantic_southeast
CNRM-ESM2-1,r1i1p1f2,gr,G6sulfur - SSP5-8.5,MAM,pr_mean,mm/day,2071-2100,583791.7100374,53,28.6857876,0.3189762,atlantic_southeast
CNRM-ESM2-1,r1i1p1f2,gr,G6sulfur - SSP5-8.5,MAM,tasmax_mean,degC,2071-2100,583791.7100374,53,28.6857876,-1.8313519,atlantic_southeast
CNRM-ESM2-1,r1i1p1f2,gr,G6sulfur - SSP5-8.5,SON,pr_mean,mm/day,2071-2100,583791.7100374,53,28.6857876,0.0419524,atlantic_southeast
CNRM-ESM2-1,r1i1p1f2,gr,G6sulfur - SSP5-8.5,SON,tasmax_mean,degC,2071-2100,583791.7100374,53,28.6857876,-1.6068326,atlantic_southeast
IPSL-CM6A-LR,r1i1p1f1,gr,G6solar - G6sulfur,ANN,pr_mean,mm/day,2071-2100,583817.6607557,37,17.8310687,0.0907729,atlantic_southeast
IPSL-CM6A-LR,r1i1p1f1,gr,G6solar - G6sulfur,ANN,tasmax_mean,degC,2071-2100,583817.6607557,37,17.8310687,-0.5845119,atlantic_southeast
IPSL-CM6A-LR,r1i1p1f1,gr,G6solar - G6sulfur,DJF,pr_mean,mm/day,2071-2100,583817.6607557,37,17.8310687,-0.0157456,atlantic_southeast
IPSL-CM6A-LR,r1i1p1f1,gr,G6solar - G6sulfur,DJF,tasmax_mean,degC,2071-2100,583817.6607557,37,17.8310687,-0.8997548,atlantic_southeast
IPSL-CM6A-LR,r1i1p1f1,gr,G6solar - G6sulfur,JJA,pr_mean,mm/day,2071-2100,583817.6607557,37,17.8310687,0.2408356,atlantic_southeast
IPSL-CM6A-LR,r1i1p1f1,gr,G6solar - G6sulfur,JJA,tasmax_mean,degC,2071-2100,583817.6607557,37,17.8310687,-0.4511537,atlantic_southeast
IPSL-CM6A-LR,r1i1p1f1,gr,G6solar - G6sulfur,MAM,pr_mean,mm/day,2071-2100,583817.6607557,37,17.8310687,0.1134276,atlantic_southeast
IPSL-CM6A-LR,r1i1p1f1,gr,G6solar - G6sulfur,MAM,tasmax_mean,degC,2071-2100,583817.6607557,37,17.8310687,-0.5850830,atlantic_southeast
IPSL-CM6A-LR,r1i1p1f1,gr,G6solar - G6sulfur,SON,pr_mean,mm/day,2071-2100,583817.6607557,37,17.8310687,0.0032431,atlantic_southeast
IPSL-CM6A-LR,r1i1p1f1,gr,G6solar - G6sulfur,SON,tasmax_mean,degC,2071-2100,583817.6607557,37,17.8310687,-0.4608753,atlantic_southeast
IPSL-CM6A-LR,r1i1p1f1,gr,G6solar - SSP5-8.5,ANN,pr_mean,mm/day,2071-2100,583817.6607557,37,17.8310687,-0.2555373,atlantic_southeast
IPSL-CM6A-LR,r1i1p1f1,gr,G6solar - SSP5-8.5,ANN,tasmax_mean,degC,2071-2100,583817.6607557,37,17.8310687,-2.2434849,atlantic_southeast
IPSL-CM6A-LR,r1i1p1f1,gr,G6solar - SSP5-8.5,DJF,pr_mean,mm/day,2071-2100,583817.6607557,37,17.8310687,-0.3463344,atlantic_southeast
IPSL-CM6A-LR,r1i1p1f1,gr,G6solar - SSP5-8.5,DJF,tasmax_mean,degC,2071-2100,583817.6607557,37,17.8310687,-2.2781790,atlantic_southeast
IPSL-CM6A-LR,r1i1p1f1,gr,G6solar - SSP5-8.5,JJA,pr_mean,mm/day,2071-2100,583817.6607557,37,17.8310687,-0.0886627,atlantic_southeast
IPSL-CM6A-LR,r1i1p1f1,gr,G6solar - SSP5-8.5,JJA,tasmax_mean,degC,2071-2100,583817.6607557,37,17.8310687,-2.2833621,atlantic_southeast
IPSL-CM6A-LR,r1i1p1f1,gr,G6solar - SSP5-8.5,MAM,pr_mean,mm/day,2071-2100,583817.6607557,37,17.8310687,-0.1257762,atlantic_southeast
IPSL-CM6A-LR,r1i1p1f1,gr,G6solar - SSP5-8.5,MAM,tasmax_mean,degC,2071-2100,583817.6607557,37,17.8310687,-2.3879231,atlantic_southeast
IPSL-CM6A-LR,r1i1p1f1,gr,G6solar - SSP5-8.5,SON,pr_mean,mm/day,2071-2100,583817.6607557,37,17.8310687,-0.4878026,atlantic_southeast
IPSL-CM6A-LR,r1i1p1f1,gr,G6solar - SSP5-8.5,SON,tasmax_mean,degC,2071-2100,583817.6607557,37,17.8310687,-2.1349124,atlantic_southeast
IPSL-CM6A-LR,r1i1p1f1,gr,G6sulfur - SSP5-8.5,ANN,pr_mean,mm/day,2071-2100,583817.6607557,37,17.8310687,-0.3463102,atlantic_southeast
IPSL-CM6A-LR,r1i1p1f1,gr,G6sulfur - SSP5-8.5,ANN,tasmax_mean,degC,2071-2100,583817.6607557,37,17.8310687,-1.6589729,atlantic_southeast
IPSL-CM6A-LR,r1i1p1f1,gr,G6sulfur - SSP5-8.5,DJF,pr_mean,mm/day,2071-2100,583817.6607557,37,17.8310687,-0.3305888,atlantic_southeast
IPSL-CM6A-LR,r1i1p1f1,gr,G6sulfur - SSP5-8.5,DJF,tasmax_mean,degC,2071-2100,583817.6607557,37,17.8310687,-1.3784242,atlantic_southeast
IPSL-CM6A-LR,r1i1p1f1,gr,G6sulfur - SSP5-8.5,JJA,pr_mean,mm/day,2071-2100,583817.6607557,37,17.8310687,-0.3294982,atlantic_southeast
IPSL-CM6A-LR,r1i1p1f1,gr,G6sulfur - SSP5-8.5,JJA,tasmax_mean,degC,2071-2100,583817.6607557,37,17.8310687,-1.8322084,atlantic_southeast
IPSL-CM6A-LR,r1i1p1f1,gr,G6sulfur - SSP5-8.5,MAM,pr_mean,mm/day,2071-2100,583817.6607557,37,17.8310687,-0.2392038,atlantic_southeast
IPSL-CM6A-LR,r1i1p1f1,gr,G6sulfur - SSP5-8.5,MAM,tasmax_mean,degC,2071-2100,583817.6607557,37,17.8310687,-1.8028401,atlantic_southeast
IPSL-CM6A-LR,r1i1p1f1,gr,G6sulfur - SSP5-8.5,SON,pr_mean,mm/day,2071-2100,583817.6607557,37,17.8310687,-0.4910457,atlantic_southeast
IPSL-CM6A-LR,r1i1p1f1,gr,G6sulfur - SSP5-8.5,SON,tasmax_mean,degC,2071-2100,583817.6607557,37,17.8310687,-1.6740371,atlantic_southeast
MPI-ESM1-2-LR,r2i1p1f1,gn,G6solar - G6sulfur,ANN,pr_mean,mm/day,2071-2100,583812.7331150,36,16.1598165,0.0693901,atlantic_southeast
MPI-ESM1-2-LR,r2i1p1f1,gn,G6solar - G6sulfur,ANN,tasmax_mean,degC,2071-2100,583812.7331150,36,16.1598165,-0.9502802,atlantic_southeast
MPI-ESM1-2-LR,r2i1p1f1,gn,G6solar - G6sulfur,DJF,pr_mean,mm/day,2071-2100,583812.7331150,36,16.1598165,0.0945776,atlantic_southeast
MPI-ESM1-2-LR,r2i1p1f1,gn,G6solar - G6sulfur,DJF,tasmax_mean,degC,2071-2100,583812.7331150,36,16.1598165,-2.1829773,atlantic_southeast
MPI-ESM1-2-LR,r2i1p1f1,gn,G6solar - G6sulfur,JJA,pr_mean,mm/day,2071-2100,583812.7331150,36,16.1598165,-0.2334396,atlantic_southeast
MPI-ESM1-2-LR,r2i1p1f1,gn,G6solar - G6sulfur,JJA,tasmax_mean,degC,2071-2100,583812.7331150,36,16.1598165,-0.2026573,atlantic_southeast
MPI-ESM1-2-LR,r2i1p1f1,gn,G6solar - G6sulfur,MAM,pr_mean,mm/day,2071-2100,583812.7331150,36,16.1598165,0.1807037,atlantic_southeast
MPI-ESM1-2-LR,r2i1p1f1,gn,G6solar - G6sulfur,MAM,tasmax_mean,degC,2071-2100,583812.7331150,36,16.1598165,-0.6233086,atlantic_southeast
MPI-ESM1-2-LR,r2i1p1f1,gn,G6solar - G6sulfur,SON,pr_mean,mm/day,2071-2100,583812.7331150,36,16.1598165,0.2495800,atlantic_southeast
MPI-ESM1-2-LR,r2i1p1f1,gn,G6solar - G6sulfur,SON,tasmax_mean,degC,2071-2100,583812.7331150,36,16.1598165,-0.7983098,atlantic_southeast
MPI-ESM1-2-LR,r2i1p1f1,gn,G6solar - SSP5-8.5,ANN,pr_mean,mm/day,2071-2100,583812.7331150,36,16.1598165,-0.1269675,atlantic_southeast
MPI-ESM1-2-LR,r2i1p1f1,gn,G6solar - SSP5-8.5,ANN,tasmax_mean,degC,2071-2100,583812.7331150,36,16.1598165,-1.6767844,atlantic_southeast
MPI-ESM1-2-LR,r2i1p1f1,gn,G6solar - SSP5-8.5,DJF,pr_mean,mm/day,2071-2100,583812.7331150,36,16.1598165,-0.2766075,atlantic_southeast
MPI-ESM1-2-LR,r2i1p1f1,gn,G6solar - SSP5-8.5,DJF,tasmax_mean,degC,2071-2100,583812.7331150,36,16.1598165,-1.1622030,atlantic_southeast
MPI-ESM1-2-LR,r2i1p1f1,gn,G6solar - SSP5-8.5,JJA,pr_mean,mm/day,2071-2100,583812.7331150,36,16.1598165,-0.1256384,atlantic_southeast
MPI-ESM1-2-LR,r2i1p1f1,gn,G6solar - SSP5-8.5,JJA,tasmax_mean,degC,2071-2100,583812.7331150,36,16.1598165,-1.7305202,atlantic_southeast
MPI-ESM1-2-LR,r2i1p1f1,gn,G6solar - SSP5-8.5,MAM,pr_mean,mm/day,2071-2100,583812.7331150,36,16.1598165,-0.0315655,atlantic_southeast
MPI-ESM1-2-LR,r2i1p1f1,gn,G6solar - SSP5-8.5,MAM,tasmax_mean,degC,2071-2100,583812.7331150,36,16.1598165,-1.7351735,atlantic_southeast
MPI-ESM1-2-LR,r2i1p1f1,gn,G6solar - SSP5-8.5,SON,pr_mean,mm/day,2071-2100,583812.7331150,36,16.1598165,-0.0962870,atlantic_southeast
MPI-ESM1-2-LR,r2i1p1f1,gn,G6solar - SSP5-8.5,SON,tasmax_mean,degC,2071-2100,583812.7331150,36,16.1598165,-2.0256961,atlantic_southeast
MPI-ESM1-2-LR,r2i1p1f1,gn,G6sulfur - SSP5-8.5,ANN,pr_mean,mm/day,2071-2100,583812.7331150,36,16.1598165,-0.1963576,atlantic_southeast
MPI-ESM1-2-LR,r2i1p1f1,gn,G6sulfur - SSP5-8.5,ANN,tasmax_mean,degC,2071-2100,583812.7331150,36,16.1598165,-0.7265042,atlantic_southeast
MPI-ESM1-2-LR,r2i1p1f1,gn,G6sulfur - SSP5-8.5,DJF,pr_mean,mm/day,2071-2100,583812.7331150,36,16.1598165,-0.3711851,atlantic_southeast
MPI-ESM1-2-LR,r2i1p1f1,gn,G6sulfur - SSP5-8.5,DJF,tasmax_mean,degC,2071-2100,583812.7331150,36,16.1598165,1.0207743,atlantic_southeast
MPI-ESM1-2-LR,r2i1p1f1,gn,G6sulfur - SSP5-8.5,JJA,pr_mean,mm/day,2071-2100,583812.7331150,36,16.1598165,0.1078013,atlantic_southeast
MPI-ESM1-2-LR,r2i1p1f1,gn,G6sulfur - SSP5-8.5,JJA,tasmax_mean,degC,2071-2100,583812.7331150,36,16.1598165,-1.5278629,atlantic_southeast
MPI-ESM1-2-LR,r2i1p1f1,gn,G6sulfur - SSP5-8.5,MAM,pr_mean,mm/day,2071-2100,583812.7331150,36,16.1598165,-0.2122692,atlantic_southeast
MPI-ESM1-2-LR,r2i1p1f1,gn,G6sulfur - SSP5-8.5,MAM,tasmax_mean,degC,2071-2100,583812.7331150,36,16.1598165,-1.1118650,atlantic_southeast
MPI-ESM1-2-LR,r2i1p1f1,gn,G6sulfur - SSP5-8.5,SON,pr_mean,mm/day,2071-2100,583812.7331150,36,16.1598165,-0.3458670,atlantic_southeast
MPI-ESM1-2-LR,r2i1p1f1,gn,G6sulfur - SSP5-8.5,SON,tasmax_mean,degC,2071-2100,583812.7331150,36,16.1598165,-1.2273864,atlantic_southeast
UKESM1-0-LL,r1i1p1f2,gn,G6solar - G6sulfur,ANN,pr_mean,mm/day,2071-2100,583817.4373032,45,24.1116845,-0.0997377,atlantic_southeast
UKESM1-0-LL,r1i1p1f2,gn,G6solar - G6sulfur,ANN,tasmax_mean,degC,2071-2100,583817.4373032,45,24.1116845,-0.2161686,atlantic_southeast
UKESM1-0-LL,r1i1p1f2,gn,G6solar - G6sulfur,DJF,pr_mean,mm/day,2071-2100,583817.4373032,45,24.1116845,0.0239516,atlantic_southeast
UKESM1-0-LL,r1i1p1f2,gn,G6solar - G6sulfur,DJF,tasmax_mean,degC,2071-2100,583817.4373032,45,24.1116845,-0.5002259,atlantic_southeast
UKESM1-0-LL,r1i1p1f2,gn,G6solar - G6sulfur,JJA,pr_mean,mm/day,2071-2100,583817.4373032,45,24.1116845,0.0981737,atlantic_southeast
UKESM1-0-LL,r1i1p1f2,gn,G6solar - G6sulfur,JJA,tasmax_mean,degC,2071-2100,583817.4373032,45,24.1116845,-0.2539233,atlantic_southeast
UKESM1-0-LL,r1i1p1f2,gn,G6solar - G6sulfur,MAM,pr_mean,mm/day,2071-2100,583817.4373032,45,24.1116845,-0.5688336,atlantic_southeast
UKESM1-0-LL,r1i1p1f2,gn,G6solar - G6sulfur,MAM,tasmax_mean,degC,2071-2100,583817.4373032,45,24.1116845,-0.0180365,atlantic_southeast
UKESM1-0-LL,r1i1p1f2,gn,G6solar - G6sulfur,SON,pr_mean,mm/day,2071-2100,583817.4373032,45,24.1116845,0.0387110,atlantic_southeast
UKESM1-0-LL,r1i1p1f2,gn,G6solar - G6sulfur,SON,tasmax_mean,degC,2071-2100,583817.4373032,45,24.1116845,-0.2213538,atlantic_southeast
UKESM1-0-LL,r1i1p1f2,gn,G6solar - SSP5-8.5,ANN,pr_mean,mm/day,2071-2100,583817.4373032,45,24.1116845,-0.2705578,atlantic_southeast
UKESM1-0-LL,r1i1p1f2,gn,G6solar - SSP5-8.5,ANN,tasmax_mean,degC,2071-2100,583817.4373032,45,24.1116845,-2.4848069,atlantic_southeast
UKESM1-0-LL,r1i1p1f2,gn,G6solar - SSP5-8.5,DJF,pr_mean,mm/day,2071-2100,583817.4373032,45,24.1116845,0.0441914,atlantic_southeast
UKESM1-0-LL,r1i1p1f2,gn,G6solar - SSP5-8.5,DJF,tasmax_mean,degC,2071-2100,583817.4373032,45,24.1116845,-1.9339556,atlantic_southeast
UKESM1-0-LL,r1i1p1f2,gn,G6solar - SSP5-8.5,JJA,pr_mean,mm/day,2071-2100,583817.4373032,45,24.1116845,0.0610697,atlantic_southeast
UKESM1-0-LL,r1i1p1f2,gn,G6solar - SSP5-8.5,JJA,tasmax_mean,degC,2071-2100,583817.4373032,45,24.1116845,-2.9300648,atlantic_southeast
UKESM1-0-LL,r1i1p1f2,gn,G6solar - SSP5-8.5,MAM,pr_mean,mm/day,2071-2100,583817.4373032,45,24.1116845,-0.6807635,atlantic_southeast
UKESM1-0-LL,r1i1p1f2,gn,G6solar - SSP5-8.5,MAM,tasmax_mean,degC,2071-2100,583817.4373032,45,24.1116845,-2.2440011,atlantic_southeast
UKESM1-0-LL,r1i1p1f2,gn,G6solar - SSP5-8.5,SON,pr_mean,mm/day,2071-2100,583817.4373032,45,24.1116845,-0.4818245,atlantic_southeast
UKESM1-0-LL,r1i1p1f2,gn,G6solar - SSP5-8.5,SON,tasmax_mean,degC,2071-2100,583817.4373032,45,24.1116845,-2.9857088,atlantic_southeast
UKESM1-0-LL,r1i1p1f2,gn,G6sulfur - SSP5-8.5,ANN,pr_mean,mm/day,2071-2100,583817.4373032,45,24.1116845,-0.1708201,atlantic_southeast
UKESM1-0-LL,r1i1p1f2,gn,G6sulfur - SSP5-8.5,ANN,tasmax_mean,degC,2071-2100,583817.4373032,45,24.1116845,-2.2686383,atlantic_southeast
UKESM1-0-LL,r1i1p1f2,gn,G6sulfur - SSP5-8.5,DJF,pr_mean,mm/day,2071-2100,583817.4373032,45,24.1116845,0.0202398,atlantic_southeast
UKESM1-0-LL,r1i1p1f2,gn,G6sulfur - SSP5-8.5,DJF,tasmax_mean,degC,2071-2100,583817.4373032,45,24.1116845,-1.4337298,atlantic_southeast
UKESM1-0-LL,r1i1p1f2,gn,G6sulfur - SSP5-8.5,JJA,pr_mean,mm/day,2071-2100,583817.4373032,45,24.1116845,-0.0371040,atlantic_southeast
UKESM1-0-LL,r1i1p1f2,gn,G6sulfur - SSP5-8.5,JJA,tasmax_mean,degC,2071-2100,583817.4373032,45,24.1116845,-2.6761416,atlantic_southeast
UKESM1-0-LL,r1i1p1f2,gn,G6sulfur - SSP5-8.5,MAM,pr_mean,mm/day,2071-2100,583817.4373032,45,24.1116845,-0.1119298,atlantic_southeast
UKESM1-0-LL,r1i1p1f2,gn,G6sulfur - SSP5-8.5,MAM,tasmax_mean,degC,2071-2100,583817.4373032,45,24.1116845,-2.2259646,atlantic_southeast
UKESM1-0-LL,r1i1p1f2,gn,G6sulfur - SSP5-8.5,SON,pr_mean,mm/day,2071-2100,583817.4373032,45,24.1116845,-0.5205355,atlantic_southeast
UKESM1-0-LL,r1i1p1f2,gn,G6sulfur - SSP5-8.5,SON,tasmax_mean,degC,2071-2100,583817.4373032,45,24.1116845,-2.7643550,atlantic_southeast
CNRM-ESM2-1,r1i1p1f2,gr,G6solar - G6sulfur,ANN,pr_mean,mm/day,2071-2100,281375.4764217,33,14.4140338,0.0565166,appalachian_interior
CNRM-ESM2-1,r1i1p1f2,gr,G6solar - G6sulfur,ANN,tasmax_mean,degC,2071-2100,281375.4764217,33,14.4140338,0.0750564,appalachian_interior
CNRM-ESM2-1,r1i1p1f2,gr,G6solar - G6sulfur,DJF,pr_mean,mm/day,2071-2100,281375.4764217,33,14.4140338,-0.0447407,appalachian_interior
CNRM-ESM2-1,r1i1p1f2,gr,G6solar - G6sulfur,DJF,tasmax_mean,degC,2071-2100,281375.4764217,33,14.4140338,0.2697687,appalachian_interior
CNRM-ESM2-1,r1i1p1f2,gr,G6solar - G6sulfur,JJA,pr_mean,mm/day,2071-2100,281375.4764217,33,14.4140338,-0.1358116,appalachian_interior
CNRM-ESM2-1,r1i1p1f2,gr,G6solar - G6sulfur,JJA,tasmax_mean,degC,2071-2100,281375.4764217,33,14.4140338,-0.2750096,appalachian_interior
CNRM-ESM2-1,r1i1p1f2,gr,G6solar - G6sulfur,MAM,pr_mean,mm/day,2071-2100,281375.4764217,33,14.4140338,0.2994980,appalachian_interior
CNRM-ESM2-1,r1i1p1f2,gr,G6solar - G6sulfur,MAM,tasmax_mean,degC,2071-2100,281375.4764217,33,14.4140338,0.3830978,appalachian_interior
CNRM-ESM2-1,r1i1p1f2,gr,G6solar - G6sulfur,SON,pr_mean,mm/day,2071-2100,281375.4764217,33,14.4140338,0.0859834,appalachian_interior
CNRM-ESM2-1,r1i1p1f2,gr,G6solar - G6sulfur,SON,tasmax_mean,degC,2071-2100,281375.4764217,33,14.4140338,-0.0971690,appalachian_interior
CNRM-ESM2-1,r1i1p1f2,gr,G6solar - SSP5-8.5,ANN,pr_mean,mm/day,2071-2100,281375.4764217,33,14.4140338,-0.0025316,appalachian_interior
CNRM-ESM2-1,r1i1p1f2,gr,G6solar - SSP5-8.5,ANN,tasmax_mean,degC,2071-2100,281375.4764217,33,14.4140338,-1.5961710,appalachian_interior
CNRM-ESM2-1,r1i1p1f2,gr,G6solar - SSP5-8.5,DJF,pr_mean,mm/day,2071-2100,281375.4764217,33,14.4140338,0.0744275,appalachian_interior
CNRM-ESM2-1,r1i1p1f2,gr,G6solar - SSP5-8.5,DJF,tasmax_mean,degC,2071-2100,281375.4764217,33,14.4140338,-1.4068472,appalachian_interior
CNRM-ESM2-1,r1i1p1f2,gr,G6solar - SSP5-8.5,JJA,pr_mean,mm/day,2071-2100,281375.4764217,33,14.4140338,-0.3892216,appalachian_interior
CNRM-ESM2-1,r1i1p1f2,gr,G6solar - SSP5-8.5,JJA,tasmax_mean,degC,2071-2100,281375.4764217,33,14.4140338,-1.6483163,appalachian_interior
CNRM-ESM2-1,r1i1p1f2,gr,G6solar - SSP5-8.5,MAM,pr_mean,mm/day,2071-2100,281375.4764217,33,14.4140338,0.2912869,appalachian_interior
CNRM-ESM2-1,r1i1p1f2,gr,G6solar - SSP5-8.5,MAM,tasmax_mean,degC,2071-2100,281375.4764217,33,14.4140338,-1.5449741,appalachian_interior
CNRM-ESM2-1,r1i1p1f2,gr,G6solar - SSP5-8.5,SON,pr_mean,mm/day,2071-2100,281375.4764217,33,14.4140338,0.0525529,appalachian_interior
CNRM-ESM2-1,r1i1p1f2,gr,G6solar - SSP5-8.5,SON,tasmax_mean,degC,2071-2100,281375.4764217,33,14.4140338,-1.7339023,appalachian_interior
CNRM-ESM2-1,r1i1p1f2,gr,G6sulfur - SSP5-8.5,ANN,pr_mean,mm/day,2071-2100,281375.4764217,33,14.4140338,-0.0590483,appalachian_interior
CNRM-ESM2-1,r1i1p1f2,gr,G6sulfur - SSP5-8.5,ANN,tasmax_mean,degC,2071-2100,281375.4764217,33,14.4140338,-1.6712274,appalachian_interior
CNRM-ESM2-1,r1i1p1f2,gr,G6sulfur - SSP5-8.5,DJF,pr_mean,mm/day,2071-2100,281375.4764217,33,14.4140338,0.1191683,appalachian_interior
CNRM-ESM2-1,r1i1p1f2,gr,G6sulfur - SSP5-8.5,DJF,tasmax_mean,degC,2071-2100,281375.4764217,33,14.4140338,-1.6766159,appalachian_interior
CNRM-ESM2-1,r1i1p1f2,gr,G6sulfur - SSP5-8.5,JJA,pr_mean,mm/day,2071-2100,281375.4764217,33,14.4140338,-0.2534101,appalachian_interior
CNRM-ESM2-1,r1i1p1f2,gr,G6sulfur - SSP5-8.5,JJA,tasmax_mean,degC,2071-2100,281375.4764217,33,14.4140338,-1.3733066,appalachian_interior
CNRM-ESM2-1,r1i1p1f2,gr,G6sulfur - SSP5-8.5,MAM,pr_mean,mm/day,2071-2100,281375.4764217,33,14.4140338,-0.0082111,appalachian_interior
CNRM-ESM2-1,r1i1p1f2,gr,G6sulfur - SSP5-8.5,MAM,tasmax_mean,degC,2071-2100,281375.4764217,33,14.4140338,-1.9280719,appalachian_interior
CNRM-ESM2-1,r1i1p1f2,gr,G6sulfur - SSP5-8.5,SON,pr_mean,mm/day,2071-2100,281375.4764217,33,14.4140338,-0.0334305,appalachian_interior
CNRM-ESM2-1,r1i1p1f2,gr,G6sulfur - SSP5-8.5,SON,tasmax_mean,degC,2071-2100,281375.4764217,33,14.4140338,-1.6367333,appalachian_interior
IPSL-CM6A-LR,r1i1p1f1,gr,G6solar - G6sulfur,ANN,pr_mean,mm/day,2071-2100,281459.0819586,17,8.9636788,-0.0095367,appalachian_interior
IPSL-CM6A-LR,r1i1p1f1,gr,G6solar - G6sulfur,ANN,tasmax_mean,degC,2071-2100,281459.0819586,17,8.9636788,-0.5686173,appalachian_interior
IPSL-CM6A-LR,r1i1p1f1,gr,G6solar - G6sulfur,DJF,pr_mean,mm/day,2071-2100,281459.0819586,17,8.9636788,-0.5720092,appalachian_interior
IPSL-CM6A-LR,r1i1p1f1,gr,G6solar - G6sulfur,DJF,tasmax_mean,degC,2071-2100,281459.0819586,17,8.9636788,-0.6615320,appalachian_interior
IPSL-CM6A-LR,r1i1p1f1,gr,G6solar - G6sulfur,JJA,pr_mean,mm/day,2071-2100,281459.0819586,17,8.9636788,0.4802633,appalachian_interior
IPSL-CM6A-LR,r1i1p1f1,gr,G6solar - G6sulfur,JJA,tasmax_mean,degC,2071-2100,281459.0819586,17,8.9636788,-0.5567066,appalachian_interior
IPSL-CM6A-LR,r1i1p1f1,gr,G6solar - G6sulfur,MAM,pr_mean,mm/day,2071-2100,281459.0819586,17,8.9636788,0.2077330,appalachian_interior
IPSL-CM6A-LR,r1i1p1f1,gr,G6solar - G6sulfur,MAM,tasmax_mean,degC,2071-2100,281459.0819586,17,8.9636788,-0.6384894,appalachian_interior
IPSL-CM6A-LR,r1i1p1f1,gr,G6solar - G6sulfur,SON,pr_mean,mm/day,2071-2100,281459.0819586,17,8.9636788,-0.2588215,appalachian_interior
IPSL-CM6A-LR,r1i1p1f1,gr,G6solar - G6sulfur,SON,tasmax_mean,degC,2071-2100,281459.0819586,17,8.9636788,-0.4425552,appalachian_interior
IPSL-CM6A-LR,r1i1p1f1,gr,G6solar - SSP5-8.5,ANN,pr_mean,mm/day,2071-2100,281459.0819586,17,8.9636788,-0.4555823,appalachian_interior
IPSL-CM6A-LR,r1i1p1f1,gr,G6solar - SSP5-8.5,ANN,tasmax_mean,degC,2071-2100,281459.0819586,17,8.9636788,-2.5494475,appalachian_interior
IPSL-CM6A-LR,r1i1p1f1,gr,G6solar - SSP5-8.5,DJF,pr_mean,mm/day,2071-2100,281459.0819586,17,8.9636788,-1.0548298,appalachian_interior
IPSL-CM6A-LR,r1i1p1f1,gr,G6solar - SSP5-8.5,DJF,tasmax_mean,degC,2071-2100,281459.0819586,17,8.9636788,-2.5871814,appalachian_interior
IPSL-CM6A-LR,r1i1p1f1,gr,G6solar - SSP5-8.5,JJA,pr_mean,mm/day,2071-2100,281459.0819586,17,8.9636788,-0.0969363,appalachian_interior
IPSL-CM6A-LR,r1i1p1f1,gr,G6solar - SSP5-8.5,JJA,tasmax_mean,degC,2071-2100,281459.0819586,17,8.9636788,-2.6359247,appalachian_interior
IPSL-CM6A-LR,r1i1p1f1,gr,G6solar - SSP5-8.5,MAM,pr_mean,mm/day,2071-2100,281459.0819586,17,8.9636788,-0.4055731,appalachian_interior
IPSL-CM6A-LR,r1i1p1f1,gr,G6solar - SSP5-8.5,MAM,tasmax_mean,degC,2071-2100,281459.0819586,17,8.9636788,-2.7298811,appalachian_interior
IPSL-CM6A-LR,r1i1p1f1,gr,G6solar - SSP5-8.5,SON,pr_mean,mm/day,2071-2100,281459.0819586,17,8.9636788,-0.3703291,appalachian_interior
IPSL-CM6A-LR,r1i1p1f1,gr,G6solar - SSP5-8.5,SON,tasmax_mean,degC,2071-2100,281459.0819586,17,8.9636788,-2.3585545,appalachian_interior
IPSL-CM6A-LR,r1i1p1f1,gr,G6sulfur - SSP5-8.5,ANN,pr_mean,mm/day,2071-2100,281459.0819586,17,8.9636788,-0.4460456,appalachian_interior
IPSL-CM6A-LR,r1i1p1f1,gr,G6sulfur - SSP5-8.5,ANN,tasmax_mean,degC,2071-2100,281459.0819586,17,8.9636788,-1.9808302,appalachian_interior
IPSL-CM6A-LR,r1i1p1f1,gr,G6sulfur - SSP5-8.5,DJF,pr_mean,mm/day,2071-2100,281459.0819586,17,8.9636788,-0.4828206,appalachian_interior
IPSL-CM6A-LR,r1i1p1f1,gr,G6sulfur - SSP5-8.5,DJF,tasmax_mean,degC,2071-2100,281459.0819586,17,8.9636788,-1.9256494,appalachian_interior
IPSL-CM6A-LR,r1i1p1f1,gr,G6sulfur - SSP5-8.5,JJA,pr_mean,mm/day,2071-2100,281459.0819586,17,8.9636788,-0.5771996,appalachian_interior
IPSL-CM6A-LR,r1i1p1f1,gr,G6sulfur - SSP5-8.5,JJA,tasmax_mean,degC,2071-2100,281459.0819586,17,8.9636788,-2.0792181,appalachian_interior
IPSL-CM6A-LR,r1i1p1f1,gr,G6sulfur - SSP5-8.5,MAM,pr_mean,mm/day,2071-2100,281459.0819586,17,8.9636788,-0.6133061,appalachian_interior
IPSL-CM6A-LR,r1i1p1f1,gr,G6sulfur - SSP5-8.5,MAM,tasmax_mean,degC,2071-2100,281459.0819586,17,8.9636788,-2.0913917,appalachian_interior
IPSL-CM6A-LR,r1i1p1f1,gr,G6sulfur - SSP5-8.5,SON,pr_mean,mm/day,2071-2100,281459.0819586,17,8.9636788,-0.1115076,appalachian_interior
IPSL-CM6A-LR,r1i1p1f1,gr,G6sulfur - SSP5-8.5,SON,tasmax_mean,degC,2071-2100,281459.0819586,17,8.9636788,-1.9159993,appalachian_interior
MPI-ESM1-2-LR,r2i1p1f1,gn,G6solar - G6sulfur,ANN,pr_mean,mm/day,2071-2100,281422.0250786,21,8.1203357,-0.0696432,appalachian_interior
MPI-ESM1-2-LR,r2i1p1f1,gn,G6solar - G6sulfur,ANN,tasmax_mean,degC,2071-2100,281422.0250786,21,8.1203357,-0.9652977,appalachian_interior
MPI-ESM1-2-LR,r2i1p1f1,gn,G6solar - G6sulfur,DJF,pr_mean,mm/day,2071-2100,281422.0250786,21,8.1203357,-0.5737719,appalachian_interior
MPI-ESM1-2-LR,r2i1p1f1,gn,G6solar - G6sulfur,DJF,tasmax_mean,degC,2071-2100,281422.0250786,21,8.1203357,-2.0394338,appalachian_interior
MPI-ESM1-2-LR,r2i1p1f1,gn,G6solar - G6sulfur,JJA,pr_mean,mm/day,2071-2100,281422.0250786,21,8.1203357,-0.0378568,appalachian_interior
MPI-ESM1-2-LR,r2i1p1f1,gn,G6solar - G6sulfur,JJA,tasmax_mean,degC,2071-2100,281422.0250786,21,8.1203357,-0.3157063,appalachian_interior
MPI-ESM1-2-LR,r2i1p1f1,gn,G6solar - G6sulfur,MAM,pr_mean,mm/day,2071-2100,281422.0250786,21,8.1203357,0.0562879,appalachian_interior
MPI-ESM1-2-LR,r2i1p1f1,gn,G6solar - G6sulfur,MAM,tasmax_mean,degC,2071-2100,281422.0250786,21,8.1203357,-0.5682437,appalachian_interior
MPI-ESM1-2-LR,r2i1p1f1,gn,G6solar - G6sulfur,SON,pr_mean,mm/day,2071-2100,281422.0250786,21,8.1203357,0.2777829,appalachian_interior
MPI-ESM1-2-LR,r2i1p1f1,gn,G6solar - G6sulfur,SON,tasmax_mean,degC,2071-2100,281422.0250786,21,8.1203357,-0.9245596,appalachian_interior
MPI-ESM1-2-LR,r2i1p1f1,gn,G6solar - SSP5-8.5,ANN,pr_mean,mm/day,2071-2100,281422.0250786,21,8.1203357,-0.0523331,appalachian_interior
MPI-ESM1-2-LR,r2i1p1f1,gn,G6solar - SSP5-8.5,ANN,tasmax_mean,degC,2071-2100,281422.0250786,21,8.1203357,-1.7705180,appalachian_interior
MPI-ESM1-2-LR,r2i1p1f1,gn,G6solar - SSP5-8.5,DJF,pr_mean,mm/day,2071-2100,281422.0250786,21,8.1203357,-0.0667100,appalachian_interior
MPI-ESM1-2-LR,r2i1p1f1,gn,G6solar - SSP5-8.5,DJF,tasmax_mean,degC,2071-2100,281422.0250786,21,8.1203357,-1.0322063,appalachian_interior
MPI-ESM1-2-LR,r2i1p1f1,gn,G6solar - SSP5-8.5,JJA,pr_mean,mm/day,2071-2100,281422.0250786,21,8.1203357,0.0142668,appalachian_interior
MPI-ESM1-2-LR,r2i1p1f1,gn,G6solar - SSP5-8.5,JJA,tasmax_mean,degC,2071-2100,281422.0250786,21,8.1203357,-1.8675024,appalachian_interior
MPI-ESM1-2-LR,r2i1p1f1,gn,G6solar - SSP5-8.5,MAM,pr_mean,mm/day,2071-2100,281422.0250786,21,8.1203357,0.0097829,appalachian_interior
MPI-ESM1-2-LR,r2i1p1f1,gn,G6solar - SSP5-8.5,MAM,tasmax_mean,degC,2071-2100,281422.0250786,21,8.1203357,-1.8535467,appalachian_interior
MPI-ESM1-2-LR,r2i1p1f1,gn,G6solar - SSP5-8.5,SON,pr_mean,mm/day,2071-2100,281422.0250786,21,8.1203357,-0.1614618,appalachian_interior
MPI-ESM1-2-LR,r2i1p1f1,gn,G6solar - SSP5-8.5,SON,tasmax_mean,degC,2071-2100,281422.0250786,21,8.1203357,-2.2562794,appalachian_interior
MPI-ESM1-2-LR,r2i1p1f1,gn,G6sulfur - SSP5-8.5,ANN,pr_mean,mm/day,2071-2100,281422.0250786,21,8.1203357,0.0173101,appalachian_interior
MPI-ESM1-2-LR,r2i1p1f1,gn,G6sulfur - SSP5-8.5,ANN,tasmax_mean,degC,2071-2100,281422.0250786,21,8.1203357,-0.8052204,appalachian_interior
MPI-ESM1-2-LR,r2i1p1f1,gn,G6sulfur - SSP5-8.5,DJF,pr_mean,mm/day,2071-2100,281422.0250786,21,8.1203357,0.5070619,appalachian_interior
MPI-ESM1-2-LR,r2i1p1f1,gn,G6sulfur - SSP5-8.5,DJF,tasmax_mean,degC,2071-2100,281422.0250786,21,8.1203357,1.0072275,appalachian_interior
MPI-ESM1-2-LR,r2i1p1f1,gn,G6sulfur - SSP5-8.5,JJA,pr_mean,mm/day,2071-2100,281422.0250786,21,8.1203357,0.0521237,appalachian_interior
MPI-ESM1-2-LR,r2i1p1f1,gn,G6sulfur - SSP5-8.5,JJA,tasmax_mean,degC,2071-2100,281422.0250786,21,8.1203357,-1.5517961,appalachian_interior
MPI-ESM1-2-LR,r2i1p1f1,gn,G6sulfur - SSP5-8.5,MAM,pr_mean,mm/day,2071-2100,281422.0250786,21,8.1203357,-0.0465050,appalachian_interior
MPI-ESM1-2-LR,r2i1p1f1,gn,G6sulfur - SSP5-8.5,MAM,tasmax_mean,degC,2071-2100,281422.0250786,21,8.1203357,-1.2853030,appalachian_interior
MPI-ESM1-2-LR,r2i1p1f1,gn,G6sulfur - SSP5-8.5,SON,pr_mean,mm/day,2071-2100,281422.0250786,21,8.1203357,-0.4392447,appalachian_interior
MPI-ESM1-2-LR,r2i1p1f1,gn,G6sulfur - SSP5-8.5,SON,tasmax_mean,degC,2071-2100,281422.0250786,21,8.1203357,-1.3317198,appalachian_interior
UKESM1-0-LL,r1i1p1f2,gn,G6solar - G6sulfur,ANN,pr_mean,mm/day,2071-2100,281463.1414279,27,12.1221991,0.0866879,appalachian_interior
UKESM1-0-LL,r1i1p1f2,gn,G6solar - G6sulfur,ANN,tasmax_mean,degC,2071-2100,281463.1414279,27,12.1221991,-0.3398151,appalachian_interior
UKESM1-0-LL,r1i1p1f2,gn,G6solar - G6sulfur,DJF,pr_mean,mm/day,2071-2100,281463.1414279,27,12.1221991,0.0221457,appalachian_interior
UKESM1-0-LL,r1i1p1f2,gn,G6solar - G6sulfur,DJF,tasmax_mean,degC,2071-2100,281463.1414279,27,12.1221991,-0.6864737,appalachian_interior
UKESM1-0-LL,r1i1p1f2,gn,G6solar - G6sulfur,JJA,pr_mean,mm/day,2071-2100,281463.1414279,27,12.1221991,0.0043349,appalachian_interior
UKESM1-0-LL,r1i1p1f2,gn,G6solar - G6sulfur,JJA,tasmax_mean,degC,2071-2100,281463.1414279,27,12.1221991,-0.3455911,appalachian_interior
UKESM1-0-LL,r1i1p1f2,gn,G6solar - G6sulfur,MAM,pr_mean,mm/day,2071-2100,281463.1414279,27,12.1221991,0.0364132,appalachian_interior
UKESM1-0-LL,r1i1p1f2,gn,G6solar - G6sulfur,MAM,tasmax_mean,degC,2071-2100,281463.1414279,27,12.1221991,-0.0006921,appalachian_interior
UKESM1-0-LL,r1i1p1f2,gn,G6solar - G6sulfur,SON,pr_mean,mm/day,2071-2100,281463.1414279,27,12.1221991,0.2232548,appalachian_interior
UKESM1-0-LL,r1i1p1f2,gn,G6solar - G6sulfur,SON,tasmax_mean,degC,2071-2100,281463.1414279,27,12.1221991,-0.4446475,appalachian_interior
UKESM1-0-LL,r1i1p1f2,gn,G6solar - SSP5-8.5,ANN,pr_mean,mm/day,2071-2100,281463.1414279,27,12.1221991,-0.3012387,appalachian_interior
UKESM1-0-LL,r1i1p1f2,gn,G6solar - SSP5-8.5,ANN,tasmax_mean,degC,2071-2100,281463.1414279,27,12.1221991,-2.9923747,appalachian_interior
UKESM1-0-LL,r1i1p1f2,gn,G6solar - SSP5-8.5,DJF,pr_mean,mm/day,2071-2100,281463.1414279,27,12.1221991,-0.2463758,appalachian_interior
UKESM1-0-LL,r1i1p1f2,gn,G6solar - SSP5-8.5,DJF,tasmax_mean,degC,2071-2100,281463.1414279,27,12.1221991,-2.5185165,appalachian_interior
UKESM1-0-LL,r1i1p1f2,gn,G6solar - SSP5-8.5,JJA,pr_mean,mm/day,2071-2100,281463.1414279,27,12.1221991,0.0159518,appalachian_interior
UKESM1-0-LL,r1i1p1f2,gn,G6solar - SSP5-8.5,JJA,tasmax_mean,degC,2071-2100,281463.1414279,27,12.1221991,-3.5713057,appalachian_interior
UKESM1-0-LL,r1i1p1f2,gn,G6solar - SSP5-8.5,MAM,pr_mean,mm/day,2071-2100,281463.1414279,27,12.1221991,-0.6878506,appalachian_interior
UKESM1-0-LL,r1i1p1f2,gn,G6solar - SSP5-8.5,MAM,tasmax_mean,degC,2071-2100,281463.1414279,27,12.1221991,-2.4818539,appalachian_interior
UKESM1-0-LL,r1i1p1f2,gn,G6solar - SSP5-8.5,SON,pr_mean,mm/day,2071-2100,281463.1414279,27,12.1221991,-0.3379920,appalachian_interior
UKESM1-0-LL,r1i1p1f2,gn,G6solar - SSP5-8.5,SON,tasmax_mean,degC,2071-2100,281463.1414279,27,12.1221991,-3.5571246,appalachian_interior
UKESM1-0-LL,r1i1p1f2,gn,G6sulfur - SSP5-8.5,ANN,pr_mean,mm/day,2071-2100,281463.1414279,27,12.1221991,-0.3879265,appalachian_interior
UKESM1-0-LL,r1i1p1f2,gn,G6sulfur - SSP5-8.5,ANN,tasmax_mean,degC,2071-2100,281463.1414279,27,12.1221991,-2.6525596,appalachian_interior
UKESM1-0-LL,r1i1p1f2,gn,G6sulfur - SSP5-8.5,DJF,pr_mean,mm/day,2071-2100,281463.1414279,27,12.1221991,-0.2685215,appalachian_interior
UKESM1-0-LL,r1i1p1f2,gn,G6sulfur - SSP5-8.5,DJF,tasmax_mean,degC,2071-2100,281463.1414279,27,12.1221991,-1.8320428,appalachian_interior
UKESM1-0-LL,r1i1p1f2,gn,G6sulfur - SSP5-8.5,JJA,pr_mean,mm/day,2071-2100,281463.1414279,27,12.1221991,0.0116169,appalachian_interior
UKESM1-0-LL,r1i1p1f2,gn,G6sulfur - SSP5-8.5,JJA,tasmax_mean,degC,2071-2100,281463.1414279,27,12.1221991,-3.2257145,appalachian_interior
UKESM1-0-LL,r1i1p1f2,gn,G6sulfur - SSP5-8.5,MAM,pr_mean,mm/day,2071-2100,281463.1414279,27,12.1221991,-0.7242638,appalachian_interior
UKESM1-0-LL,r1i1p1f2,gn,G6sulfur - SSP5-8.5,MAM,tasmax_mean,degC,2071-2100,281463.1414279,27,12.1221991,-2.4811617,appalachian_interior
UKESM1-0-LL,r1i1p1f2,gn,G6sulfur - SSP5-8.5,SON,pr_mean,mm/day,2071-2100,281463.1414279,27,12.1221991,-0.5612468,appalachian_interior
UKESM1-0-LL,r1i1p1f2,gn,G6sulfur - SSP5-8.5,SON,tasmax_mean,degC,2071-2100,281463.1414279,27,12.1221991,-3.1124770,appalachian_interior
