model,variant_label,grid_label,domain,metric,units,season,comparison,mean_difference,median_difference,paired_interannual_sd,standard_error,standardized_effect_size,minimum_difference,maximum_difference,year_count,fraction_positive,fraction_negative,fraction_zero,lag1_autocorrelation,ci_lower,ci_upper,interval_classification,zero_inside_interval,bootstrap_replicates,block_length_years
CNRM-ESM2-1,r1i1p1f2,gr,gulf_coast,pr_mean,mm/day,ANN,G6solar - G6sulfur,0.0388551,0.0221006,0.4989942,0.0911035,0.0778668,-1.1983029,1.1757675,30,0.5000000,0.5000000,0.0000000,-0.0460351,-0.0803148,0.1638490,includes_zero,True,10000,5
CNRM-ESM2-1,r1i1p1f2,gr,gulf_coast,pr_mean,mm/day,ANN,G6solar - SSP5-8.5,0.0133220,-0.0484017,0.5217696,0.0952617,0.0255324,-1.0388115,1.0061763,30,0.4666667,0.5333333,0.0000000,-0.0823050,-0.1167258,0.1329634,includes_zero,True,10000,5
CNRM-ESM2-1,r1i1p1f2,gr,gulf_coast,pr_mean,mm/day,ANN,G6sulfur - SSP5-8.5,-0.0255330,-0.0590031,0.5390535,0.0984172,-0.0473664,-1.1924569,1.3865381,30,0.4333333,0.5666667,0.0000000,0.1869862,-0.1805266,0.1411163,includes_zero,True,10000,5
CNRM-ESM2-1,r1i1p1f2,gr,gulf_coast,pr_mean,mm/day,DJF,G6solar - G6sulfur,0.0475804,-0.2086017,0.8647432,0.1605788,0.0550226,-1.4104352,1.7551386,29,0.4137931,0.5862069,0.0000000,0.0639477,-0.1309826,0.2588598,includes_zero,True,10000,5
CNRM-ESM2-1,r1i1p1f2,gr,gulf_coast,pr_mean,mm/day,DJF,G6solar - SSP5-8.5,0.1953570,0.1423126,1.0322421,0.1916826,0.1892550,-1.6876707,2.4360770,29,0.6206897,0.3793103,0.0000000,-0.0919654,-0.0949093,0.5401012,includes_zero,True,10000,5
CNRM-ESM2-1,r1i1p1f2,gr,gulf_coast,pr_mean,mm/day,DJF,G6sulfur - SSP5-8.5,0.1477766,0.0529495,0.8761733,0.1627013,0.1686613,-1.4311287,2.6858016,29,0.5172414,0.4827586,0.0000000,-0.0489860,-0.1614587,0.4952587,includes_zero,True,10000,5
CNRM-ESM2-1,r1i1p1f2,gr,gulf_coast,pr_mean,mm/day,JJA,G6solar - G6sulfur,0.3582305,0.2701090,0.8747140,0.1597002,0.4095401,-1.4317086,2.0723644,30,0.7333333,0.2666667,0.0000000,-0.0422041,0.1242307,0.6035137,above_zero,False,10000,5
CNRM-ESM2-1,r1i1p1f2,gr,gulf_coast,pr_mean,mm/day,JJA,G6solar - SSP5-8.5,0.0033664,-0.0207669,1.2236993,0.2234159,0.0027510,-2.2505190,2.3511293,30,0.5000000,0.5000000,0.0000000,0.0884866,-0.4630533,0.3822866,includes_zero,True,10000,5
CNRM-ESM2-1,r1i1p1f2,gr,gulf_coast,pr_mean,mm/day,JJA,G6sulfur - SSP5-8.5,-0.3548641,-0.3952622,0.9047164,0.1651779,-0.3922379,-2.1939364,1.5743798,30,0.3333333,0.6666667,0.0000000,0.0128685,-0.6815587,-0.1000079,below_zero,False,10000,5
CNRM-ESM2-1,r1i1p1f2,gr,gulf_coast,pr_mean,mm/day,MAM,G6solar - G6sulfur,-0.1648528,-0.0316345,1.0056254,0.1836012,-0.1639306,-2.8188436,1.5147955,30,0.4666667,0.5333333,0.0000000,-0.1911130,-0.4350107,0.0653000,includes_zero,True,10000,5
CNRM-ESM2-1,r1i1p1f2,gr,gulf_coast,pr_mean,mm/day,MAM,G6solar - SSP5-8.5,-0.0830182,-0.0924987,1.0822535,0.1975916,-0.0767087,-3.7004678,2.0203805,30,0.4666667,0.5333333,0.0000000,0.0043637,-0.4338373,0.2272637,includes_zero,True,10000,5
CNRM-ESM2-1,r1i1p1f2,gr,gulf_coast,pr_mean,mm/day,MAM,G6sulfur - SSP5-8.5,0.0818346,-0.0615200,1.3408494,0.2448045,0.0610319,-2.9792899,3.5259680,30,0.4666667,0.5333333,0.0000000,0.1637364,-0.2983563,0.4714924,includes_zero,True,10000,5
CNRM-ESM2-1,r1i1p1f2,gr,gulf_coast,pr_mean,mm/day,SON,G6solar - G6sulfur,-0.0922251,-0.0589384,0.9082977,0.1658317,-0.1015362,-1.9489253,1.6267103,30,0.5000000,0.5000000,0.0000000,-0.2505998,-0.3672658,0.1627117,includes_zero,True,10000,5
CNRM-ESM2-1,r1i1p1f2,gr,gulf_coast,pr_mean,mm/day,SON,G6solar - SSP5-8.5,-0.0761795,-0.2390951,1.0163825,0.1855652,-0.0749516,-2.0574805,2.1088599,30,0.4000000,0.6000000,0.0000000,-0.1498775,-0.4399959,0.2958782,includes_zero,True,10000,5
CNRM-ESM2-1,r1i1p1f2,gr,gulf_coast,pr_mean,mm/day,SON,G6sulfur - SSP5-8.5,0.0160456,-0.1181864,0.9504039,0.1735192,0.0168830,-1.4055304,1.7602937,30,0.4666667,0.5333333,0.0000000,-0.0880913,-0.2958983,0.3161284,includes_zero,True,10000,5
CNRM-ESM2-1,r1i1p1f2,gr,gulf_coast,tasmax_mean,degC,ANN,G6solar - G6sulfur,-0.0753938,-0.0394861,0.7991842,0.1459104,-0.0943384,-1.6341263,1.3204526,30,0.5000000,0.5000000,0.0000000,-0.1200425,-0.3040525,0.1851408,includes_zero,True,10000,5
CNRM-ESM2-1,r1i1p1f2,gr,gulf_coast,tasmax_mean,degC,ANN,G6solar - SSP5-8.5,-1.6372643,-1.5096658,1.0127157,0.1848957,-1.6167067,-4.2063832,0.0330889,30,0.0333333,0.9666667,0.0000000,0.3349323,-2.1939772,-1.1743767,below_zero,False,10000,5
CNRM-ESM2-1,r1i1p1f2,gr,gulf_coast,tasmax_mean,degC,ANN,G6sulfur - SSP5-8.5,-1.5618705,-1.4082457,1.0195415,0.1861420,-1.5319342,-3.4706985,-0.0119488,30,0.0000000,1.0000000,0.0000000,0.2609250,-2.0627088,-1.0936009,below_zero,False,10000,5
CNRM-ESM2-1,r1i1p1f2,gr,gulf_coast,tasmax_mean,degC,DJF,G6solar - G6sulfur,-0.0515034,0.2409407,2.0802151,0.3862863,-0.0247587,-3.4498789,3.8017129,29,0.5517241,0.4482759,0.0000000,0.0107332,-0.6943973,0.6272449,includes_zero,True,10000,5
CNRM-ESM2-1,r1i1p1f2,gr,gulf_coast,tasmax_mean,degC,DJF,G6solar - SSP5-8.5,-1.5135493,-2.0040555,2.3219657,0.4311782,-0.6518397,-6.3683100,3.3466233,29,0.2068966,0.7931034,0.0000000,0.2584583,-2.6499059,-0.5846709,below_zero,False,10000,5
CNRM-ESM2-1,r1i1p1f2,gr,gulf_coast,tasmax_mean,degC,DJF,G6sulfur - SSP5-8.5,-1.4620459,-1.3373601,1.9336629,0.3590722,-0.7561018,-4.4810641,2.4273727,29,0.1724138,0.8275862,0.0000000,0.2066718,-2.3992086,-0.6028536,below_zero,False,10000,5
CNRM-ESM2-1,r1i1p1f2,gr,gulf_coast,tasmax_mean,degC,JJA,G6solar - G6sulfur,-0.4329044,-0.3828702,1.1345929,0.2071474,-0.3815504,-2.7259585,1.4698431,30,0.4000000,0.6000000,0.0000000,-0.0048348,-0.7200651,-0.1439503,below_zero,False,10000,5
CNRM-ESM2-1,r1i1p1f2,gr,gulf_coast,tasmax_mean,degC,JJA,G6solar - SSP5-8.5,-1.7834786,-2.0891303,1.4064451,0.2567806,-1.2680755,-4.6445848,0.9600658,30,0.1666667,0.8333333,0.0000000,0.2272849,-2.3567635,-1.2388975,below_zero,False,10000,5
CNRM-ESM2-1,r1i1p1f2,gr,gulf_coast,tasmax_mean,degC,JJA,G6sulfur - SSP5-8.5,-1.3505742,-1.2510090,1.3902662,0.2538267,-0.9714501,-3.6659018,1.3561514,30,0.1666667,0.8333333,0.0000000,0.0696741,-1.8392917,-0.8332856,below_zero,False,10000,5
CNRM-ESM2-1,r1i1p1f2,gr,gulf_coast,tasmax_mean,degC,MAM,G6solar - G6sulfur,0.1387260,0.2163338,1.3787213,0.2517189,0.1006193,-3.1868977,2.3878871,30,0.5333333,0.4666667,0.0000000,-0.2102386,-0.1769799,0.3926265,includes_zero,True,10000,5
CNRM-ESM2-1,r1i1p1f2,gr,gulf_coast,tasmax_mean,degC,MAM,G6solar - SSP5-8.5,-1.7979346,-1.8815732,1.3424006,0.2450877,-1.3393429,-4.3729578,1.3243111,30,0.1000000,0.9000000,0.0000000,0.3785810,-2.4750176,-1.1742538,below_zero,False,10000,5
CNRM-ESM2-1,r1i1p1f2,gr,gulf_coast,tasmax_mean,degC,MAM,G6sulfur - SSP5-8.5,-1.9366606,-1.9227458,1.8066448,0.3298467,-1.0719653,-5.0427191,1.7719464,30,0.1666667,0.8333333,0.0000000,-0.0010319,-2.5821436,-1.3124711,below_zero,False,10000,5
CNRM-ESM2-1,r1i1p1f2,gr,gulf_coast,tasmax_mean,degC,SON,G6solar - G6sulfur,0.0125397,0.5840883,1.7370748,0.3171450,0.0072188,-3.5092297,2.8003272,30,0.5666667,0.4333333,0.0000000,0.1818165,-0.7541008,0.7133726,includes_zero,True,10000,5
CNRM-ESM2-1,r1i1p1f2,gr,gulf_coast,tasmax_mean,degC,SON,G6solar - SSP5-8.5,-1.4569653,-1.7025751,1.4218662,0.2595961,-1.0246853,-3.7039522,1.1737025,30,0.2000000,0.8000000,0.0000000,0.2716823,-2.1235707,-0.8438824,below_zero,False,10000,5
CNRM-ESM2-1,r1i1p1f2,gr,gulf_coast,tasmax_mean,degC,SON,G6sulfur - SSP5-8.5,-1.4695050,-1.1859332,1.5885971,0.2900368,-0.9250331,-5.4768602,1.1695642,30,0.1333333,0.8666667,0.0000000,0.2904751,-2.1669392,-0.8340560,below_zero,False,10000,5
CNRM-ESM2-1,r1i1p1f2,gr,original_box,pr_mean,mm/day,ANN,G6solar - G6sulfur,0.0597953,-0.0127257,0.3750983,0.0684833,0.1594124,-0.6835599,0.7804245,30,0.4666667,0.5333333,0.0000000,0.0168931,-0.0539971,0.1765311,includes_zero,True,10000,5
CNRM-ESM2-1,r1i1p1f2,gr,original_box,pr_mean,mm/day,ANN,G6solar - SSP5-8.5,0.0515959,0.0766518,0.3112216,0.0568210,0.1657850,-0.7114848,0.6917081,30,0.5333333,0.4666667,0.0000000,0.0925896,-0.0231228,0.1239427,includes_zero,True,10000,5
CNRM-ESM2-1,r1i1p1f2,gr,original_box,pr_mean,mm/day,ANN,G6sulfur - SSP5-8.5,-0.0081995,-0.0281759,0.3841521,0.0701363,-0.0213443,-0.7542889,0.8819600,30,0.4666667,0.5333333,0.0000000,-0.0595374,-0.0970305,0.0832802,includes_zero,True,10000,5
CNRM-ESM2-1,r1i1p1f2,gr,original_box,pr_mean,mm/day,DJF,G6solar - G6sulfur,0.0832534,0.1169447,0.7151092,0.1327924,0.1164206,-1.1676004,1.3450817,29,0.5862069,0.4137931,0.0000000,-0.0349202,-0.0799116,0.2398453,includes_zero,True,10000,5
CNRM-ESM2-1,r1i1p1f2,gr,original_box,pr_mean,mm/day,DJF,G6solar - SSP5-8.5,0.1105230,0.0443635,0.9082146,0.1686512,0.1216926,-1.5226698,1.8185067,29,0.5862069,0.4137931,0.0000000,0.0391111,-0.1824975,0.4695057,includes_zero,True,10000,5
CNRM-ESM2-1,r1i1p1f2,gr,original_box,pr_mean,mm/day,DJF,G6sulfur - SSP5-8.5,0.0272696,-0.0531850,0.8013457,0.1488062,0.0340298,-1.2196721,2.4691840,29,0.4827586,0.5172414,0.0000000,-0.1273736,-0.2479582,0.3708212,includes_zero,True,10000,5
CNRM-ESM2-1,r1i1p1f2,gr,original_box,pr_mean,mm/day,JJA,G6solar - G6sulfur,0.2193422,0.2642111,0.4919806,0.0898230,0.4458350,-0.7250233,1.1949652,30,0.6333333,0.3666667,0.0000000,-0.4240826,0.1053222,0.3423705,above_zero,False,10000,5
CNRM-ESM2-1,r1i1p1f2,gr,original_box,pr_mean,mm/day,JJA,G6solar - SSP5-8.5,0.0800224,0.1033645,0.6594584,0.1204001,0.1213457,-1.3301085,1.5279954,30,0.6000000,0.4000000,0.0000000,0.0653199,-0.1574365,0.3061361,includes_zero,True,10000,5
CNRM-ESM2-1,r1i1p1f2,gr,original_box,pr_mean,mm/day,JJA,G6sulfur - SSP5-8.5,-0.1393197,-0.0935273,0.6394175,0.1167411,-0.2178854,-1.1775207,1.5532761,30,0.4333333,0.5666667,0.0000000,-0.1354504,-0.3207054,0.0548445,includes_zero,True,10000,5
CNRM-ESM2-1,r1i1p1f2,gr,original_box,pr_mean,mm/day,MAM,G6solar - G6sulfur,-0.0423397,0.0380044,0.7571718,0.1382400,-0.0559183,-1.6950337,1.5681771,30,0.5333333,0.4666667,0.0000000,-0.0873954,-0.1962631,0.1173901,includes_zero,True,10000,5
CNRM-ESM2-1,r1i1p1f2,gr,original_box,pr_mean,mm/day,MAM,G6solar - SSP5-8.5,0.2379191,0.1977582,0.7351952,0.1342277,0.3236135,-1.6880251,1.4945006,30,0.6666667,0.3333333,0.0000000,0.0952714,-0.0019048,0.4857686,includes_zero,True,10000,5
CNRM-ESM2-1,r1i1p1f2,gr,original_box,pr_mean,mm/day,MAM,G6sulfur - SSP5-8.5,0.2802589,0.2245709,0.9465802,0.1728211,0.2960751,-1.3092313,2.2931260,30,0.5333333,0.4666667,0.0000000,-0.0234777,0.0850765,0.4917662,above_zero,False,10000,5
CNRM-ESM2-1,r1i1p1f2,gr,original_box,pr_mean,mm/day,SON,G6solar - G6sulfur,-0.0220915,0.1772427,0.7996070,0.1459876,-0.0276279,-1.6359961,1.5599345,30,0.5333333,0.4666667,0.0000000,-0.2617688,-0.2659864,0.2045756,includes_zero,True,10000,5
CNRM-ESM2-1,r1i1p1f2,gr,original_box,pr_mean,mm/day,SON,G6solar - SSP5-8.5,-0.2296848,-0.1973501,0.8270802,0.1510035,-0.2777056,-1.7581949,1.2913923,30,0.3000000,0.7000000,0.0000000,0.1970429,-0.5860648,0.1181586,includes_zero,True,10000,5
CNRM-ESM2-1,r1i1p1f2,gr,original_box,pr_mean,mm/day,SON,G6sulfur - SSP5-8.5,-0.2075933,-0.3981395,0.9014488,0.1645813,-0.2302886,-1.6025285,1.4348676,30,0.4000000,0.6000000,0.0000000,-0.1960013,-0.4683191,0.0696542,includes_zero,True,10000,5
CNRM-ESM2-1,r1i1p1f2,gr,original_box,tasmax_mean,degC,ANN,G6solar - G6sulfur,-0.0640376,-0.0297821,0.5581635,0.1019062,-0.1147290,-1.4115575,0.7387793,30,0.4666667,0.5333333,0.0000000,-0.1163314,-0.2360218,0.1162303,includes_zero,True,10000,5
CNRM-ESM2-1,r1i1p1f2,gr,original_box,tasmax_mean,degC,ANN,G6solar - SSP5-8.5,-1.4808897,-1.2986096,0.7698577,0.1405561,-1.9235889,-3.3291033,-0.2111193,30,0.0000000,1.0000000,0.0000000,0.4237580,-1.9183628,-1.0827610,below_zero,False,10000,5
CNRM-ESM2-1,r1i1p1f2,gr,original_box,tasmax_mean,degC,ANN,G6sulfur - SSP5-8.5,-1.4168521,-1.3621039,0.7183828,0.1311582,-1.9722801,-2.8118277,-0.2299110,30,0.0000000,1.0000000,0.0000000,0.2934211,-1.7763028,-1.0870708,below_zero,False,10000,5
CNRM-ESM2-1,r1i1p1f2,gr,original_box,tasmax_mean,degC,DJF,G6solar - G6sulfur,-0.0238074,-0.0631752,1.4603439,0.2711791,-0.0163026,-2.2059869,2.9252812,29,0.4482759,0.5517241,0.0000000,0.0934597,-0.5021026,0.4922148,includes_zero,True,10000,5
CNRM-ESM2-1,r1i1p1f2,gr,original_box,tasmax_mean,degC,DJF,G6solar - SSP5-8.5,-1.2209382,-1.6238680,1.6036233,0.2977854,-0.7613622,-4.6808378,1.9513125,29,0.2068966,0.7931034,0.0000000,0.2220809,-2.0165718,-0.5506850,below_zero,False,10000,5
CNRM-ESM2-1,r1i1p1f2,gr,original_box,tasmax_mean,degC,DJF,G6sulfur - SSP5-8.5,-1.1971308,-1.1180966,1.3521999,0.2510972,-0.8853209,-3.5281367,1.6345809,29,0.1379310,0.8620690,0.0000000,0.2464520,-1.8286442,-0.5740917,below_zero,False,10000,5
CNRM-ESM2-1,r1i1p1f2,gr,original_box,tasmax_mean,degC,JJA,G6solar - G6sulfur,-0.2938709,-0.1775387,0.6676094,0.1218882,-0.4401838,-1.6439204,0.6117653,30,0.4000000,0.6000000,0.0000000,0.0178396,-0.4688281,-0.0979926,below_zero,False,10000,5
CNRM-ESM2-1,r1i1p1f2,gr,original_box,tasmax_mean,degC,JJA,G6solar - SSP5-8.5,-1.7078874,-1.9006864,0.8429781,0.1539060,-2.0260164,-3.4048241,-0.2202310,30,0.0000000,1.0000000,0.0000000,0.2928646,-2.0983251,-1.3366126,below_zero,False,10000,5
CNRM-ESM2-1,r1i1p1f2,gr,original_box,tasmax_mean,degC,JJA,G6sulfur - SSP5-8.5,-1.4140165,-1.4443175,0.8590980,0.1568491,-1.6459316,-2.9154843,0.4433481,30,0.0666667,0.9333333,0.0000000,0.2185646,-1.7639290,-1.0399173,below_zero,False,10000,5
CNRM-ESM2-1,r1i1p1f2,gr,original_box,tasmax_mean,degC,MAM,G6solar - G6sulfur,0.1118593,0.2758991,1.0913492,0.1992522,0.1024964,-2.3693605,2.0014693,30,0.5666667,0.4333333,0.0000000,-0.1064990,-0.1736355,0.3859234,includes_zero,True,10000,5
CNRM-ESM2-1,r1i1p1f2,gr,original_box,tasmax_mean,degC,MAM,G6solar - SSP5-8.5,-1.4961419,-1.6112500,1.1282646,0.2059920,-1.3260559,-3.7732210,0.7426726,30,0.1000000,0.9000000,0.0000000,0.3185612,-2.0507767,-0.9666467,below_zero,False,10000,5
CNRM-ESM2-1,r1i1p1f2,gr,original_box,tasmax_mean,degC,MAM,G6sulfur - SSP5-8.5,-1.6080012,-1.6053676,1.3049348,0.2382474,-1.2322464,-4.5765897,0.7707356,30,0.1666667,0.8333333,0.0000000,-0.0161500,-2.0288343,-1.2148782,below_zero,False,10000,5
CNRM-ESM2-1,r1i1p1f2,gr,original_box,tasmax_mean,degC,SON,G6solar - G6sulfur,-0.0702791,0.1476226,1.1924935,0.2177185,-0.0589346,-2.1395126,1.7820023,30,0.5666667,0.4333333,0.0000000,0.1536585,-0.5890539,0.3984861,includes_zero,True,10000,5
CNRM-ESM2-1,r1i1p1f2,gr,original_box,tasmax_mean,degC,SON,G6solar - SSP5-8.5,-1.4681048,-1.3741941,1.0535854,0.1923575,-1.3934368,-3.7331485,0.0019725,30,0.0333333,0.9666667,0.0000000,0.4943055,-2.0900518,-0.9154834,below_zero,False,10000,5
CNRM-ESM2-1,r1i1p1f2,gr,original_box,tasmax_mean,degC,SON,G6sulfur - SSP5-8.5,-1.3978257,-1.1389481,1.1040757,0.2015757,-1.2660596,-4.0063308,0.5237549,30,0.0333333,0.9666667,0.0000000,0.3457430,-1.9524219,-0.9308928,below_zero,False,10000,5
CNRM-ESM2-1,r1i1p1f2,gr,southeast_land,pr_mean,mm/day,ANN,G6solar - G6sulfur,0.0441308,0.0927631,0.4706704,0.0859323,0.0937615,-1.0610132,1.0894174,30,0.5666667,0.4333333,0.0000000,0.0506379,-0.0400311,0.1337714,includes_zero,True,10000,5
CNRM-ESM2-1,r1i1p1f2,gr,southeast_land,pr_mean,mm/day,ANN,G6solar - SSP5-8.5,-0.0078761,-0.0616510,0.4332095,0.0790929,-0.0181808,-0.9147985,1.0122066,30,0.4666667,0.5333333,0.0000000,-0.0648679,-0.0996693,0.0849973,includes_zero,True,10000,5
CNRM-ESM2-1,r1i1p1f2,gr,southeast_land,pr_mean,mm/day,ANN,G6sulfur - SSP5-8.5,-0.0520069,-0.0231771,0.5022877,0.0917048,-0.1035400,-1.2579977,1.0637452,30,0.5000000,0.5000000,0.0000000,0.0308994,-0.1639966,0.0533666,includes_zero,True,10000,5
CNRM-ESM2-1,r1i1p1f2,gr,southeast_land,pr_mean,mm/day,DJF,G6solar - G6sulfur,0.0327829,-0.0726804,0.9074485,0.1685090,0.0361264,-1.5431842,1.4945347,29,0.4482759,0.5517241,0.0000000,0.0637756,-0.1632199,0.2571021,includes_zero,True,10000,5
CNRM-ESM2-1,r1i1p1f2,gr,southeast_land,pr_mean,mm/day,DJF,G6solar - SSP5-8.5,0.1186949,-0.0014525,0.9500492,0.1764197,0.1249356,-1.4641275,2.3937564,29,0.4827586,0.5172414,0.0000000,-0.0191473,-0.1801171,0.4252444,includes_zero,True,10000,5
CNRM-ESM2-1,r1i1p1f2,gr,southeast_land,pr_mean,mm/day,DJF,G6sulfur - SSP5-8.5,0.0859121,-0.0811653,0.8947016,0.1661419,0.0960231,-1.8644212,2.9487791,29,0.4482759,0.5517241,0.0000000,-0.2399984,-0.2176195,0.3752569,includes_zero,True,10000,5
CNRM-ESM2-1,r1i1p1f2,gr,southeast_land,pr_mean,mm/day,JJA,G6solar - G6sulfur,0.2100905,0.0700061,0.7921183,0.1446204,0.2652262,-1.4788309,1.8080091,30,0.5666667,0.4333333,0.0000000,-0.0371690,-0.0286975,0.4216920,includes_zero,True,10000,5
CNRM-ESM2-1,r1i1p1f2,gr,southeast_land,pr_mean,mm/day,JJA,G6solar - SSP5-8.5,-0.0962086,-0.0697560,0.8995757,0.1642393,-0.1069489,-1.6528718,1.8934689,30,0.4333333,0.5666667,0.0000000,0.0582092,-0.3980718,0.1759136,includes_zero,True,10000,5
CNRM-ESM2-1,r1i1p1f2,gr,southeast_land,pr_mean,mm/day,JJA,G6sulfur - SSP5-8.5,-0.3062991,-0.1883589,0.7845398,0.1432367,-0.3904189,-1.7950052,1.1156122,30,0.3000000,0.7000000,0.0000000,0.1151346,-0.5435446,-0.1085306,below_zero,False,10000,5
CNRM-ESM2-1,r1i1p1f2,gr,southeast_land,pr_mean,mm/day,MAM,G6solar - G6sulfur,-0.0600854,0.0529716,0.8909807,0.1626701,-0.0674374,-2.5114517,1.4994415,30,0.5000000,0.5000000,0.0000000,-0.1357390,-0.2321014,0.1051134,includes_zero,True,10000,5
CNRM-ESM2-1,r1i1p1f2,gr,southeast_land,pr_mean,mm/day,MAM,G6solar - SSP5-8.5,0.0085857,-0.1769234,0.9255615,0.1689836,0.0092763,-2.8072308,1.5653281,30,0.4666667,0.5333333,0.0000000,0.0720868,-0.2783886,0.3271067,includes_zero,True,10000,5
CNRM-ESM2-1,r1i1p1f2,gr,southeast_land,pr_mean,mm/day,MAM,G6sulfur - SSP5-8.5,0.0686712,0.2763378,1.2766945,0.2330915,0.0537882,-2.6102669,2.8865882,30,0.6333333,0.3666667,0.0000000,0.0387998,-0.2459332,0.4025628,includes_zero,True,10000,5
CNRM-ESM2-1,r1i1p1f2,gr,southeast_land,pr_mean,mm/day,SON,G6solar - G6sulfur,-0.0149008,0.1724944,0.8465587,0.1545598,-0.0176016,-2.1154432,1.6253479,30,0.6000000,0.4000000,0.0000000,-0.2103390,-0.2277356,0.1937184,includes_zero,True,10000,5
CNRM-ESM2-1,r1i1p1f2,gr,southeast_land,pr_mean,mm/day,SON,G6solar - SSP5-8.5,-0.0630910,-0.0246924,0.9035593,0.1649666,-0.0698249,-2.1835435,1.8659432,30,0.4666667,0.5333333,0.0000000,-0.1470312,-0.3763410,0.2686728,includes_zero,True,10000,5
CNRM-ESM2-1,r1i1p1f2,gr,southeast_land,pr_mean,mm/day,SON,G6sulfur - SSP5-8.5,-0.0481902,-0.2684958,0.8732115,0.1594259,-0.0551873,-1.5140234,1.5330651,30,0.4333333,0.5666667,0.0000000,-0.0782702,-0.3595964,0.2423990,includes_zero,True,10000,5
CNRM-ESM2-1,r1i1p1f2,gr,southeast_land,tasmax_mean,degC,ANN,G6solar - G6sulfur,-0.0333383,-0.0129844,0.8216684,0.1500154,-0.0405739,-1.8882361,1.1622986,30,0.5000000,0.5000000,0.0000000,-0.0437969,-0.3030981,0.2592143,includes_zero,True,10000,5
CNRM-ESM2-1,r1i1p1f2,gr,southeast_land,tasmax_mean,degC,ANN,G6solar - SSP5-8.5,-1.6408402,-1.5177618,1.0209931,0.1864070,-1.6071022,-3.8760222,-0.0190053,30,0.0000000,1.0000000,0.0000000,0.4006955,-2.2265487,-1.1475307,below_zero,False,10000,5
CNRM-ESM2-1,r1i1p1f2,gr,southeast_land,tasmax_mean,degC,ANN,G6sulfur - SSP5-8.5,-1.6075020,-1.5096285,0.9681696,0.1767628,-1.6603516,-3.5496125,0.1892829,30,0.0333333,0.9666667,0.0000000,0.1604536,-2.0413369,-1.2140247,below_zero,False,10000,5
CNRM-ESM2-1,r1i1p1f2,gr,southeast_land,tasmax_mean,degC,DJF,G6solar - G6sulfur,0.0626431,0.3599098,2.1389617,0.3971952,0.0292867,-3.7620236,4.5105414,29,0.5172414,0.4827586,0.0000000,0.1000571,-0.6677910,0.8219662,includes_zero,True,10000,5
CNRM-ESM2-1,r1i1p1f2,gr,southeast_land,tasmax_mean,degC,DJF,G6solar - SSP5-8.5,-1.4620621,-2.0861809,2.3385087,0.4342502,-0.6252113,-6.5210915,3.3370037,29,0.2413793,0.7586207,0.0000000,0.2275524,-2.6305988,-0.4876736,below_zero,False,10000,5
CNRM-ESM2-1,r1i1p1f2,gr,southeast_land,tasmax_mean,degC,DJF,G6sulfur - SSP5-8.5,-1.5247053,-1.4101119,1.7923706,0.3328349,-0.8506641,-4.7775424,2.3542585,29,0.1379310,0.8620690,0.0000000,0.2051173,-2.3962387,-0.7358379,below_zero,False,10000,5
CNRM-ESM2-1,r1i1p1f2,gr,southeast_land,tasmax_mean,degC,JJA,G6solar - G6sulfur,-0.3784671,-0.1563568,1.1299311,0.2062962,-0.3349471,-2.5886655,1.2141885,30,0.4666667,0.5333333,0.0000000,-0.0024945,-0.6795330,-0.0405999,below_zero,False,10000,5
CNRM-ESM2-1,r1i1p1f2,gr,southeast_land,tasmax_mean,degC,JJA,G6solar - SSP5-8.5,-1.8155200,-2.0916691,1.2989566,0.2371559,-1.3976757,-4.4475412,0.4537507,30,0.1000000,0.9000000,0.0000000,0.2188340,-2.3674586,-1.2806258,below_zero,False,10000,5
CNRM-ESM2-1,r1i1p1f2,gr,southeast_land,tasmax_mean,degC,JJA,G6sulfur - SSP5-8.5,-1.4370529,-1.4259738,1.3091641,0.2390196,-1.0976874,-3.6093331,1.5210095,30,0.1666667,0.8333333,0.0000000,0.1388031,-1.9151506,-0.9087601,below_zero,False,10000,5
CNRM-ESM2-1,r1i1p1f2,gr,southeast_land,tasmax_mean,degC,MAM,G6solar - G6sulfur,0.2096899,0.2906321,1.4205198,0.2593503,0.1476149,-3.0589834,2.8373659,30,0.5333333,0.4666667,0.0000000,-0.1073820,-0.1302602,0.5284602,includes_zero,True,10000,5
CNRM-ESM2-1,r1i1p1f2,gr,southeast_land,tasmax_mean,degC,MAM,G6solar - SSP5-8.5,-1.7208285,-1.5777200,1.3718160,0.2504582,-1.2544164,-4.3029010,1.0356899,30,0.1333333,0.8666667,0.0000000,0.3311515,-2.3924686,-1.0974735,below_zero,False,10000,5
CNRM-ESM2-1,r1i1p1f2,gr,southeast_land,tasmax_mean,degC,MAM,G6sulfur - SSP5-8.5,-1.9305183,-2.0836141,1.7122247,0.3126080,-1.1274912,-5.1959026,0.9459435,30,0.2000000,0.8000000,0.0000000,-0.0697891,-2.4611667,-1.4419854,below_zero,False,10000,5
CNRM-ESM2-1,r1i1p1f2,gr,southeast_land,tasmax_mean,degC,SON,G6solar - G6sulfur,-0.0560097,0.4227365,1.8041240,0.3293865,-0.0310454,-3.7884125,3.2290452,30,0.5666667,0.4333333,0.0000000,0.1825457,-0.8877387,0.6513761,includes_zero,True,10000,5
CNRM-ESM2-1,r1i1p1f2,gr,southeast_land,tasmax_mean,degC,SON,G6solar - SSP5-8.5,-1.5460656,-1.5891288,1.4887091,0.2717999,-1.0385277,-4.4749407,0.6309628,30,0.2000000,0.8000000,0.0000000,0.3787358,-2.3578605,-0.8358479,below_zero,False,10000,5
CNRM-ESM2-1,r1i1p1f2,gr,southeast_land,tasmax_mean,degC,SON,G6sulfur - SSP5-8.5,-1.4900559,-1.1593442,1.5814150,0.2887255,-0.9422296,-5.1732536,1.4872252,30,0.1000000,0.9000000,0.0000000,0.2670472,-2.1816865,-0.8909849,below_zero,False,10000,5
IPSL-CM6A-LR,r1i1p1f1,gr,gulf_coast,pr_mean,mm/day,ANN,G6solar - G6sulfur,-0.0866398,0.0430524,0.5357898,0.0978214,-0.1617048,-1.1600363,0.7781086,30,0.5333333,0.4666667,0.0000000,0.1120683,-0.2944393,0.1068244,includes_zero,True,10000,5
IPSL-CM6A-LR,r1i1p1f1,gr,gulf_coast,pr_mean,mm/day,ANN,G6solar - SSP5-8.5,-0.0050104,0.0305917,0.6328846,0.1155484,-0.0079167,-1.4296221,1.1535611,30,0.5666667,0.4333333,0.0000000,0.3138126,-0.2885622,0.2717369,includes_zero,True,10000,5
IPSL-CM6A-LR,r1i1p1f1,gr,gulf_coast,pr_mean,mm/day,ANN,G6sulfur - SSP5-8.5,0.0816294,0.1787042,0.6402262,0.1168888,0.1275008,-1.1940361,1.0517332,30,0.5666667,0.4333333,0.0000000,0.0043627,-0.1442622,0.3103546,includes_zero,True,10000,5
IPSL-CM6A-LR,r1i1p1f1,gr,gulf_coast,pr_mean,mm/day,DJF,G6solar - G6sulfur,-0.1991911,-0.2841863,1.1083670,0.2058186,-0.1797158,-3.3117711,1.7699728,29,0.4137931,0.5862069,0.0000000,-0.1737229,-0.5527496,0.1637050,includes_zero,True,10000,5
IPSL-CM6A-LR,r1i1p1f1,gr,gulf_coast,pr_mean,mm/day,DJF,G6solar - SSP5-8.5,-0.2190314,-0.1102798,1.2529541,0.2326677,-0.1748120,-2.6803519,2.0550275,29,0.4482759,0.5517241,0.0000000,0.0932818,-0.7159014,0.2262334,includes_zero,True,10000,5
IPSL-CM6A-LR,r1i1p1f1,gr,gulf_coast,pr_mean,mm/day,DJF,G6sulfur - SSP5-8.5,-0.0198403,-0.1359252,1.4955585,0.2777182,-0.0132662,-3.3921756,2.6988807,29,0.4482759,0.5517241,0.0000000,-0.0362414,-0.4962813,0.4329430,includes_zero,True,10000,5
IPSL-CM6A-LR,r1i1p1f1,gr,gulf_coast,pr_mean,mm/day,JJA,G6solar - G6sulfur,0.3766763,0.2892708,0.8357895,0.1525936,0.4506832,-1.5942259,1.9455867,30,0.6333333,0.3666667,0.0000000,-0.0876053,0.1581529,0.6180543,above_zero,False,10000,5
IPSL-CM6A-LR,r1i1p1f1,gr,gulf_coast,pr_mean,mm/day,JJA,G6solar - SSP5-8.5,0.2785959,0.5252915,0.9201085,0.1679881,0.3027859,-1.7878294,1.8514134,30,0.7000000,0.3000000,0.0000000,-0.0010249,0.0580717,0.4883805,above_zero,False,10000,5
IPSL-CM6A-LR,r1i1p1f1,gr,gulf_coast,pr_mean,mm/day,JJA,G6sulfur - SSP5-8.5,-0.0980805,-0.1107779,1.1259881,0.2055764,-0.0871061,-2.3014514,2.2487298,30,0.4333333,0.5666667,0.0000000,-0.0072663,-0.4325958,0.1870947,includes_zero,True,10000,5
IPSL-CM6A-LR,r1i1p1f1,gr,gulf_coast,pr_mean,mm/day,MAM,G6solar - G6sulfur,-0.5058509,-0.6477968,1.2894005,0.2354112,-0.3923148,-2.7057930,1.8350447,30,0.3666667,0.6333333,0.0000000,0.0431581,-0.8930476,-0.1130339,below_zero,False,10000,5
IPSL-CM6A-LR,r1i1p1f1,gr,gulf_coast,pr_mean,mm/day,MAM,G6solar - SSP5-8.5,0.2101176,0.0360658,1.2062480,0.2202297,0.1741911,-1.5426873,4.0116499,30,0.5000000,0.5000000,0.0000000,0.2497612,-0.1772449,0.6575531,includes_zero,True,10000,5
IPSL-CM6A-LR,r1i1p1f1,gr,gulf_coast,pr_mean,mm/day,MAM,G6sulfur - SSP5-8.5,0.7159686,0.6658757,1.2835375,0.2343408,0.5578088,-1.8159851,3.4975821,30,0.7333333,0.2666667,0.0000000,0.0521832,0.3349702,1.1141807,above_zero,False,10000,5
IPSL-CM6A-LR,r1i1p1f1,gr,gulf_coast,pr_mean,mm/day,SON,G6solar - G6sulfur,-0.0572367,0.0538775,0.7675357,0.1401322,-0.0745721,-1.6132194,1.2712272,30,0.5666667,0.4333333,0.0000000,-0.1719502,-0.2810790,0.1630174,includes_zero,True,10000,5
IPSL-CM6A-LR,r1i1p1f1,gr,gulf_coast,pr_mean,mm/day,SON,G6solar - SSP5-8.5,-0.3352833,-0.1548213,0.8856542,0.1616976,-0.3785713,-2.6910086,1.2150865,30,0.3333333,0.6666667,0.0000000,-0.1241043,-0.6272224,-0.0339902,below_zero,False,10000,5
IPSL-CM6A-LR,r1i1p1f1,gr,gulf_coast,pr_mean,mm/day,SON,G6sulfur - SSP5-8.5,-0.2780465,-0.2358517,0.7954561,0.1452297,-0.3495436,-2.1155843,1.2711242,30,0.2666667,0.7333333,0.0000000,0.1186790,-0.5917376,0.0245882,includes_zero,True,10000,5
IPSL-CM6A-LR,r1i1p1f1,gr,gulf_coast,tasmax_mean,degC,ANN,G6solar - G6sulfur,-0.3622132,-0.3427104,0.8500045,0.1551889,-0.4261309,-2.4100977,1.0682552,30,0.3666667,0.6333333,0.0000000,0.0877334,-0.6618164,-0.0079812,below_zero,False,10000,5
IPSL-CM6A-LR,r1i1p1f1,gr,gulf_coast,tasmax_mean,degC,ANN,G6solar - SSP5-8.5,-2.1600043,-2.0097571,0.9356160,0.1708193,-2.3086439,-4.2519670,-0.7645368,30,0.0000000,1.0000000,0.0000000,0.1890722,-2.5789542,-1.7593507,below_zero,False,10000,5
IPSL-CM6A-LR,r1i1p1f1,gr,gulf_coast,tasmax_mean,degC,ANN,G6sulfur - SSP5-8.5,-1.7977912,-1.7523252,1.0256406,0.1872555,-1.7528470,-3.8027267,-0.0430144,30,0.0000000,1.0000000,0.0000000,0.4019791,-2.3574646,-1.2300059,below_zero,False,10000,5
IPSL-CM6A-LR,r1i1p1f1,gr,gulf_coast,tasmax_mean,degC,DJF,G6solar - G6sulfur,-0.4759339,-0.0285432,2.4491307,0.4547922,-0.1943277,-6.5930669,4.2452290,29,0.4827586,0.5172414,0.0000000,-0.1653713,-1.2694166,0.3116193,includes_zero,True,10000,5
IPSL-CM6A-LR,r1i1p1f1,gr,gulf_coast,tasmax_mean,degC,DJF,G6solar - SSP5-8.5,-1.9635427,-1.4166079,2.2976192,0.4266572,-0.8545988,-6.8600377,3.4323384,29,0.1034483,0.8965517,0.0000000,-0.2772083,-2.5819670,-1.3843141,below_zero,False,10000,5
IPSL-CM6A-LR,r1i1p1f1,gr,gulf_coast,tasmax_mean,degC,DJF,G6sulfur - SSP5-8.5,-1.4876088,-1.2675580,2.5335421,0.4704670,-0.5871656,-7.4457071,4.6716527,29,0.2758621,0.7241379,0.0000000,-0.1030684,-2.3084639,-0.8247860,below_zero,False,10000,5
IPSL-CM6A-LR,r1i1p1f1,gr,gulf_coast,tasmax_mean,degC,JJA,G6solar - G6sulfur,-0.3737742,-0.2929976,0.8713278,0.1590820,-0.4289708,-2.0806495,0.9990389,30,0.4333333,0.5666667,0.0000000,0.2171395,-0.7458377,0.0024415,includes_zero,True,10000,5
IPSL-CM6A-LR,r1i1p1f1,gr,gulf_coast,tasmax_mean,degC,JJA,G6solar - SSP5-8.5,-2.3597248,-2.5782678,1.0551793,0.1926485,-2.2363258,-4.8567735,-0.3436174,30,0.0000000,1.0000000,0.0000000,0.1493775,-2.8109510,-1.9282857,below_zero,False,10000,5
IPSL-CM6A-LR,r1i1p1f1,gr,gulf_coast,tasmax_mean,degC,JJA,G6sulfur - SSP5-8.5,-1.9859506,-1.7943984,1.4083244,0.2571237,-1.4101514,-5.6316328,0.6978739,30,0.1000000,0.9000000,0.0000000,0.3060310,-2.7021085,-1.2840707,below_zero,False,10000,5
IPSL-CM6A-LR,r1i1p1f1,gr,gulf_coast,tasmax_mean,degC,MAM,G6solar - G6sulfur,-0.2195970,-0.3158690,1.2172165,0.2222323,-0.1804092,-2.1448478,2.4765063,30,0.3333333,0.6666667,0.0000000,0.3002776,-0.7344432,0.3479884,includes_zero,True,10000,5
IPSL-CM6A-LR,r1i1p1f1,gr,gulf_coast,tasmax_mean,degC,MAM,G6solar - SSP5-8.5,-2.3519409,-2.3337064,1.3541123,0.2472260,-1.7368876,-4.8965959,-0.2801240,30,0.0000000,1.0000000,0.0000000,0.2321375,-2.9539584,-1.8249196,below_zero,False,10000,5
IPSL-CM6A-LR,r1i1p1f1,gr,gulf_coast,tasmax_mean,degC,MAM,G6sulfur - SSP5-8.5,-2.1323438,-1.9509312,1.6094052,0.2938358,-1.3249266,-5.8525158,0.4096571,30,0.0666667,0.9333333,0.0000000,0.4225818,-3.0408879,-1.3045965,below_zero,False,10000,5
IPSL-CM6A-LR,r1i1p1f1,gr,gulf_coast,tasmax_mean,degC,SON,G6solar - G6sulfur,-0.4175226,-0.3364671,1.0382459,0.1895569,-0.4021423,-2.3311238,2.0180609,30,0.4000000,0.6000000,0.0000000,-0.0932807,-0.7732758,-0.0838500,below_zero,False,10000,5
IPSL-CM6A-LR,r1i1p1f1,gr,gulf_coast,tasmax_mean,degC,SON,G6solar - SSP5-8.5,-2.0342834,-1.9327071,1.4904495,0.2721176,-1.3648791,-4.3850708,0.8718931,30,0.0333333,0.9666667,0.0000000,0.2710064,-2.7665915,-1.3448397,below_zero,False,10000,5
IPSL-CM6A-LR,r1i1p1f1,gr,gulf_coast,tasmax_mean,degC,SON,G6sulfur - SSP5-8.5,-1.6167607,-1.4532545,1.3106916,0.2392984,-1.2335173,-4.9386814,1.0343175,30,0.0666667,0.9333333,0.0000000,0.3768696,-2.2453600,-0.9414663,below_zero,False,10000,5
IPSL-CM6A-LR,r1i1p1f1,gr,original_box,pr_mean,mm/day,ANN,G6solar - G6sulfur,0.0354748,0.0867462,0.4078724,0.0744670,0.0869753,-0.8215783,0.7518138,30,0.6000000,0.4000000,0.0000000,0.2528498,-0.1154571,0.1657605,includes_zero,True,10000,5
IPSL-CM6A-LR,r1i1p1f1,gr,original_box,pr_mean,mm/day,ANN,G6solar - SSP5-8.5,-0.0188275,-0.0526927,0.4518790,0.0825014,-0.0416650,-0.8862442,0.8606100,30,0.4000000,0.6000000,0.0000000,0.4311552,-0.2415903,0.1959350,includes_zero,True,10000,5
IPSL-CM6A-LR,r1i1p1f1,gr,original_box,pr_mean,mm/day,ANN,G6sulfur - SSP5-8.5,-0.0543024,-0.0109653,0.4794813,0.0875409,-0.1132523,-0.9667710,0.9132952,30,0.5000000,0.5000000,0.0000000,0.3083595,-0.2576061,0.1426062,includes_zero,True,10000,5
IPSL-CM6A-LR,r1i1p1f1,gr,original_box,pr_mean,mm/day,DJF,G6solar - G6sulfur,-0.0048121,0.1393159,0.9120532,0.1693640,-0.0052761,-1.7729112,1.9865481,29,0.5517241,0.4482759,0.0000000,-0.0625371,-0.2686277,0.2407737,includes_zero,True,10000,5
IPSL-CM6A-LR,r1i1p1f1,gr,original_box,pr_mean,mm/day,DJF,G6solar - SSP5-8.5,-0.1408677,-0.2138103,1.2086666,0.2244437,-0.1165480,-2.1278886,2.2332138,29,0.4137931,0.5862069,0.0000000,0.0303147,-0.5885399,0.2956348,includes_zero,True,10000,5
IPSL-CM6A-LR,r1i1p1f1,gr,original_box,pr_mean,mm/day,DJF,G6sulfur - SSP5-8.5,-0.1360556,-0.3290928,1.2928886,0.2400834,-0.1052338,-2.1841681,2.4463388,29,0.3793103,0.6206897,0.0000000,0.0349263,-0.5863600,0.2952173,includes_zero,True,10000,5
IPSL-CM6A-LR,r1i1p1f1,gr,original_box,pr_mean,mm/day,JJA,G6solar - G6sulfur,0.2555874,0.2528793,0.4229246,0.0772151,0.6043334,-0.4482326,1.0076930,30,0.7333333,0.2666667,0.0000000,-0.1368495,0.1608564,0.3637942,above_zero,False,10000,5
IPSL-CM6A-LR,r1i1p1f1,gr,original_box,pr_mean,mm/day,JJA,G6solar - SSP5-8.5,0.2332561,0.2689734,0.4429230,0.0808663,0.5266291,-0.6535773,1.0094474,30,0.8000000,0.2000000,0.0000000,-0.0865144,0.1186437,0.3377820,above_zero,False,10000,5
IPSL-CM6A-LR,r1i1p1f1,gr,original_box,pr_mean,mm/day,JJA,G6sulfur - SSP5-8.5,-0.0223313,-0.0143907,0.6402493,0.1168930,-0.0348791,-1.2025555,1.3782536,30,0.5000000,0.5000000,0.0000000,-0.1282266,-0.1975221,0.1282405,includes_zero,True,10000,5
IPSL-CM6A-LR,r1i1p1f1,gr,original_box,pr_mean,mm/day,MAM,G6solar - G6sulfur,-0.1599950,-0.2875178,0.8268529,0.1509620,-0.1934987,-1.5029141,1.5925942,30,0.3333333,0.6666667,0.0000000,0.1049394,-0.4398408,0.0821272,includes_zero,True,10000,5
IPSL-CM6A-LR,r1i1p1f1,gr,original_box,pr_mean,mm/day,MAM,G6solar - SSP5-8.5,0.1039009,-0.0207697,0.8628629,0.1575365,0.1204141,-1.6043673,2.7996998,30,0.5000000,0.5000000,0.0000000,0.3087964,-0.2371199,0.4660511,includes_zero,True,10000,5
IPSL-CM6A-LR,r1i1p1f1,gr,original_box,pr_mean,mm/day,MAM,G6sulfur - SSP5-8.5,0.2638958,0.0989222,0.9829832,0.1794674,0.2684642,-1.7597839,2.5813842,30,0.6333333,0.3666667,0.0000000,0.1192028,-0.0166445,0.5777797,includes_zero,True,10000,5
IPSL-CM6A-LR,r1i1p1f1,gr,original_box,pr_mean,mm/day,SON,G6solar - G6sulfur,0.0420595,0.1357994,0.5793044,0.1057660,0.0726035,-0.9569736,0.9652743,30,0.5666667,0.4333333,0.0000000,-0.1679822,-0.1144305,0.1820301,includes_zero,True,10000,5
IPSL-CM6A-LR,r1i1p1f1,gr,original_box,pr_mean,mm/day,SON,G6solar - SSP5-8.5,-0.2894144,-0.1339392,0.5265899,0.0961417,-0.5496011,-1.6271581,0.7503890,30,0.2333333,0.7666667,0.0000000,-0.1561407,-0.4753454,-0.0978220,below_zero,False,10000,5
IPSL-CM6A-LR,r1i1p1f1,gr,original_box,pr_mean,mm/day,SON,G6sulfur - SSP5-8.5,-0.3314739,-0.4451432,0.4663487,0.0851432,-0.7107855,-1.0052992,0.5867521,30,0.2333333,0.7666667,0.0000000,0.1267385,-0.5122886,-0.1667290,below_zero,False,10000,5
IPSL-CM6A-LR,r1i1p1f1,gr,original_box,tasmax_mean,degC,ANN,G6solar - G6sulfur,-0.4047026,-0.3880882,0.6484980,0.1183990,-0.6240615,-2.0654267,0.8286398,30,0.3333333,0.6666667,0.0000000,0.0258427,-0.6119814,-0.1732549,below_zero,False,10000,5
IPSL-CM6A-LR,r1i1p1f1,gr,original_box,tasmax_mean,degC,ANN,G6solar - SSP5-8.5,-2.1256878,-2.0265216,0.7087827,0.1294054,-2.9990685,-3.6469198,-1.0722955,30,0.0000000,1.0000000,0.0000000,0.3245207,-2.4748880,-1.7855114,below_zero,False,10000,5
IPSL-CM6A-LR,r1i1p1f1,gr,original_box,tasmax_mean,degC,ANN,G6sulfur - SSP5-8.5,-1.7209851,-1.6402427,0.8492946,0.1550593,-2.0263701,-3.6845946,-0.1535054,30,0.0000000,1.0000000,0.0000000,0.4986726,-2.2033783,-1.2234019,below_zero,False,10000,5
IPSL-CM6A-LR,r1i1p1f1,gr,original_box,tasmax_mean,degC,DJF,G6solar - G6sulfur,-0.5390476,-0.2505538,1.7416255,0.3234117,-0.3095083,-4.7367814,2.4423721,29,0.4137931,0.5862069,0.0000000,-0.1814499,-1.1252440,0.0601022,includes_zero,True,10000,5
IPSL-CM6A-LR,r1i1p1f1,gr,original_box,tasmax_mean,degC,DJF,G6solar - SSP5-8.5,-1.9515742,-1.5671816,1.6719569,0.3104746,-1.1672395,-5.6170566,2.0814359,29,0.0344828,0.9655172,0.0000000,-0.3656986,-2.3547704,-1.5707654,below_zero,False,10000,5
IPSL-CM6A-LR,r1i1p1f1,gr,original_box,tasmax_mean,degC,DJF,G6sulfur - SSP5-8.5,-1.4125266,-1.5435034,1.8892506,0.3508250,-0.7476650,-5.9259777,3.3389268,29,0.1724138,0.8275862,0.0000000,-0.0690383,-2.0946379,-0.8426448,below_zero,False,10000,5
IPSL-CM6A-LR,r1i1p1f1,gr,original_box,tasmax_mean,degC,JJA,G6solar - G6sulfur,-0.3485888,-0.3988166,0.5705109,0.1041606,-0.6110117,-1.4136167,0.6705750,30,0.2666667,0.7333333,0.0000000,0.2132398,-0.5994890,-0.0875324,below_zero,False,10000,5
IPSL-CM6A-LR,r1i1p1f1,gr,original_box,tasmax_mean,degC,JJA,G6solar - SSP5-8.5,-2.2657806,-2.2431446,0.7239121,0.1321677,-3.1299110,-3.9472550,-0.7043139,30,0.0000000,1.0000000,0.0000000,0.3083872,-2.6114724,-1.9217081,below_zero,False,10000,5
IPSL-CM6A-LR,r1i1p1f1,gr,original_box,tasmax_mean,degC,JJA,G6sulfur - SSP5-8.5,-1.9171918,-1.9544473,1.0087133,0.1841650,-1.9006310,-4.5358581,0.0607843,30,0.0333333,0.9666667,0.0000000,0.4062190,-2.4734032,-1.3896496,below_zero,False,10000,5
IPSL-CM6A-LR,r1i1p1f1,gr,original_box,tasmax_mean,degC,MAM,G6solar - G6sulfur,-0.4019685,-0.4413078,1.0296015,0.1879787,-0.3904117,-2.6847918,1.9828824,30,0.3666667,0.6333333,0.0000000,0.3126793,-0.8224941,0.0519290,includes_zero,True,10000,5
IPSL-CM6A-LR,r1i1p1f1,gr,original_box,tasmax_mean,degC,MAM,G6solar - SSP5-8.5,-2.2599317,-2.2347739,1.1590833,0.2116187,-1.9497578,-4.2848982,-0.4756954,30,0.0000000,1.0000000,0.0000000,0.1734339,-2.7546030,-1.8183678,below_zero,False,10000,5
IPSL-CM6A-LR,r1i1p1f1,gr,original_box,tasmax_mean,degC,MAM,G6sulfur - SSP5-8.5,-1.8579632,-1.7342035,1.3648970,0.2491950,-1.3612480,-4.7100595,0.3300132,30,0.0666667,0.9333333,0.0000000,0.3848775,-2.6303376,-1.1803713,below_zero,False,10000,5
IPSL-CM6A-LR,r1i1p1f1,gr,original_box,tasmax_mean,degC,SON,G6solar - G6sulfur,-0.3674505,-0.2916579,0.7301057,0.1332985,-0.5032839,-1.4680314,1.4327465,30,0.3000000,0.7000000,0.0000000,-0.1448616,-0.5892051,-0.1485801,below_zero,False,10000,5
IPSL-CM6A-LR,r1i1p1f1,gr,original_box,tasmax_mean,degC,SON,G6solar - SSP5-8.5,-2.0864338,-2.0101344,1.1415998,0.2084267,-1.8276403,-3.8765211,0.2107612,30,0.0333333,0.9666667,0.0000000,0.3189160,-2.6598450,-1.5059350,below_zero,False,10000,5
IPSL-CM6A-LR,r1i1p1f1,gr,original_box,tasmax_mean,degC,SON,G6sulfur - SSP5-8.5,-1.7189833,-1.6885067,1.0121304,0.1847889,-1.6983813,-4.3202325,0.4930452,30,0.0333333,0.9666667,0.0000000,0.4763497,-2.2294811,-1.1815081,below_zero,False,10000,5
IPSL-CM6A-LR,r1i1p1f1,gr,southeast_land,pr_mean,mm/day,ANN,G6solar - G6sulfur,-0.0310077,0.0722801,0.4999399,0.0912761,-0.0620229,-1.0915596,0.7607774,30,0.6000000,0.4000000,0.0000000,0.0793165,-0.2185558,0.1503506,includes_zero,True,10000,5
IPSL-CM6A-LR,r1i1p1f1,gr,southeast_land,pr_mean,mm/day,ANN,G6solar - SSP5-8.5,-0.1502245,-0.1825417,0.5185672,0.0946770,-0.2896915,-1.2543770,0.9159157,30,0.3666667,0.6333333,0.0000000,0.3083417,-0.3816230,0.0743244,includes_zero,True,10000,5
IPSL-CM6A-LR,r1i1p1f1,gr,southeast_land,pr_mean,mm/day,ANN,G6sulfur - SSP5-8.5,-0.1192168,-0.1197175,0.5377684,0.0981826,-0.2216880,-1.3745612,0.9089818,30,0.4000000,0.6000000,0.0000000,0.0421163,-0.3077465,0.0696722,includes_zero,True,10000,5
IPSL-CM6A-LR,r1i1p1f1,gr,southeast_land,pr_mean,mm/day,DJF,G6solar - G6sulfur,-0.2111585,-0.0463833,1.0795954,0.2004758,-0.1955904,-2.9591180,1.8708435,29,0.4827586,0.5172414,0.0000000,-0.2325580,-0.5108013,0.0706869,includes_zero,True,10000,5
IPSL-CM6A-LR,r1i1p1f1,gr,southeast_land,pr_mean,mm/day,DJF,G6solar - SSP5-8.5,-0.4355146,-0.2153435,1.2811714,0.2379076,-0.3399347,-2.9254136,2.3345013,29,0.3103448,0.6896552,0.0000000,-0.0306940,-0.9053368,0.0097506,includes_zero,True,10000,5
IPSL-CM6A-LR,r1i1p1f1,gr,southeast_land,pr_mean,mm/day,DJF,G6sulfur - SSP5-8.5,-0.2243561,-0.4338349,1.5659805,0.2907953,-0.1432688,-3.3586504,3.4894494,29,0.4482759,0.5517241,0.0000000,-0.1342619,-0.7268645,0.2134350,includes_zero,True,10000,5
IPSL-CM6A-LR,r1i1p1f1,gr,southeast_land,pr_mean,mm/day,JJA,G6solar - G6sulfur,0.3549505,0.3833437,0.5532010,0.1010002,0.6416303,-1.2404516,1.7156636,30,0.8666667,0.1333333,0.0000000,0.0415013,0.1760422,0.5177920,above_zero,False,10000,5
IPSL-CM6A-LR,r1i1p1f1,gr,southeast_land,pr_mean,mm/day,JJA,G6solar - SSP5-8.5,0.1261101,0.2502679,0.6776151,0.1237150,0.1861088,-1.2172553,1.4273246,30,0.6333333,0.3666667,0.0000000,-0.0324061,-0.0300303,0.2847874,includes_zero,True,10000,5
IPSL-CM6A-LR,r1i1p1f1,gr,southeast_land,pr_mean,mm/day,JJA,G6sulfur - SSP5-8.5,-0.2288403,-0.3474705,0.8026367,0.1465407,-0.2851107,-1.5771546,1.4339931,30,0.2666667,0.7333333,0.0000000,-0.0737934,-0.4381100,-0.0327059,below_zero,False,10000,5
IPSL-CM6A-LR,r1i1p1f1,gr,southeast_land,pr_mean,mm/day,MAM,G6solar - G6sulfur,-0.1731326,-0.1849184,1.0603819,0.1935984,-0.1632738,-1.8801246,2.4675053,30,0.4333333,0.5666667,0.0000000,0.1007147,-0.5077881,0.1636379,includes_zero,True,10000,5
IPSL-CM6A-LR,r1i1p1f1,gr,southeast_land,pr_mean,mm/day,MAM,G6solar - SSP5-8.5,0.0411919,-0.1139704,0.9587158,0.1750368,0.0429657,-1.7866473,3.3331198,30,0.3333333,0.6666667,0.0000000,0.1951350,-0.2489558,0.3705930,includes_zero,True,10000,5
IPSL-CM6A-LR,r1i1p1f1,gr,southeast_land,pr_mean,mm/day,MAM,G6sulfur - SSP5-8.5,0.2143245,0.1324533,1.2175228,0.2222882,0.1760333,-2.3325771,3.2293393,30,0.5000000,0.5000000,0.0000000,0.0438950,-0.1083397,0.5420185,includes_zero,True,10000,5
IPSL-CM6A-LR,r1i1p1f1,gr,southeast_land,pr_mean,mm/day,SON,G6solar - G6sulfur,-0.1323017,0.0743338,0.7502040,0.1369679,-0.1763543,-1.8317868,1.0241162,30,0.5333333,0.4666667,0.0000000,-0.1980838,-0.3728633,0.1041600,includes_zero,True,10000,5
IPSL-CM6A-LR,r1i1p1f1,gr,southeast_land,pr_mean,mm/day,SON,G6solar - SSP5-8.5,-0.3850298,-0.2930516,0.8738940,0.1595505,-0.4405909,-2.7533722,1.2619968,30,0.3000000,0.7000000,0.0000000,-0.3134610,-0.6066220,-0.1567017,below_zero,False,10000,5
IPSL-CM6A-LR,r1i1p1f1,gr,southeast_land,pr_mean,mm/day,SON,G6sulfur - SSP5-8.5,-0.2527280,-0.3060163,0.6765101,0.1235133,-0.3735761,-1.7216164,0.9171448,30,0.3333333,0.6666667,0.0000000,0.0338289,-0.5176529,-0.0106540,below_zero,False,10000,5
IPSL-CM6A-LR,r1i1p1f1,gr,southeast_land,tasmax_mean,degC,ANN,G6solar - G6sulfur,-0.4252090,-0.3738459,0.9351975,0.1707429,-0.4546730,-2.9100814,1.1154287,30,0.3666667,0.6333333,0.0000000,-0.0256819,-0.6940153,-0.1227065,below_zero,False,10000,5
IPSL-CM6A-LR,r1i1p1f1,gr,southeast_land,tasmax_mean,degC,ANN,G6solar - SSP5-8.5,-2.2903487,-2.0901786,0.9356782,0.1708307,-2.4477954,-4.2368387,-0.9409196,30,0.0000000,1.0000000,0.0000000,0.2279880,-2.7097925,-1.8654935,below_zero,False,10000,5
IPSL-CM6A-LR,r1i1p1f1,gr,southeast_land,tasmax_mean,degC,ANN,G6sulfur - SSP5-8.5,-1.8651397,-1.6892565,1.0981563,0.2004950,-1.6984282,-4.2771226,0.0252085,30,0.0333333,0.9666667,0.0000000,0.3500671,-2.4245387,-1.2955263,below_zero,False,10000,5
IPSL-CM6A-LR,r1i1p1f1,gr,southeast_land,tasmax_mean,degC,DJF,G6solar - G6sulfur,-0.5386208,-0.1809288,2.5561717,0.4746692,-0.2107139,-6.8293254,3.4362051,29,0.3793103,0.6206897,0.0000000,-0.1660970,-1.3356269,0.2838057,includes_zero,True,10000,5
IPSL-CM6A-LR,r1i1p1f1,gr,southeast_land,tasmax_mean,degC,DJF,G6solar - SSP5-8.5,-2.1345592,-1.3526061,2.3052330,0.4280710,-0.9259625,-6.8345583,3.5402063,29,0.1379310,0.8620690,0.0000000,-0.3137874,-2.7218833,-1.5782266,below_zero,False,10000,5
IPSL-CM6A-LR,r1i1p1f1,gr,southeast_land,tasmax_mean,degC,DJF,G6sulfur - SSP5-8.5,-1.5959384,-1.9107126,2.6191545,0.4863648,-0.6093334,-7.5357798,5.1105989,29,0.1724138,0.8275862,0.0000000,-0.0412831,-2.5071525,-0.8950294,below_zero,False,10000,5
IPSL-CM6A-LR,r1i1p1f1,gr,southeast_land,tasmax_mean,degC,JJA,G6solar - G6sulfur,-0.4335356,-0.4429906,0.8239273,0.1504279,-0.5261819,-2.0311959,1.1967466,30,0.2666667,0.7333333,0.0000000,0.1335917,-0.7725314,-0.0942797,below_zero,False,10000,5
IPSL-CM6A-LR,r1i1p1f1,gr,southeast_land,tasmax_mean,degC,JJA,G6solar - SSP5-8.5,-2.4778231,-2.4147698,1.0448246,0.1907580,-2.3715205,-4.8519268,-0.4065880,30,0.0000000,1.0000000,0.0000000,0.1942278,-2.9362005,-2.0446432,below_zero,False,10000,5
IPSL-CM6A-LR,r1i1p1f1,gr,southeast_land,tasmax_mean,degC,JJA,G6sulfur - SSP5-8.5,-2.0442874,-1.9301187,1.3936603,0.2544464,-1.4668477,-5.4491297,0.8426448,30,0.1000000,0.9000000,0.0000000,0.2626485,-2.7676405,-1.3741642,below_zero,False,10000,5
IPSL-CM6A-LR,r1i1p1f1,gr,southeast_land,tasmax_mean,degC,MAM,G6solar - G6sulfur,-0.3744436,-0.4493888,1.3585742,0.2480406,-0.2756151,-3.1459477,2.3943495,30,0.4666667,0.5333333,0.0000000,0.2975528,-0.9214122,0.2037382,includes_zero,True,10000,5
IPSL-CM6A-LR,r1i1p1f1,gr,southeast_land,tasmax_mean,degC,MAM,G6solar - SSP5-8.5,-2.5037919,-2.4875994,1.5139878,0.2764151,-1.6537729,-4.6167056,0.0040589,30,0.0333333,0.9666667,0.0000000,0.1420867,-3.1070020,-1.9470644,below_zero,False,10000,5
IPSL-CM6A-LR,r1i1p1f1,gr,southeast_land,tasmax_mean,degC,MAM,G6sulfur - SSP5-8.5,-2.1293484,-1.8037199,1.8241894,0.3330499,-1.1672847,-5.7176046,0.9621096,30,0.0666667,0.9333333,0.0000000,0.3164627,-3.1019604,-1.2782983,below_zero,False,10000,5
IPSL-CM6A-LR,r1i1p1f1,gr,southeast_land,tasmax_mean,degC,SON,G6solar - G6sulfur,-0.3924264,-0.3410845,1.1133608,0.2032709,-0.3524701,-2.1868444,2.5235320,30,0.4333333,0.5666667,0.0000000,-0.1370576,-0.7308299,-0.0315446,below_zero,False,10000,5
IPSL-CM6A-LR,r1i1p1f1,gr,southeast_land,tasmax_mean,degC,SON,G6solar - SSP5-8.5,-2.1270421,-2.2184200,1.5461175,0.2822811,-1.3757312,-4.5950329,1.2921430,30,0.1000000,0.9000000,0.0000000,0.2467655,-2.8700409,-1.3682568,below_zero,False,10000,5
IPSL-CM6A-LR,r1i1p1f1,gr,southeast_land,tasmax_mean,degC,SON,G6sulfur - SSP5-8.5,-1.7346157,-1.6990275,1.3004837,0.2374348,-1.3338234,-5.2808885,0.9820327,30,0.0666667,0.9333333,0.0000000,0.3634590,-2.3532824,-1.0689205,below_zero,False,10000,5
MPI-ESM1-2-LR,r2i1p1f1,gn,gulf_coast,pr_mean,mm/day,ANN,G6solar - G6sulfur,0.0786008,0.0765657,0.4846853,0.0884910,0.1621688,-0.9812660,1.1636891,30,0.6000000,0.4000000,0.0000000,0.1403702,-0.1293051,0.2579644,includes_zero,True,10000,5
MPI-ESM1-2-LR,r2i1p1f1,gn,gulf_coast,pr_mean,mm/day,ANN,G6solar - SSP5-8.5,0.0205029,-0.0658306,0.6629137,0.1210309,0.0309285,-1.1256496,1.1944579,30,0.5000000,0.5000000,0.0000000,0.0721458,-0.2028661,0.2498063,includes_zero,True,10000,5
MPI-ESM1-2-LR,r2i1p1f1,gn,gulf_coast,pr_mean,mm/day,ANN,G6sulfur - SSP5-8.5,-0.0580979,-0.0197350,0.5422717,0.0990048,-0.1071381,-1.0465438,1.2688744,30,0.4333333,0.5666667,0.0000000,-0.0165101,-0.1922316,0.0771209,includes_zero,True,10000,5
MPI-ESM1-2-LR,r2i1p1f1,gn,gulf_coast,pr_mean,mm/day,DJF,G6solar - G6sulfur,0.3067811,0.3082309,1.1898059,0.2209414,0.2578413,-3.0971879,2.1801490,29,0.6551724,0.3448276,0.0000000,0.3302361,-0.2785110,0.8783478,includes_zero,True,10000,5
MPI-ESM1-2-LR,r2i1p1f1,gn,gulf_coast,pr_mean,mm/day,DJF,G6solar - SSP5-8.5,0.0452797,0.2681690,1.3253431,0.2461100,0.0341645,-2.2752045,2.2992902,29,0.6206897,0.3793103,0.0000000,0.3187608,-0.4665387,0.6265717,includes_zero,True,10000,5
MPI-ESM1-2-LR,r2i1p1f1,gn,gulf_coast,pr_mean,mm/day,DJF,G6sulfur - SSP5-8.5,-0.2615013,-0.2158823,0.8140975,0.1511741,-0.3212162,-2.4889959,1.1093685,29,0.3793103,0.6206897,0.0000000,0.0572610,-0.4809992,-0.0177505,below_zero,False,10000,5
MPI-ESM1-2-LR,r2i1p1f1,gn,gulf_coast,pr_mean,mm/day,JJA,G6solar - G6sulfur,-0.1854339,-0.2761755,0.8303179,0.1515946,-0.2233287,-1.5586227,1.9034046,30,0.3333333,0.6666667,0.0000000,-0.0246202,-0.4517657,0.0500746,includes_zero,True,10000,5
MPI-ESM1-2-LR,r2i1p1f1,gn,gulf_coast,pr_mean,mm/day,JJA,G6solar - SSP5-8.5,0.0784068,-0.2350893,0.9255214,0.1689763,0.0847164,-1.5940297,2.0450011,30,0.4666667,0.5333333,0.0000000,0.1392759,-0.1880592,0.3660824,includes_zero,True,10000,5
MPI-ESM1-2-LR,r2i1p1f1,gn,gulf_coast,pr_mean,mm/day,JJA,G6sulfur - SSP5-8.5,0.2638407,0.4928820,0.7987684,0.1458345,0.3303093,-1.4466586,1.7012325,30,0.6666667,0.3333333,0.0000000,0.0411008,-0.0013935,0.5102357,includes_zero,True,10000,5
MPI-ESM1-2-LR,r2i1p1f1,gn,gulf_coast,pr_mean,mm/day,MAM,G6solar - G6sulfur,0.0661344,0.1981836,0.9003588,0.1643823,0.0734534,-1.6380847,1.9359164,30,0.5666667,0.4333333,0.0000000,-0.0000418,-0.2184297,0.3210656,includes_zero,True,10000,5
MPI-ESM1-2-LR,r2i1p1f1,gn,gulf_coast,pr_mean,mm/day,MAM,G6solar - SSP5-8.5,0.1691027,0.2610523,0.9618437,0.1756078,0.1758110,-2.6432435,2.3855362,30,0.5666667,0.4333333,0.0000000,-0.2333951,-0.0983942,0.4171965,includes_zero,True,10000,5
MPI-ESM1-2-LR,r2i1p1f1,gn,gulf_coast,pr_mean,mm/day,MAM,G6sulfur - SSP5-8.5,0.1029683,-0.0161428,0.8997170,0.1642651,0.1144452,-2.2091792,2.2011783,30,0.4666667,0.5333333,0.0000000,-0.2752857,-0.0897103,0.2887478,includes_zero,True,10000,5
MPI-ESM1-2-LR,r2i1p1f1,gn,gulf_coast,pr_mean,mm/day,SON,G6solar - G6sulfur,0.1181146,0.1536581,0.5582554,0.1019230,0.2115781,-1.3739946,1.6350464,30,0.6000000,0.4000000,0.0000000,0.0588737,-0.0664761,0.3000695,includes_zero,True,10000,5
MPI-ESM1-2-LR,r2i1p1f1,gn,gulf_coast,pr_mean,mm/day,SON,G6solar - SSP5-8.5,-0.2534641,-0.1517756,0.5867614,0.1071275,-0.4319714,-1.4561395,0.7195856,30,0.4000000,0.6000000,0.0000000,-0.2092204,-0.4136271,-0.1101341,below_zero,False,10000,5
MPI-ESM1-2-LR,r2i1p1f1,gn,gulf_coast,pr_mean,mm/day,SON,G6sulfur - SSP5-8.5,-0.3715788,-0.3573752,0.7212243,0.1316769,-0.5152056,-1.7641799,1.2077327,30,0.2666667,0.7333333,0.0000000,-0.2991407,-0.5495131,-0.2191181,below_zero,False,10000,5
MPI-ESM1-2-LR,r2i1p1f1,gn,gulf_coast,tasmax_mean,degC,ANN,G6solar - G6sulfur,-1.0313586,-1.1189510,1.0039859,0.1833019,-1.0272641,-2.6305669,1.8779658,30,0.2000000,0.8000000,0.0000000,0.4597118,-1.5669199,-0.4605370,below_zero,False,10000,5
MPI-ESM1-2-LR,r2i1p1f1,gn,gulf_coast,tasmax_mean,degC,ANN,G6solar - SSP5-8.5,-1.8537317,-2.1010656,1.3211514,0.2412081,-1.4031183,-4.3207889,0.6757093,30,0.1000000,0.9000000,0.0000000,0.2906554,-2.4447864,-1.2843690,below_zero,False,10000,5
MPI-ESM1-2-LR,r2i1p1f1,gn,gulf_coast,tasmax_mean,degC,ANN,G6sulfur - SSP5-8.5,-0.8223731,-0.8815485,1.0662814,0.1946755,-0.7712534,-3.0192919,0.7549182,30,0.2333333,0.7666667,0.0000000,0.3852164,-1.2900532,-0.3972894,below_zero,False,10000,5
MPI-ESM1-2-LR,r2i1p1f1,gn,gulf_coast,tasmax_mean,degC,DJF,G6solar - G6sulfur,-2.0520695,-1.7774376,2.5399209,0.4716515,-0.8079266,-6.6230702,4.5772715,29,0.1724138,0.8275862,0.0000000,0.1863466,-3.3134334,-0.6474175,below_zero,False,10000,5
MPI-ESM1-2-LR,r2i1p1f1,gn,gulf_coast,tasmax_mean,degC,DJF,G6solar - SSP5-8.5,-1.1835551,-1.0354765,2.4390478,0.4529198,-0.4852529,-5.5489437,4.2996097,29,0.2758621,0.7241379,0.0000000,0.1294982,-2.1303618,-0.2180862,below_zero,False,10000,5
MPI-ESM1-2-LR,r2i1p1f1,gn,gulf_coast,tasmax_mean,degC,DJF,G6sulfur - SSP5-8.5,0.8685144,0.2564534,2.4626157,0.4572963,0.3526796,-2.4146358,6.7519577,29,0.5517241,0.4482759,0.0000000,0.1122843,-0.0939423,1.8011521,includes_zero,True,10000,5
MPI-ESM1-2-LR,r2i1p1f1,gn,gulf_coast,tasmax_mean,degC,JJA,G6solar - G6sulfur,-0.4833709,-0.4583700,0.9657954,0.1763293,-0.5004900,-1.9508705,1.6236277,30,0.2666667,0.7333333,0.0000000,0.0445723,-0.8667842,-0.1261538,below_zero,False,10000,5
MPI-ESM1-2-LR,r2i1p1f1,gn,gulf_coast,tasmax_mean,degC,JJA,G6solar - SSP5-8.5,-2.1520689,-1.8323010,1.3088451,0.2389613,-1.6442502,-4.7414825,-0.0769039,30,0.0000000,1.0000000,0.0000000,0.2728337,-2.7515704,-1.5697833,below_zero,False,10000,5
MPI-ESM1-2-LR,r2i1p1f1,gn,gulf_coast,tasmax_mean,degC,JJA,G6sulfur - SSP5-8.5,-1.6686980,-1.7701553,1.2692264,0.2317280,-1.3147363,-4.3049609,0.8926747,30,0.1000000,0.9000000,0.0000000,0.2680817,-2.2551214,-1.0989312,below_zero,False,10000,5
MPI-ESM1-2-LR,r2i1p1f1,gn,gulf_coast,tasmax_mean,degC,MAM,G6solar - G6sulfur,-1.0152947,-1.1584114,1.6964561,0.3097291,-0.5984798,-4.7898716,2.8475061,30,0.2666667,0.7333333,0.0000000,0.2326222,-1.7734263,-0.2398191,below_zero,False,10000,5
MPI-ESM1-2-LR,r2i1p1f1,gn,gulf_coast,tasmax_mean,degC,MAM,G6solar - SSP5-8.5,-2.1617236,-2.7974464,1.6755600,0.3059140,-1.2901500,-5.2277627,0.8126820,30,0.1333333,0.8666667,0.0000000,0.2131430,-2.7852194,-1.5267102,below_zero,False,10000,5
MPI-ESM1-2-LR,r2i1p1f1,gn,gulf_coast,tasmax_mean,degC,MAM,G6sulfur - SSP5-8.5,-1.1464289,-1.3736859,1.7817207,0.3252962,-0.6434392,-3.8618752,2.4258471,30,0.3000000,0.7000000,0.0000000,0.1165829,-1.8029188,-0.5279879,below_zero,False,10000,5
MPI-ESM1-2-LR,r2i1p1f1,gn,gulf_coast,tasmax_mean,degC,SON,G6solar - G6sulfur,-0.5665465,-0.5559017,1.1521709,0.2103567,-0.4917209,-2.6923609,1.4880846,30,0.2000000,0.8000000,0.0000000,-0.1492924,-0.8348056,-0.3089517,below_zero,False,10000,5
MPI-ESM1-2-LR,r2i1p1f1,gn,gulf_coast,tasmax_mean,degC,SON,G6solar - SSP5-8.5,-1.7814708,-1.8126475,1.3829270,0.2524868,-1.2881887,-5.1497435,1.0528267,30,0.1000000,0.9000000,0.0000000,-0.1472390,-2.1401267,-1.4228025,below_zero,False,10000,5
MPI-ESM1-2-LR,r2i1p1f1,gn,gulf_coast,tasmax_mean,degC,SON,G6sulfur - SSP5-8.5,-1.2149243,-1.1243576,1.2439490,0.2271130,-0.9766673,-4.2072296,1.4338628,30,0.1000000,0.9000000,0.0000000,-0.0048142,-1.5592066,-0.8609481,below_zero,False,10000,5
MPI-ESM1-2-LR,r2i1p1f1,gn,original_box,pr_mean,mm/day,ANN,G6solar - G6sulfur,0.0910382,0.0696112,0.3751371,0.0684904,0.2426799,-0.7605099,0.8752226,30,0.6333333,0.3666667,0.0000000,0.0992012,-0.0528331,0.2185913,includes_zero,True,10000,5
MPI-ESM1-2-LR,r2i1p1f1,gn,original_box,pr_mean,mm/day,ANN,G6solar - SSP5-8.5,-0.0058565,-0.0554052,0.4758627,0.0868802,-0.0123071,-0.7703082,0.7385049,30,0.4000000,0.6000000,0.0000000,0.1116035,-0.1719308,0.1769283,includes_zero,True,10000,5
MPI-ESM1-2-LR,r2i1p1f1,gn,original_box,pr_mean,mm/day,ANN,G6sulfur - SSP5-8.5,-0.0968947,-0.0226198,0.4153375,0.0758299,-0.2332915,-1.0890738,0.8194149,30,0.4666667,0.5333333,0.0000000,-0.0948633,-0.2072775,0.0082856,includes_zero,True,10000,5
MPI-ESM1-2-LR,r2i1p1f1,gn,original_box,pr_mean,mm/day,DJF,G6solar - G6sulfur,0.2183180,0.2891617,0.8720627,0.1619380,0.2503466,-2.4990621,1.4386720,29,0.6896552,0.3103448,0.0000000,0.0555170,-0.1507760,0.5669917,includes_zero,True,10000,5
MPI-ESM1-2-LR,r2i1p1f1,gn,original_box,pr_mean,mm/day,DJF,G6solar - SSP5-8.5,-0.0712935,0.0112734,1.1004726,0.2043526,-0.0647845,-2.5032265,1.4004453,29,0.5172414,0.4827586,0.0000000,0.1767627,-0.4812431,0.3901908,includes_zero,True,10000,5
MPI-ESM1-2-LR,r2i1p1f1,gn,original_box,pr_mean,mm/day,DJF,G6sulfur - SSP5-8.5,-0.2896115,-0.1699041,0.6942033,0.1289103,-0.4171854,-1.8477398,1.0072142,29,0.3793103,0.6206897,0.0000000,0.0073599,-0.5207861,-0.0616607,below_zero,False,10000,5
MPI-ESM1-2-LR,r2i1p1f1,gn,original_box,pr_mean,mm/day,JJA,G6solar - G6sulfur,-0.1035830,-0.2008810,0.6233329,0.1138045,-0.1661760,-1.1936132,1.5867324,30,0.3666667,0.6333333,0.0000000,-0.1277960,-0.2911438,0.0826768,includes_zero,True,10000,5
MPI-ESM1-2-LR,r2i1p1f1,gn,original_box,pr_mean,mm/day,JJA,G6solar - SSP5-8.5,0.1168748,0.0686607,0.5937276,0.1083993,0.1968491,-1.0317253,1.6032848,30,0.6000000,0.4000000,0.0000000,0.0726595,-0.0736249,0.3083906,includes_zero,True,10000,5
MPI-ESM1-2-LR,r2i1p1f1,gn,original_box,pr_mean,mm/day,JJA,G6sulfur - SSP5-8.5,0.2204577,0.3809417,0.6202015,0.1132328,0.3554615,-1.6284394,1.0295149,30,0.6666667,0.3333333,0.0000000,-0.0602838,0.0160172,0.4148838,above_zero,False,10000,5
MPI-ESM1-2-LR,r2i1p1f1,gn,original_box,pr_mean,mm/day,MAM,G6solar - G6sulfur,0.1344332,0.2255091,0.6390249,0.1166694,0.2103724,-1.0212973,1.3963315,30,0.5666667,0.4333333,0.0000000,0.1858807,-0.0905820,0.3376237,includes_zero,True,10000,5
MPI-ESM1-2-LR,r2i1p1f1,gn,original_box,pr_mean,mm/day,MAM,G6solar - SSP5-8.5,0.1413525,0.1488593,0.6767216,0.1235519,0.2088784,-1.6158581,1.5398547,30,0.6333333,0.3666667,0.0000000,-0.2278073,-0.0382009,0.3240981,includes_zero,True,10000,5
MPI-ESM1-2-LR,r2i1p1f1,gn,original_box,pr_mean,mm/day,MAM,G6sulfur - SSP5-8.5,0.0069193,0.0691210,0.7176411,0.1310227,0.0096418,-2.0753824,1.4774061,30,0.5333333,0.4666667,0.0000000,-0.2009733,-0.2024901,0.1906906,includes_zero,True,10000,5
MPI-ESM1-2-LR,r2i1p1f1,gn,original_box,pr_mean,mm/day,SON,G6solar - G6sulfur,0.1061172,0.1766990,0.6053241,0.1105166,0.1753064,-1.2594705,1.4760307,30,0.6000000,0.4000000,0.0000000,-0.1513016,-0.0852494,0.2959085,includes_zero,True,10000,5
MPI-ESM1-2-LR,r2i1p1f1,gn,original_box,pr_mean,mm/day,SON,G6solar - SSP5-8.5,-0.2472363,-0.2040582,0.6311887,0.1152388,-0.3916995,-1.9188119,0.8410255,30,0.4333333,0.5666667,0.0000000,0.0660118,-0.4699823,-0.0380694,below_zero,False,10000,5
MPI-ESM1-2-LR,r2i1p1f1,gn,original_box,pr_mean,mm/day,SON,G6sulfur - SSP5-8.5,-0.3533535,-0.3072582,0.8190823,0.1495433,-0.4314017,-2.2120374,1.1368899,30,0.3000000,0.7000000,0.0000000,-0.1475409,-0.6195191,-0.1087804,below_zero,False,10000,5
MPI-ESM1-2-LR,r2i1p1f1,gn,original_box,tasmax_mean,degC,ANN,G6solar - G6sulfur,-0.8101714,-0.8734639,0.6175548,0.1127496,-1.3119020,-1.9192613,0.8712421,30,0.1333333,0.8666667,0.0000000,0.5127710,-1.1448727,-0.4668244,below_zero,False,10000,5
MPI-ESM1-2-LR,r2i1p1f1,gn,original_box,tasmax_mean,degC,ANN,G6solar - SSP5-8.5,-1.7208342,-1.6855410,0.7991486,0.1459039,-2.1533344,-3.2636229,0.1785075,30,0.0333333,0.9666667,0.0000000,0.3005348,-2.0896951,-1.3443093,below_zero,False,10000,5
MPI-ESM1-2-LR,r2i1p1f1,gn,original_box,tasmax_mean,degC,ANN,G6sulfur - SSP5-8.5,-0.9106628,-0.8713274,0.7069247,0.1290662,-1.2882033,-2.2311035,0.0572810,30,0.1666667,0.8333333,0.0000000,0.3842425,-1.2585649,-0.5744910,below_zero,False,10000,5
MPI-ESM1-2-LR,r2i1p1f1,gn,original_box,tasmax_mean,degC,DJF,G6solar - G6sulfur,-1.5677184,-1.6829221,1.5866830,0.2946396,-0.9880476,-4.0542145,2.2174748,29,0.1379310,0.8620690,0.0000000,0.0609236,-2.2641697,-0.8155073,below_zero,False,10000,5
MPI-ESM1-2-LR,r2i1p1f1,gn,original_box,tasmax_mean,degC,DJF,G6solar - SSP5-8.5,-1.2129400,-1.3506989,1.5586406,0.2894323,-0.7782038,-4.0754478,2.8398657,29,0.2068966,0.7931034,0.0000000,0.0465195,-1.7410214,-0.6274305,below_zero,False,10000,5
MPI-ESM1-2-LR,r2i1p1f1,gn,original_box,tasmax_mean,degC,DJF,G6sulfur - SSP5-8.5,0.3547783,-0.0933698,1.7817707,0.3308665,0.1991156,-2.5471925,4.4497853,29,0.4827586,0.5172414,0.0000000,0.0106121,-0.3373883,1.0572645,includes_zero,True,10000,5
MPI-ESM1-2-LR,r2i1p1f1,gn,original_box,tasmax_mean,degC,JJA,G6solar - G6sulfur,-0.4018555,-0.4661112,0.5925905,0.1081917,-0.6781335,-1.3255790,0.6692877,30,0.2666667,0.7333333,0.0000000,0.2059762,-0.6605280,-0.1679062,below_zero,False,10000,5
MPI-ESM1-2-LR,r2i1p1f1,gn,original_box,tasmax_mean,degC,JJA,G6solar - SSP5-8.5,-1.9535230,-1.8058276,0.8486274,0.1549375,-2.3019797,-3.7172378,-0.8015258,30,0.0000000,1.0000000,0.0000000,0.4503828,-2.3861288,-1.5207027,below_zero,False,10000,5
MPI-ESM1-2-LR,r2i1p1f1,gn,original_box,tasmax_mean,degC,JJA,G6sulfur - SSP5-8.5,-1.5516675,-1.4892264,0.8063999,0.1472278,-1.9241912,-3.2341777,0.1308767,30,0.0333333,0.9666667,0.0000000,0.4760652,-1.9704970,-1.1595051,below_zero,False,10000,5
MPI-ESM1-2-LR,r2i1p1f1,gn,original_box,tasmax_mean,degC,MAM,G6solar - G6sulfur,-0.7632020,-0.9669741,1.1110311,0.2028456,-0.6869312,-3.1645189,1.9466389,30,0.1666667,0.8333333,0.0000000,0.3374804,-1.2907674,-0.1854991,below_zero,False,10000,5
MPI-ESM1-2-LR,r2i1p1f1,gn,original_box,tasmax_mean,degC,MAM,G6solar - SSP5-8.5,-1.8205063,-1.8724106,1.0469840,0.1911523,-1.7388100,-3.6952118,0.7307127,30,0.0333333,0.9666667,0.0000000,0.2353868,-2.2643632,-1.3748460,below_zero,False,10000,5
MPI-ESM1-2-LR,r2i1p1f1,gn,original_box,tasmax_mean,degC,MAM,G6sulfur - SSP5-8.5,-1.0573043,-1.3164584,1.2134752,0.2215492,-0.8713028,-2.8223933,1.3740278,30,0.2000000,0.8000000,0.0000000,0.1926387,-1.5759621,-0.5401686,below_zero,False,10000,5
MPI-ESM1-2-LR,r2i1p1f1,gn,original_box,tasmax_mean,degC,SON,G6solar - G6sulfur,-0.5017658,-0.4241439,0.7587130,0.1385214,-0.6613381,-2.0546799,1.0018831,30,0.2333333,0.7666667,0.0000000,-0.0109172,-0.7094716,-0.2891448,below_zero,False,10000,5
MPI-ESM1-2-LR,r2i1p1f1,gn,original_box,tasmax_mean,degC,SON,G6solar - SSP5-8.5,-1.8290661,-1.7818602,0.9140181,0.1668761,-2.0011268,-4.3265807,-0.0901165,30,0.0000000,1.0000000,0.0000000,0.0383239,-2.1312852,-1.5235593,below_zero,False,10000,5
MPI-ESM1-2-LR,r2i1p1f1,gn,original_box,tasmax_mean,degC,SON,G6sulfur - SSP5-8.5,-1.3273003,-1.3818865,0.9072983,0.1656492,-1.4629150,-3.2821810,0.9761096,30,0.0666667,0.9333333,0.0000000,0.1639048,-1.6191916,-0.9808557,below_zero,False,10000,5
MPI-ESM1-2-LR,r2i1p1f1,gn,southeast_land,pr_mean,mm/day,ANN,G6solar - G6sulfur,0.0615381,0.0714925,0.4531054,0.0827254,0.1358140,-0.9209572,1.2612741,30,0.6333333,0.3666667,0.0000000,0.2480080,-0.1195803,0.2318322,includes_zero,True,10000,5
MPI-ESM1-2-LR,r2i1p1f1,gn,southeast_land,pr_mean,mm/day,ANN,G6solar - SSP5-8.5,-0.0054285,0.0838899,0.5724400,0.1045128,-0.0094831,-1.0822505,0.9837874,30,0.5333333,0.4666667,0.0000000,0.1046119,-0.1952034,0.1945499,includes_zero,True,10000,5
MPI-ESM1-2-LR,r2i1p1f1,gn,southeast_land,pr_mean,mm/day,ANN,G6sulfur - SSP5-8.5,-0.0669666,-0.0508327,0.4675325,0.0853594,-0.1432340,-1.0252475,1.1376739,30,0.4000000,0.6000000,0.0000000,-0.1037433,-0.1692462,0.0344509,includes_zero,True,10000,5
MPI-ESM1-2-LR,r2i1p1f1,gn,southeast_land,pr_mean,mm/day,DJF,G6solar - G6sulfur,0.1279113,0.2720064,1.0424340,0.1935751,0.1227045,-2.7956377,1.7414672,29,0.5862069,0.4137931,0.0000000,0.1580455,-0.3268942,0.5697121,includes_zero,True,10000,5
MPI-ESM1-2-LR,r2i1p1f1,gn,southeast_land,pr_mean,mm/day,DJF,G6solar - SSP5-8.5,-0.0203118,-0.0228865,1.2121783,0.2250959,-0.0167564,-2.3593912,2.0250030,29,0.4827586,0.5172414,0.0000000,0.1991830,-0.4568310,0.4945677,includes_zero,True,10000,5
MPI-ESM1-2-LR,r2i1p1f1,gn,southeast_land,pr_mean,mm/day,DJF,G6sulfur - SSP5-8.5,-0.1482231,-0.0934194,0.8037140,0.1492459,-0.1844227,-2.1389926,1.5071353,29,0.4827586,0.5172414,0.0000000,-0.0968135,-0.3477971,0.0712876,includes_zero,True,10000,5
MPI-ESM1-2-LR,r2i1p1f1,gn,southeast_land,pr_mean,mm/day,JJA,G6solar - G6sulfur,-0.1402030,-0.2470865,0.7725705,0.1410514,-0.1814760,-1.4906182,1.9368502,30,0.3333333,0.6666667,0.0000000,-0.0044579,-0.3919994,0.0856158,includes_zero,True,10000,5
MPI-ESM1-2-LR,r2i1p1f1,gn,southeast_land,pr_mean,mm/day,JJA,G6solar - SSP5-8.5,0.0822962,0.0346261,0.7668047,0.1399987,0.1073236,-1.3744277,1.4964622,30,0.5666667,0.4333333,0.0000000,0.1836424,-0.1582084,0.3228513,includes_zero,True,10000,5
MPI-ESM1-2-LR,r2i1p1f1,gn,southeast_land,pr_mean,mm/day,JJA,G6sulfur - SSP5-8.5,0.2224993,0.4303481,0.6953712,0.1269568,0.3199719,-1.2057746,1.1177727,30,0.6333333,0.3666667,0.0000000,0.2034269,-0.0355349,0.4680177,includes_zero,True,10000,5
MPI-ESM1-2-LR,r2i1p1f1,gn,southeast_land,pr_mean,mm/day,MAM,G6solar - G6sulfur,0.1015489,0.2190668,0.9079719,0.1657722,0.1118414,-1.4846408,1.7919391,30,0.5333333,0.4666667,0.0000000,0.0026347,-0.1810403,0.3668045,includes_zero,True,10000,5
MPI-ESM1-2-LR,r2i1p1f1,gn,southeast_land,pr_mean,mm/day,MAM,G6solar - SSP5-8.5,0.1121225,0.3118810,0.9713476,0.1773430,0.1154299,-2.7596336,2.0194819,30,0.6333333,0.3666667,0.0000000,-0.1503084,-0.1607947,0.3794447,includes_zero,True,10000,5
MPI-ESM1-2-LR,r2i1p1f1,gn,southeast_land,pr_mean,mm/day,MAM,G6sulfur - SSP5-8.5,0.0105737,-0.0497045,0.8061321,0.1471789,0.0131165,-2.1610996,1.7676511,30,0.4666667,0.5333333,0.0000000,-0.3596199,-0.1574834,0.1779041,includes_zero,True,10000,5
MPI-ESM1-2-LR,r2i1p1f1,gn,southeast_land,pr_mean,mm/day,SON,G6solar - G6sulfur,0.1525097,0.1402714,0.5381421,0.0982509,0.2834003,-0.9536109,1.6334259,30,0.5666667,0.4333333,0.0000000,0.1347000,-0.0149055,0.3183819,includes_zero,True,10000,5
MPI-ESM1-2-LR,r2i1p1f1,gn,southeast_land,pr_mean,mm/day,SON,G6solar - SSP5-8.5,-0.2230363,-0.2750123,0.5524964,0.1008716,-0.4036882,-1.0552169,0.7576729,30,0.4333333,0.5666667,0.0000000,-0.0607725,-0.4045906,-0.0664677,below_zero,False,10000,5
MPI-ESM1-2-LR,r2i1p1f1,gn,southeast_land,pr_mean,mm/day,SON,G6sulfur - SSP5-8.5,-0.3755460,-0.3813255,0.6657610,0.1215508,-0.5640853,-1.8634214,0.7264124,30,0.2666667,0.7333333,0.0000000,-0.2855190,-0.5386487,-0.2289974,below_zero,False,10000,5
MPI-ESM1-2-LR,r2i1p1f1,gn,southeast_land,tasmax_mean,degC,ANN,G6solar - G6sulfur,-1.0142485,-1.1336546,0.9329569,0.1703338,-1.0871333,-2.5687754,1.7087624,30,0.1666667,0.8333333,0.0000000,0.4694609,-1.4947207,-0.5073070,below_zero,False,10000,5
MPI-ESM1-2-LR,r2i1p1f1,gn,southeast_land,tasmax_mean,degC,ANN,G6solar - SSP5-8.5,-1.8727470,-1.9397116,1.2125364,0.2213778,-1.5444873,-4.1069853,0.6452912,30,0.0666667,0.9333333,0.0000000,0.2439592,-2.3982621,-1.3581406,below_zero,False,10000,5
MPI-ESM1-2-LR,r2i1p1f1,gn,southeast_land,tasmax_mean,degC,ANN,G6sulfur - SSP5-8.5,-0.8584985,-0.8980482,0.9871958,0.1802365,-0.8696334,-2.6477353,0.8622389,30,0.2333333,0.7666667,0.0000000,0.2936672,-1.2699288,-0.4779848,below_zero,False,10000,5
MPI-ESM1-2-LR,r2i1p1f1,gn,southeast_land,tasmax_mean,degC,DJF,G6solar - G6sulfur,-2.0680229,-2.0417481,2.3886522,0.4435616,-0.8657698,-5.9521837,4.1835101,29,0.1724138,0.8275862,0.0000000,0.0952284,-3.1703600,-0.8674886,below_zero,False,10000,5
MPI-ESM1-2-LR,r2i1p1f1,gn,southeast_land,tasmax_mean,degC,DJF,G6solar - SSP5-8.5,-1.1616654,-1.0844022,2.3137943,0.4296608,-0.5020608,-5.2558117,4.4759544,29,0.3103448,0.6896552,0.0000000,0.1048557,-2.0091152,-0.2449703,below_zero,False,10000,5
MPI-ESM1-2-LR,r2i1p1f1,gn,southeast_land,tasmax_mean,degC,DJF,G6sulfur - SSP5-8.5,0.9063576,0.4160301,2.4245570,0.4502289,0.3738240,-3.2059727,6.5177025,29,0.6206897,0.3793103,0.0000000,0.0490550,-0.0131458,1.8647622,includes_zero,True,10000,5
MPI-ESM1-2-LR,r2i1p1f1,gn,southeast_land,tasmax_mean,degC,JJA,G6solar - G6sulfur,-0.4470221,-0.5203220,0.9161244,0.1672607,-0.4879491,-1.7679081,1.5051391,30,0.3333333,0.6666667,0.0000000,0.1337923,-0.8152638,-0.0951591,below_zero,False,10000,5
MPI-ESM1-2-LR,r2i1p1f1,gn,southeast_land,tasmax_mean,degC,JJA,G6solar - SSP5-8.5,-2.1826428,-1.9480219,1.2667046,0.2312676,-1.7230874,-4.7943937,-0.3025858,30,0.0000000,1.0000000,0.0000000,0.3160985,-2.7704201,-1.6113173,below_zero,False,10000,5
MPI-ESM1-2-LR,r2i1p1f1,gn,southeast_land,tasmax_mean,degC,JJA,G6sulfur - SSP5-8.5,-1.7356208,-1.4733856,1.1793678,0.2153221,-1.4716535,-4.1229429,0.8407378,30,0.0333333,0.9666667,0.0000000,0.3000906,-2.2848308,-1.2064027,below_zero,False,10000,5
MPI-ESM1-2-LR,r2i1p1f1,gn,southeast_land,tasmax_mean,degC,MAM,G6solar - G6sulfur,-0.8777134,-1.1467780,1.6134796,0.2945797,-0.5439879,-4.4894740,3.0720003,30,0.2333333,0.7666667,0.0000000,0.2742727,-1.5863867,-0.1145460,below_zero,False,10000,5
MPI-ESM1-2-LR,r2i1p1f1,gn,southeast_land,tasmax_mean,degC,MAM,G6solar - SSP5-8.5,-2.0876990,-2.4608830,1.5666403,0.2860281,-1.3325962,-4.5234119,1.1900439,30,0.1333333,0.8666667,0.0000000,0.1785897,-2.6927636,-1.4823943,below_zero,False,10000,5
MPI-ESM1-2-LR,r2i1p1f1,gn,southeast_land,tasmax_mean,degC,MAM,G6sulfur - SSP5-8.5,-1.2099857,-1.5110049,1.8070843,0.3299269,-0.6695790,-3.8729246,2.3330753,30,0.2333333,0.7666667,0.0000000,0.1043561,-1.8680783,-0.5464350,below_zero,False,10000,5
MPI-ESM1-2-LR,r2i1p1f1,gn,southeast_land,tasmax_mean,degC,SON,G6solar - G6sulfur,-0.6550737,-0.6015550,1.1389623,0.2079451,-0.5751496,-3.2145671,1.4826894,30,0.2333333,0.7666667,0.0000000,-0.0173335,-0.9884071,-0.3286621,below_zero,False,10000,5
MPI-ESM1-2-LR,r2i1p1f1,gn,southeast_land,tasmax_mean,degC,SON,G6solar - SSP5-8.5,-1.9492049,-1.8146552,1.3481633,0.2461398,-1.4458225,-5.6534257,0.8404816,30,0.1333333,0.8666667,0.0000000,-0.0754914,-2.3283660,-1.5869280,below_zero,False,10000,5
MPI-ESM1-2-LR,r2i1p1f1,gn,southeast_land,tasmax_mean,degC,SON,G6sulfur - SSP5-8.5,-1.2941312,-1.4067445,1.2916741,0.2358264,-1.0019022,-4.1641433,1.7314794,30,0.1000000,0.9000000,0.0000000,0.0034134,-1.6618707,-0.9017071,below_zero,False,10000,5
UKESM1-0-LL,r1i1p1f2,gn,gulf_coast,pr_mean,mm/day,ANN,G6solar - G6sulfur,0.0114550,0.0623663,0.5341239,0.0975172,0.0214463,-0.9553206,1.3857193,30,0.5000000,0.5000000,0.0000000,-0.0883295,-0.1457836,0.1769698,includes_zero,True,10000,5
UKESM1-0-LL,r1i1p1f2,gn,gulf_coast,pr_mean,mm/day,ANN,G6solar - SSP5-8.5,-0.1549395,-0.1498203,0.6362272,0.1161587,-0.2435285,-1.1932634,1.4513896,30,0.3000000,0.7000000,0.0000000,-0.0120732,-0.3448182,0.0109307,includes_zero,True,10000,5
UKESM1-0-LL,r1i1p1f2,gn,gulf_coast,pr_mean,mm/day,ANN,G6sulfur - SSP5-8.5,-0.1663945,-0.1811895,0.5817308,0.1062090,-0.2860334,-1.4786189,1.1502816,30,0.3666667,0.6333333,0.0000000,0.2357580,-0.3971798,0.0560493,includes_zero,True,10000,5
UKESM1-0-LL,r1i1p1f2,gn,gulf_coast,pr_mean,mm/day,DJF,G6solar - G6sulfur,0.0238794,0.1531584,0.9860958,0.1831134,0.0242161,-1.8521873,2.6005077,29,0.5172414,0.4827586,0.0000000,-0.1992494,-0.2791734,0.3794537,includes_zero,True,10000,5
UKESM1-0-LL,r1i1p1f2,gn,gulf_coast,pr_mean,mm/day,DJF,G6solar - SSP5-8.5,-0.2544253,-0.3598594,0.9449810,0.1754786,-0.2692385,-2.3608655,1.3582395,29,0.3448276,0.6551724,0.0000000,-0.3409883,-0.4941798,-0.0284349,below_zero,False,10000,5
UKESM1-0-LL,r1i1p1f2,gn,gulf_coast,pr_mean,mm/day,DJF,G6sulfur - SSP5-8.5,-0.2783047,-0.3775418,0.9456582,0.1756043,-0.2942973,-1.5687254,2.4255858,29,0.4137931,0.5862069,0.0000000,-0.0389425,-0.6660909,0.0475259,includes_zero,True,10000,5
UKESM1-0-LL,r1i1p1f2,gn,gulf_coast,pr_mean,mm/day,JJA,G6solar - G6sulfur,-0.0329766,0.0840961,1.0276627,0.1876247,-0.0320889,-2.8587008,1.5970503,30,0.5333333,0.4666667,0.0000000,0.0973442,-0.3838446,0.2715529,includes_zero,True,10000,5
UKESM1-0-LL,r1i1p1f2,gn,gulf_coast,pr_mean,mm/day,JJA,G6solar - SSP5-8.5,0.3193909,0.4941956,1.0733567,0.1959672,0.2975627,-2.3392521,2.0633772,30,0.6333333,0.3666667,0.0000000,-0.0352244,-0.0896687,0.7055848,includes_zero,True,10000,5
UKESM1-0-LL,r1i1p1f2,gn,gulf_coast,pr_mean,mm/day,JJA,G6sulfur - SSP5-8.5,0.3523675,0.4474193,1.2758919,0.2329449,0.2761735,-2.1274788,3.5585173,30,0.5666667,0.4333333,0.0000000,-0.1400803,0.0328577,0.7606949,above_zero,False,10000,5
UKESM1-0-LL,r1i1p1f2,gn,gulf_coast,pr_mean,mm/day,MAM,G6solar - G6sulfur,-0.1985299,-0.1648073,1.3467853,0.2458882,-0.1474102,-3.1629304,2.4490650,30,0.4666667,0.5333333,0.0000000,0.2715917,-0.7652624,0.3435611,includes_zero,True,10000,5
UKESM1-0-LL,r1i1p1f2,gn,gulf_coast,pr_mean,mm/day,MAM,G6solar - SSP5-8.5,-0.2429997,-0.3955255,1.4693521,0.2682658,-0.1653788,-2.4123477,2.9984976,30,0.3333333,0.6666667,0.0000000,0.1371148,-0.6614182,0.2060149,includes_zero,True,10000,5
UKESM1-0-LL,r1i1p1f2,gn,gulf_coast,pr_mean,mm/day,MAM,G6sulfur - SSP5-8.5,-0.0444698,-0.0356962,1.5900198,0.2902966,-0.0279681,-2.7610469,5.0081274,30,0.5000000,0.5000000,0.0000000,0.3401970,-0.6347886,0.6282102,includes_zero,True,10000,5
UKESM1-0-LL,r1i1p1f2,gn,gulf_coast,pr_mean,mm/day,SON,G6solar - G6sulfur,0.2401829,0.4265361,0.9629156,0.1758035,0.2494330,-1.5227903,2.3743070,30,0.6333333,0.3666667,0.0000000,-0.1188498,-0.0815306,0.5550102,includes_zero,True,10000,5
UKESM1-0-LL,r1i1p1f2,gn,gulf_coast,pr_mean,mm/day,SON,G6solar - SSP5-8.5,-0.4340194,-0.2258180,1.2748972,0.2327633,-0.3404348,-2.7119812,1.8714319,30,0.4333333,0.5666667,0.0000000,-0.1054811,-0.7533995,-0.0954194,below_zero,False,10000,5
UKESM1-0-LL,r1i1p1f2,gn,gulf_coast,pr_mean,mm/day,SON,G6sulfur - SSP5-8.5,-0.6742023,-0.4747252,1.1882157,0.2169375,-0.5674073,-3.3309344,1.3632790,30,0.3333333,0.6666667,0.0000000,-0.0764494,-0.9650804,-0.3500423,below_zero,False,10000,5
UKESM1-0-LL,r1i1p1f2,gn,gulf_coast,tasmax_mean,degC,ANN,G6solar - G6sulfur,-0.1198797,-0.1361644,0.6169629,0.1126415,-0.1943062,-1.2304574,1.5869711,30,0.4000000,0.6000000,0.0000000,0.2085745,-0.3306578,0.0870646,includes_zero,True,10000,5
UKESM1-0-LL,r1i1p1f2,gn,gulf_coast,tasmax_mean,degC,ANN,G6solar - SSP5-8.5,-2.6224196,-2.3736022,1.1564181,0.2111321,-2.2677089,-4.5169246,-0.4183467,30,0.0000000,1.0000000,0.0000000,0.2552703,-3.0932159,-2.1706483,below_zero,False,10000,5
UKESM1-0-LL,r1i1p1f2,gn,gulf_coast,tasmax_mean,degC,ANN,G6sulfur - SSP5-8.5,-2.5025399,-2.5180833,1.1118726,0.2029992,-2.2507434,-4.5355951,-0.4680268,30,0.0000000,1.0000000,0.0000000,0.2297836,-3.0053073,-2.0547076,below_zero,False,10000,5
UKESM1-0-LL,r1i1p1f2,gn,gulf_coast,tasmax_mean,degC,DJF,G6solar - G6sulfur,-0.1871717,0.1165332,1.9043975,0.3536377,-0.0982840,-3.3251054,4.2861341,29,0.5172414,0.4827586,0.0000000,0.1592377,-0.8805493,0.5254190,includes_zero,True,10000,5
UKESM1-0-LL,r1i1p1f2,gn,gulf_coast,tasmax_mean,degC,DJF,G6solar - SSP5-8.5,-2.2131093,-2.1546890,1.6995094,0.3155910,-1.3022048,-5.3720632,1.3070448,29,0.1034483,0.8965517,0.0000000,-0.0389663,-2.7732855,-1.6685108,below_zero,False,10000,5
UKESM1-0-LL,r1i1p1f2,gn,gulf_coast,tasmax_mean,degC,DJF,G6sulfur - SSP5-8.5,-2.0259376,-1.6960200,1.9320063,0.3587646,-1.0486185,-7.1618641,1.1446773,29,0.1379310,0.8620690,0.0000000,-0.1731318,-2.6703620,-1.3737635,below_zero,False,10000,5
UKESM1-0-LL,r1i1p1f2,gn,gulf_coast,tasmax_mean,degC,JJA,G6solar - G6sulfur,-0.2000043,-0.4618796,1.0969854,0.2002812,-0.1823218,-2.0153106,2.8649072,30,0.4000000,0.6000000,0.0000000,-0.0657298,-0.5306263,0.1540940,includes_zero,True,10000,5
UKESM1-0-LL,r1i1p1f2,gn,gulf_coast,tasmax_mean,degC,JJA,G6solar - SSP5-8.5,-3.1297090,-3.3560194,1.3756163,0.2511520,-2.2751323,-5.6561119,-0.4631775,30,0.0000000,1.0000000,0.0000000,0.0109087,-3.6987011,-2.5280771,below_zero,False,10000,5
UKESM1-0-LL,r1i1p1f2,gn,gulf_coast,tasmax_mean,degC,JJA,G6sulfur - SSP5-8.5,-2.9297047,-2.9841176,1.4423859,0.2633424,-2.0311518,-6.1459686,-0.0471500,30,0.0000000,1.0000000,0.0000000,0.3304907,-3.6528627,-2.1624028,below_zero,False,10000,5
UKESM1-0-LL,r1i1p1f2,gn,gulf_coast,tasmax_mean,degC,MAM,G6solar - G6sulfur,0.1566766,-0.0198579,1.4650130,0.2674736,0.1069456,-3.1542712,2.7703210,30,0.5000000,0.5000000,0.0000000,0.1290709,-0.2810796,0.5942481,includes_zero,True,10000,5
UKESM1-0-LL,r1i1p1f2,gn,gulf_coast,tasmax_mean,degC,MAM,G6solar - SSP5-8.5,-2.3637105,-2.2392698,1.8847739,0.3441111,-1.2541082,-5.9540131,1.5557177,30,0.1333333,0.8666667,0.0000000,0.1687485,-2.9774288,-1.7496626,below_zero,False,10000,5
UKESM1-0-LL,r1i1p1f2,gn,gulf_coast,tasmax_mean,degC,MAM,G6sulfur - SSP5-8.5,-2.5203871,-2.3661468,1.8527831,0.3382704,-1.3603250,-7.0498936,1.8723279,30,0.0666667,0.9333333,0.0000000,0.0484364,-3.1653560,-1.9791621,below_zero,False,10000,5
UKESM1-0-LL,r1i1p1f2,gn,gulf_coast,tasmax_mean,degC,SON,G6solar - G6sulfur,-0.3084963,-0.2905078,1.1359879,0.2074021,-0.2715666,-2.1655526,2.6046830,30,0.3333333,0.6666667,0.0000000,0.1773935,-0.6760806,0.0766056,includes_zero,True,10000,5
UKESM1-0-LL,r1i1p1f2,gn,gulf_coast,tasmax_mean,degC,SON,G6solar - SSP5-8.5,-2.8847251,-2.9109398,1.2202586,0.2227877,-2.3640276,-5.5250687,-0.6054395,30,0.0000000,1.0000000,0.0000000,0.1064281,-3.4289624,-2.3804490,below_zero,False,10000,5
UKESM1-0-LL,r1i1p1f2,gn,gulf_coast,tasmax_mean,degC,SON,G6sulfur - SSP5-8.5,-2.5762287,-2.6002122,1.4708192,0.2685336,-1.7515605,-6.5192450,0.0429537,30,0.0333333,0.9666667,0.0000000,0.4311063,-3.2428249,-1.9059048,below_zero,False,10000,5
UKESM1-0-LL,r1i1p1f2,gn,original_box,pr_mean,mm/day,ANN,G6solar - G6sulfur,0.0078412,-0.1169893,0.4151801,0.0758012,0.0188864,-0.8492522,0.8900247,30,0.4666667,0.5333333,0.0000000,-0.2107866,-0.1121118,0.1475638,includes_zero,True,10000,5
UKESM1-0-LL,r1i1p1f2,gn,original_box,pr_mean,mm/day,ANN,G6solar - SSP5-8.5,-0.0531098,-0.2109279,0.4621132,0.0843699,-0.1149282,-0.8841960,0.7814421,30,0.4333333,0.5666667,0.0000000,0.0592067,-0.2192423,0.1078621,includes_zero,True,10000,5
UKESM1-0-LL,r1i1p1f2,gn,original_box,pr_mean,mm/day,ANN,G6sulfur - SSP5-8.5,-0.0609511,-0.0208637,0.5498606,0.1003904,-0.1108482,-1.3141947,1.1287044,30,0.4666667,0.5333333,0.0000000,-0.0449988,-0.2668934,0.1327200,includes_zero,True,10000,5
UKESM1-0-LL,r1i1p1f2,gn,original_box,pr_mean,mm/day,DJF,G6solar - G6sulfur,-0.0288991,0.1564866,0.9535761,0.1770746,-0.0303061,-2.7812953,1.3806784,29,0.5517241,0.4482759,0.0000000,-0.1902843,-0.3125821,0.2215752,includes_zero,True,10000,5
UKESM1-0-LL,r1i1p1f2,gn,original_box,pr_mean,mm/day,DJF,G6solar - SSP5-8.5,-0.1251321,-0.1279205,0.7233191,0.1343170,-0.1729971,-2.0909959,0.9169701,29,0.4482759,0.5517241,0.0000000,-0.0426980,-0.3583048,0.0811006,includes_zero,True,10000,5
UKESM1-0-LL,r1i1p1f2,gn,original_box,pr_mean,mm/day,DJF,G6sulfur - SSP5-8.5,-0.0962330,-0.1319712,0.8103859,0.1504849,-0.1187496,-1.5505915,3.0532571,29,0.4137931,0.5862069,0.0000000,-0.2505757,-0.2959761,0.1530560,includes_zero,True,10000,5
UKESM1-0-LL,r1i1p1f2,gn,original_box,pr_mean,mm/day,JJA,G6solar - G6sulfur,0.1382297,0.2639764,0.7107434,0.1297634,0.1944861,-1.4514053,1.3264483,30,0.5666667,0.4333333,0.0000000,-0.0170197,-0.1461360,0.3686523,includes_zero,True,10000,5
UKESM1-0-LL,r1i1p1f2,gn,original_box,pr_mean,mm/day,JJA,G6solar - SSP5-8.5,0.3665669,0.3955185,0.8862443,0.1618053,0.4136183,-1.6366210,1.9888454,30,0.6666667,0.3333333,0.0000000,-0.0062549,0.0066639,0.6872727,above_zero,False,10000,5
UKESM1-0-LL,r1i1p1f2,gn,original_box,pr_mean,mm/day,JJA,G6sulfur - SSP5-8.5,0.2283372,0.1617560,0.9283487,0.1694925,0.2459605,-1.3642156,2.1701641,30,0.5333333,0.4666667,0.0000000,-0.3721632,-0.0103361,0.4920877,includes_zero,True,10000,5
UKESM1-0-LL,r1i1p1f2,gn,original_box,pr_mean,mm/day,MAM,G6solar - G6sulfur,-0.2719453,-0.0238770,0.9148301,0.1670244,-0.2972632,-2.1540511,1.0407448,30,0.5000000,0.5000000,0.0000000,0.3149760,-0.6840250,0.1167006,includes_zero,True,10000,5
UKESM1-0-LL,r1i1p1f2,gn,original_box,pr_mean,mm/day,MAM,G6solar - SSP5-8.5,-0.2687019,-0.3096698,0.8767449,0.1600710,-0.3064767,-1.9444537,1.6426557,30,0.3000000,0.7000000,0.0000000,0.1717057,-0.5475851,0.0544885,includes_zero,True,10000,5
UKESM1-0-LL,r1i1p1f2,gn,original_box,pr_mean,mm/day,MAM,G6sulfur - SSP5-8.5,0.0032434,-0.1739977,1.0942454,0.1997810,0.0029641,-1.9351989,3.3654014,30,0.4666667,0.5333333,0.0000000,0.4008583,-0.4553506,0.4884222,includes_zero,True,10000,5
UKESM1-0-LL,r1i1p1f2,gn,original_box,pr_mean,mm/day,SON,G6solar - G6sulfur,0.1897363,0.3267584,0.7732926,0.1411833,0.2453615,-1.1195514,1.7054179,30,0.6333333,0.3666667,0.0000000,-0.0434317,-0.1085109,0.5211582,includes_zero,True,10000,5
UKESM1-0-LL,r1i1p1f2,gn,original_box,pr_mean,mm/day,SON,G6solar - SSP5-8.5,-0.1700119,-0.0448461,0.8036773,0.1467307,-0.2115425,-1.3438585,1.4336864,30,0.4333333,0.5666667,0.0000000,-0.2374505,-0.4015655,0.0565977,includes_zero,True,10000,5
UKESM1-0-LL,r1i1p1f2,gn,original_box,pr_mean,mm/day,SON,G6sulfur - SSP5-8.5,-0.3597482,-0.2613156,0.8132612,0.1484805,-0.4423526,-1.7892312,1.2090675,30,0.3333333,0.6666667,0.0000000,-0.1146912,-0.6061025,-0.1171730,below_zero,False,10000,5
UKESM1-0-LL,r1i1p1f2,gn,original_box,tasmax_mean,degC,ANN,G6solar - G6sulfur,-0.1530735,-0.1485217,0.4651467,0.0849238,-0.3290865,-1.1282881,0.8330385,30,0.3000000,0.7000000,0.0000000,0.1739433,-0.3292228,0.0031530,includes_zero,True,10000,5
UKESM1-0-LL,r1i1p1f2,gn,original_box,tasmax_mean,degC,ANN,G6solar - SSP5-8.5,-2.4222977,-2.3694734,0.9062248,0.1654533,-2.6729546,-4.0210537,-0.5757727,30,0.0000000,1.0000000,0.0000000,0.3616161,-2.8341246,-2.0513184,below_zero,False,10000,5
UKESM1-0-LL,r1i1p1f2,gn,original_box,tasmax_mean,degC,ANN,G6sulfur - SSP5-8.5,-2.2692242,-2.1719528,0.8362648,0.1526804,-2.7135235,-3.7155093,-0.4761573,30,0.0000000,1.0000000,0.0000000,0.2053127,-2.6485790,-1.9559097,below_zero,False,10000,5
UKESM1-0-LL,r1i1p1f2,gn,original_box,tasmax_mean,degC,DJF,G6solar - G6sulfur,-0.2813787,-0.1404452,1.3514577,0.2509594,-0.2082038,-2.5385520,2.4992684,29,0.4137931,0.5862069,0.0000000,0.1152042,-0.7586862,0.2055734,includes_zero,True,10000,5
UKESM1-0-LL,r1i1p1f2,gn,original_box,tasmax_mean,degC,DJF,G6solar - SSP5-8.5,-2.0971711,-1.9039216,1.3571191,0.2520107,-1.5453110,-4.5486103,0.1386509,29,0.0689655,0.9310345,0.0000000,-0.0137575,-2.5435191,-1.6646828,below_zero,False,10000,5
UKESM1-0-LL,r1i1p1f2,gn,original_box,tasmax_mean,degC,DJF,G6sulfur - SSP5-8.5,-1.8157925,-1.5556895,1.4042709,0.2607666,-1.2930500,-5.1799656,0.6938587,29,0.1034483,0.8965517,0.0000000,-0.1234164,-2.3105037,-1.2847105,below_zero,False,10000,5
UKESM1-0-LL,r1i1p1f2,gn,original_box,tasmax_mean,degC,JJA,G6solar - G6sulfur,-0.1877699,-0.1983127,0.6734607,0.1229565,-0.2788134,-1.4514153,1.4999735,30,0.4000000,0.6000000,0.0000000,-0.3173203,-0.3148967,-0.0479461,below_zero,False,10000,5
UKESM1-0-LL,r1i1p1f2,gn,original_box,tasmax_mean,degC,JJA,G6solar - SSP5-8.5,-2.7507253,-2.7929996,1.0373714,0.1893972,-2.6516300,-4.6027129,-0.7277917,30,0.0000000,1.0000000,0.0000000,0.1663289,-3.2213489,-2.2346819,below_zero,False,10000,5
UKESM1-0-LL,r1i1p1f2,gn,original_box,tasmax_mean,degC,JJA,G6sulfur - SSP5-8.5,-2.5629554,-2.7047769,1.0057736,0.1836283,-2.5482427,-4.3494800,-0.3460100,30,0.0000000,1.0000000,0.0000000,0.2692509,-3.0577449,-2.0232404,below_zero,False,10000,5
UKESM1-0-LL,r1i1p1f2,gn,original_box,tasmax_mean,degC,MAM,G6solar - G6sulfur,0.0574168,-0.0200353,1.2310272,0.2247538,0.0466414,-2.3402391,2.6934573,30,0.4666667,0.5333333,0.0000000,0.1438446,-0.3481757,0.4690412,includes_zero,True,10000,5
UKESM1-0-LL,r1i1p1f2,gn,original_box,tasmax_mean,degC,MAM,G6solar - SSP5-8.5,-2.1960271,-2.1242095,1.4372424,0.2624034,-1.5279449,-4.8293477,0.7134826,30,0.0333333,0.9666667,0.0000000,0.1828387,-2.6916842,-1.6888476,below_zero,False,10000,5
UKESM1-0-LL,r1i1p1f2,gn,original_box,tasmax_mean,degC,MAM,G6sulfur - SSP5-8.5,-2.2534440,-2.0732770,1.4863151,0.2713628,-1.5161281,-5.9914339,1.5562769,30,0.0666667,0.9333333,0.0000000,0.0681734,-2.7764208,-1.8100124,below_zero,False,10000,5
UKESM1-0-LL,r1i1p1f2,gn,original_box,tasmax_mean,degC,SON,G6solar - G6sulfur,-0.2737959,-0.4911081,0.7838376,0.1431085,-0.3493018,-1.3645070,1.7330141,30,0.3000000,0.7000000,0.0000000,0.1255047,-0.4995541,-0.0121646,below_zero,False,10000,5
UKESM1-0-LL,r1i1p1f2,gn,original_box,tasmax_mean,degC,SON,G6solar - SSP5-8.5,-2.7533939,-2.6818136,0.8989411,0.1641234,-3.0629304,-4.8039322,-1.3249208,30,0.0000000,1.0000000,0.0000000,0.2890007,-3.2461577,-2.3198111,below_zero,False,10000,5
UKESM1-0-LL,r1i1p1f2,gn,original_box,tasmax_mean,degC,SON,G6sulfur - SSP5-8.5,-2.4795980,-2.6078035,1.0093080,0.1842736,-2.4567308,-5.2708892,-0.8011564,30,0.0000000,1.0000000,0.0000000,0.4287655,-2.9791858,-2.0286207,below_zero,False,10000,5
UKESM1-0-LL,r1i1p1f2,gn,southeast_land,pr_mean,mm/day,ANN,G6solar - G6sulfur,-0.0070711,0.0096460,0.5142144,0.0938823,-0.0137512,-0.8209722,1.1827903,30,0.5000000,0.5000000,0.0000000,-0.2845504,-0.1091303,0.1052365,includes_zero,True,10000,5
UKESM1-0-LL,r1i1p1f2,gn,southeast_land,pr_mean,mm/day,ANN,G6solar - SSP5-8.5,-0.2058459,-0.2225791,0.5387845,0.0983681,-0.3820562,-1.4078787,1.0610270,30,0.3333333,0.6666667,0.0000000,-0.1086622,-0.3791216,-0.0409158,below_zero,False,10000,5
UKESM1-0-LL,r1i1p1f2,gn,southeast_land,pr_mean,mm/day,ANN,G6sulfur - SSP5-8.5,-0.1987749,-0.2587134,0.5609038,0.1024066,-0.3543832,-1.4851403,1.0547425,30,0.3666667,0.6333333,0.0000000,0.1378448,-0.4049541,0.0083635,includes_zero,True,10000,5
UKESM1-0-LL,r1i1p1f2,gn,southeast_land,pr_mean,mm/day,DJF,G6solar - G6sulfur,-0.0127960,0.0696748,1.0818002,0.2008853,-0.0118285,-2.3657661,3.0823221,29,0.5172414,0.4827586,0.0000000,-0.0849226,-0.3636874,0.3772923,includes_zero,True,10000,5
UKESM1-0-LL,r1i1p1f2,gn,southeast_land,pr_mean,mm/day,DJF,G6solar - SSP5-8.5,-0.1963927,-0.1906213,0.9113631,0.1692359,-0.2154934,-2.0761699,2.5926084,29,0.3793103,0.6206897,0.0000000,-0.4445424,-0.3975319,-0.0204126,below_zero,False,10000,5
UKESM1-0-LL,r1i1p1f2,gn,southeast_land,pr_mean,mm/day,DJF,G6sulfur - SSP5-8.5,-0.1835967,-0.3603207,0.8490099,0.1576572,-0.2162480,-1.6825420,2.2843652,29,0.3448276,0.6551724,0.0000000,0.0605805,-0.5080215,0.1211279,includes_zero,True,10000,5
UKESM1-0-LL,r1i1p1f2,gn,southeast_land,pr_mean,mm/day,JJA,G6solar - G6sulfur,0.0098644,0.1702011,0.8889424,0.1622979,0.0110968,-1.6913319,1.4946066,30,0.6000000,0.4000000,0.0000000,0.1312314,-0.3856116,0.3395516,includes_zero,True,10000,5
UKESM1-0-LL,r1i1p1f2,gn,southeast_land,pr_mean,mm/day,JJA,G6solar - SSP5-8.5,0.1497335,0.2002317,1.1731048,0.2141787,0.1276387,-2.5764579,2.0740864,30,0.6000000,0.4000000,0.0000000,0.0323856,-0.3449624,0.6110582,includes_zero,True,10000,5
UKESM1-0-LL,r1i1p1f2,gn,southeast_land,pr_mean,mm/day,JJA,G6sulfur - SSP5-8.5,0.1398691,-0.0039715,0.9986833,0.1823338,0.1400535,-1.7604512,2.3097460,30,0.4666667,0.5333333,0.0000000,-0.3182065,-0.0899058,0.3978383,includes_zero,True,10000,5
UKESM1-0-LL,r1i1p1f2,gn,southeast_land,pr_mean,mm/day,MAM,G6solar - G6sulfur,-0.2258907,-0.0152380,1.2146822,0.2217696,-0.1859670,-2.9218227,1.4571921,30,0.5000000,0.5000000,0.0000000,0.2554993,-0.7160410,0.2253803,includes_zero,True,10000,5
UKESM1-0-LL,r1i1p1f2,gn,southeast_land,pr_mean,mm/day,MAM,G6solar - SSP5-8.5,-0.3937081,-0.5082635,1.0369753,0.1893249,-0.3796697,-2.5982501,2.1369814,30,0.2000000,0.8000000,0.0000000,0.2073102,-0.7686081,0.0366734,includes_zero,True,10000,5
UKESM1-0-LL,r1i1p1f2,gn,southeast_land,pr_mean,mm/day,MAM,G6sulfur - SSP5-8.5,-0.1678173,-0.1953663,1.4717055,0.2686954,-0.1140292,-2.9339738,4.5045798,30,0.4333333,0.5666667,0.0000000,0.3440247,-0.6835632,0.4768098,includes_zero,True,10000,5
UKESM1-0-LL,r1i1p1f2,gn,southeast_land,pr_mean,mm/day,SON,G6solar - G6sulfur,0.1798390,0.2337836,0.8176027,0.1492732,0.2199588,-1.3934246,2.0430239,30,0.6333333,0.3666667,0.0000000,-0.1574288,-0.0511824,0.4204221,includes_zero,True,10000,5
UKESM1-0-LL,r1i1p1f2,gn,southeast_land,pr_mean,mm/day,SON,G6solar - SSP5-8.5,-0.3829799,-0.2363239,1.0742938,0.1961383,-0.3564945,-2.0514883,1.5192395,30,0.4000000,0.6000000,0.0000000,-0.0506495,-0.7482811,-0.0229559,below_zero,False,10000,5
UKESM1-0-LL,r1i1p1f2,gn,southeast_land,pr_mean,mm/day,SON,G6sulfur - SSP5-8.5,-0.5628188,-0.4389748,0.9869433,0.1801904,-0.5702646,-2.7214710,1.0821692,30,0.3333333,0.6666667,0.0000000,-0.1041254,-0.8408087,-0.2430395,below_zero,False,10000,5
UKESM1-0-LL,r1i1p1f2,gn,southeast_land,tasmax_mean,degC,ANN,G6solar - G6sulfur,-0.1666342,-0.1820613,0.6543263,0.1194631,-0.2546654,-1.4092376,1.4732233,30,0.4333333,0.5666667,0.0000000,0.2169164,-0.4106595,0.0475325,includes_zero,True,10000,5
UKESM1-0-LL,r1i1p1f2,gn,southeast_land,tasmax_mean,degC,ANN,G6solar - SSP5-8.5,-2.7466080,-2.6871204,1.1819035,0.2157851,-2.3238851,-4.5324799,-0.5899056,30,0.0000000,1.0000000,0.0000000,0.1849055,-3.1858022,-2.3056047,below_zero,False,10000,5
UKESM1-0-LL,r1i1p1f2,gn,southeast_land,tasmax_mean,degC,ANN,G6sulfur - SSP5-8.5,-2.5799738,-2.5700442,1.1587005,0.2115488,-2.2266098,-4.9182819,0.1882270,30,0.0333333,0.9666667,0.0000000,0.1478453,-3.0599462,-2.1718325,below_zero,False,10000,5
UKESM1-0-LL,r1i1p1f2,gn,southeast_land,tasmax_mean,degC,DJF,G6solar - G6sulfur,-0.3043097,-0.1430267,1.8830098,0.3496661,-0.1616081,-3.2703507,3.6774269,29,0.4482759,0.5517241,0.0000000,0.2052296,-1.0100781,0.4178167,includes_zero,True,10000,5
UKESM1-0-LL,r1i1p1f2,gn,southeast_land,tasmax_mean,degC,DJF,G6solar - SSP5-8.5,-2.3309096,-2.3704933,1.7388462,0.3228956,-1.3404921,-6.0397748,0.6680801,29,0.1379310,0.8620690,0.0000000,-0.0303456,-2.8980148,-1.7805666,below_zero,False,10000,5
UKESM1-0-LL,r1i1p1f2,gn,southeast_land,tasmax_mean,degC,DJF,G6sulfur - SSP5-8.5,-2.0265999,-1.7071457,1.9461952,0.3613994,-1.0413138,-7.1574433,1.5282774,29,0.1379310,0.8620690,0.0000000,-0.1011140,-2.7241340,-1.2981448,below_zero,False,10000,5
UKESM1-0-LL,r1i1p1f2,gn,southeast_land,tasmax_mean,degC,JJA,G6solar - G6sulfur,-0.2387975,-0.3108076,1.0572327,0.1930234,-0.2258703,-2.2992878,2.3982349,30,0.4000000,0.6000000,0.0000000,-0.2964321,-0.4379139,-0.0337326,below_zero,False,10000,5
UKESM1-0-LL,r1i1p1f2,gn,southeast_land,tasmax_mean,degC,JJA,G6solar - SSP5-8.5,-3.2543850,-3.5313302,1.6372616,0.2989217,-1.9877001,-6.5191600,0.0885851,30,0.0333333,0.9666667,0.0000000,-0.0211421,-3.9221683,-2.5392300,below_zero,False,10000,5
UKESM1-0-LL,r1i1p1f2,gn,southeast_land,tasmax_mean,degC,JJA,G6sulfur - SSP5-8.5,-3.0155876,-3.2785860,1.5241056,0.2782623,-1.9785949,-5.7713613,0.1756848,30,0.0333333,0.9666667,0.0000000,0.0712492,-3.6708841,-2.3093526,below_zero,False,10000,5
UKESM1-0-LL,r1i1p1f2,gn,southeast_land,tasmax_mean,degC,MAM,G6solar - G6sulfur,0.1285180,0.1809873,1.5276839,0.2789156,0.0841261,-3.0405919,3.0235750,30,0.5333333,0.4666667,0.0000000,0.1838326,-0.3456537,0.6206351,includes_zero,True,10000,5
UKESM1-0-LL,r1i1p1f2,gn,southeast_land,tasmax_mean,degC,MAM,G6solar - SSP5-8.5,-2.4102944,-2.2314578,1.8103844,0.3305295,-1.3313716,-5.4963395,1.6128968,30,0.1000000,0.9000000,0.0000000,0.1106833,-2.9611002,-1.8460999,below_zero,False,10000,5
UKESM1-0-LL,r1i1p1f2,gn,southeast_land,tasmax_mean,degC,MAM,G6sulfur - SSP5-8.5,-2.5388124,-2.5325283,1.9658343,0.3589106,-1.2914682,-7.5083362,3.1301162,30,0.0666667,0.9333333,0.0000000,0.0661432,-3.2243220,-1.9320881,below_zero,False,10000,5
UKESM1-0-LL,r1i1p1f2,gn,southeast_land,tasmax_mean,degC,SON,G6solar - G6sulfur,-0.3259230,-0.4972866,1.2235464,0.2233880,-0.2663757,-1.8966139,2.6610921,30,0.3666667,0.6333333,0.0000000,0.1780864,-0.7181054,0.0942366,includes_zero,True,10000,5
UKESM1-0-LL,r1i1p1f2,gn,southeast_land,tasmax_mean,degC,SON,G6solar - SSP5-8.5,-3.1086866,-3.0148440,1.2331177,0.2251355,-2.5209974,-5.8008632,-0.9523180,30,0.0000000,1.0000000,0.0000000,0.0489911,-3.6847912,-2.5996324,below_zero,False,10000,5
UKESM1-0-LL,r1i1p1f2,gn,southeast_land,tasmax_mean,degC,SON,G6sulfur - SSP5-8.5,-2.7827636,-3.0202316,1.4714153,0.2686425,-1.8912156,-6.5742845,-0.2974526,30,0.0000000,1.0000000,0.0000000,0.3499150,-3.4507379,-2.1887231,below_zero,False,10000,5
